This file contains any messages produced by compilers while
running configure, to aid debugging if configure makes a mistake.

It was created by PostgreSQL configure 16.6, which was
generated by GNU Autoconf 2.69.  Invocation command line was

  $ ./configure --prefix=/home/james/csi3130_project-1/.pg16-install --without-icu

## --------- ##
## Platform. ##
## --------- ##

hostname = JamesTLaptop
uname -m = x86_64
uname -r = 6.18.33.2-microsoft-standard-WSL2
uname -s = Linux
uname -v = #1 SMP PREEMPT_DYNAMIC Thu Jun 18 21:54:43 UTC 2026

/usr/bin/uname -p = x86_64
/bin/uname -X     = unknown

/bin/arch              = x86_64
/usr/bin/arch -k       = unknown
/usr/convex/getsysinfo = unknown
/usr/bin/hostinfo      = unknown
/bin/machine           = unknown
/usr/bin/oslevel       = unknown
/bin/universe          = unknown

PATH: /home/james/.local/share/mise/installs/ruby/3.4.4/bin
PATH: /home/james/.local/bin
PATH: /home/james/bin
PATH: /home/james/.local/share/pi-node/node-v22.23.1-linux-x64/bin
PATH: /home/james/.cursor-server/bin/bf249e6efb5b097f23d7e21d7283429f0760b740/node_modules/@vscode/ripgrep/bin
PATH: /home/james/.cursor-server/bin/bf249e6efb5b097f23d7e21d7283429f0760b740/bin/remote-cli
PATH: /home/james/.local/bin
PATH: /home/james/bin
PATH: /home/james/.local/share/pi-node/node-v22.23.1-linux-x64/bin
PATH: /home/james/.nvm/versions/node/v20.20.2/bin
PATH: /home/james/.cargo/bin
PATH: /home/james/.local/bin
PATH: /home/james/.cursor-server/bin/bf249e6efb5b097f23d7e21d7283429f0760b740/bin/remote-cli
PATH: /usr/local/sbin
PATH: /usr/local/bin
PATH: /usr/sbin
PATH: /usr/bin
PATH: /sbin
PATH: /bin
PATH: /usr/games
PATH: /usr/local/games
PATH: /usr/lib/wsl/lib
PATH: /mnt/c/Program Files/Common Files/Oracle/Java/javapath
PATH: /mnt/c/WINDOWS/system32
PATH: /mnt/c/WINDOWS
PATH: /mnt/c/WINDOWS/System32/Wbem
PATH: /mnt/c/WINDOWS/System32/WindowsPowerShell/v1.0/
PATH: /mnt/c/WINDOWS/System32/OpenSSH/
PATH: /mnt/c/Program Files/usbipd-win/
PATH: /mnt/c/Program Files/dotnet/
PATH: /mnt/c/Program Files/nodejs/
PATH: /mnt/c/Program Files/Go/bin
PATH: /mnt/c/Program Files/swipl/bin
PATH: /mnt/c/Program Files/Git/cmd
PATH: /mnt/c/Program Files/Git LFS
PATH: /mnt/c/Ruby34-x64/bin
PATH: /mnt/c/Users/james/AppData/Local/Programs/Python/Python313/Scripts/
PATH: /mnt/c/Users/james/AppData/Local/Programs/Python/Python313/
PATH: /mnt/c/Users/james/AppData/Local/Programs/Python/Launcher/
PATH: /mnt/c/Users/james/.cargo/bin
PATH: /mnt/c/Program Files/MySQL/MySQL Shell 8.0/bin/
PATH: /mnt/c/Program Files/Common Files/Oracle/Java/javapath
PATH: /mnt/c/WINDOWS/system32
PATH: /mnt/c/WINDOWS
PATH: /mnt/c/WINDOWS/System32/Wbem
PATH: /mnt/c/WINDOWS/System32/WindowsPowerShell/v1.0/
PATH: /mnt/c/WINDOWS/System32/OpenSSH/
PATH: /mnt/c/Program Files/Git/cmd
PATH: /mnt/c/Program Files/usbipd-win/
PATH: /mnt/c/Program Files/dotnet/
PATH: /mnt/c/Program Files/nodejs/
PATH: /mnt/c/Program Files/Go/bin
PATH: /mnt/c/Program Files/swipl/bin
PATH: /mnt/c/Ruby34-x64/bin
PATH: /mnt/c/Users/james/AppData/Local/Programs/Python/Python313/Scripts/
PATH: /mnt/c/Users/james/AppData/Local/Programs/Python/Python313/
PATH: /mnt/c/Users/james/AppData/Local/Programs/Python/Launcher/
PATH: /mnt/c/Users/james/.cargo/bin
PATH: /mnt/c/Program Files/MySQL/MySQL Shell 8.0/bin/
PATH: /mnt/c/Program Files/Common Files/Oracle/Java/javapath
PATH: /mnt/c/WINDOWS/system32
PATH: /mnt/c/WINDOWS
PATH: /mnt/c/WINDOWS/System32/Wbem
PATH: /mnt/c/WINDOWS/System32/WindowsPowerShell/v1.0/
PATH: /mnt/c/WINDOWS/System32/OpenSSH/
PATH: /mnt/c/Program Files/Git/cmd
PATH: /mnt/c/Program Files/usbipd-win/
PATH: /mnt/c/Program Files/dotnet/
PATH: /mnt/c/Program Files/nodejs/
PATH: /mnt/c/Program Files/Go/bin
PATH: /mnt/c/Program Files/swipl/bin
PATH: /mnt/c/Users/james/AppData/Local/Packages/PythonSoftwareFoundation.Python.3.11_qbz5n2kfra8p0/LocalCache/local-packages/Python311/Scripts
PATH: /mnt/c/Users/james/.dotnet/tools
PATH: /mnt/c/Program Files/JetBrains/PyCharm 2024.3.1.1/bin
PATH: /mnt/c/Program Files/JetBrains/IntelliJ IDEA 2024.3.1.1/bin
PATH: /mnt/c/Users/james/AppData/Local/Programs/Microsoft VS Code/bin
PATH: /mnt/c/Users/james/AppData/Roaming/npm
PATH: /mnt/c/Users/james/go/bin
PATH: /mnt/c/Users/james/AppData/Local/Programs/Ollama
PATH: /mnt/c/Users/james/AppData/Local/Programs/cursor/resources/app/bin
PATH: /mnt/c/Users/james/AppData/Local/Microsoft/WindowsApps
PATH: /mnt/c/Users/james/AppData/Local/JetBrains/RustRover 2025.1.3/bin
PATH: /mnt/c/Users/james/AppData/Local/Packages/PythonSoftwareFoundation.Python.3.11_qbz5n2kfra8p0/LocalCache/local-packages/Python311/Scripts
PATH: /mnt/c/Users/james/.dotnet/tools
PATH: /mnt/c/Program Files/JetBrains/PyCharm 2024.3.1.1/bin
PATH: /mnt/c/Program Files/JetBrains/IntelliJ IDEA 2024.3.1.1/bin
PATH: /mnt/c/Users/james/AppData/Local/Programs/Microsoft VS Code/bin
PATH: /mnt/c/Users/james/AppData/Roaming/npm
PATH: /mnt/c/Users/james/go/bin
PATH: /mnt/c/Users/james/AppData/Local/Programs/Ollama
PATH: /mnt/c/Users/james/AppData/Local/Programs/cursor/resources/app/bin
PATH: /mnt/c/Users/james/AppData/Local/Microsoft/WindowsApps
PATH: /mnt/c/Users/james/AppData/Local/JetBrains/RustRover 2025.1.3/bin
PATH: /mnt/c/Users/james/AppData/Local/Microsoft/WinGet/Packages/OCaml.opam_Microsoft.Winget.Source_8wekyb3d8bbwe
PATH: /mnt/c/Users/james/AppData/Local/Programs/MiKTeX/miktex/bin/x64/
PATH: /mnt/c/Users/james/AppData/Local/Programs/Antigravity IDE/bin
PATH: /mnt/c/Users/james/AppData/Local/Programs/Devin/bin
PATH: /snap/bin
PATH: /home/james/.local/bin
PATH: /home/james/.local/bin


## ----------- ##
## Core tests. ##
## ----------- ##

configure:2885: checking build system type
configure:2899: result: x86_64-pc-linux-gnu
configure:2919: checking host system type
configure:2932: result: x86_64-pc-linux-gnu
configure:2954: checking which template to use
configure:3021: result: linux
configure:3149: checking whether NLS is wanted
configure:3181: result: no
configure:3189: checking for default port number
configure:3214: result: 5432
configure:3691: checking for block size
configure:3725: result: 8kB
configure:3792: checking for segment size
configure:3799: result: 1GB
configure:3816: checking for WAL block size
configure:3851: result: 8kB
configure:3948: checking for gcc
configure:3964: found /usr/bin/gcc
configure:3975: result: gcc
configure:4006: checking for C compiler version
configure:4015: gcc --version >&5
gcc (Ubuntu 11.4.0-1ubuntu1~22.04.3) 11.4.0
Copyright (C) 2021 Free Software Foundation, Inc.
This is free software; see the source for copying conditions.  There is NO
warranty; not even for MERCHANTABILITY or FITNESS FOR A PARTICULAR PURPOSE.

configure:4026: $? = 0
configure:4015: gcc -v >&5
Using built-in specs.
COLLECT_GCC=gcc
COLLECT_LTO_WRAPPER=/usr/lib/gcc/x86_64-linux-gnu/11/lto-wrapper
OFFLOAD_TARGET_NAMES=nvptx-none:amdgcn-amdhsa
OFFLOAD_TARGET_DEFAULT=1
Target: x86_64-linux-gnu
Configured with: ../src/configure -v --with-pkgversion='Ubuntu 11.4.0-1ubuntu1~22.04.3' --with-bugurl=file:///usr/share/doc/gcc-11/README.Bugs --enable-languages=c,ada,c++,go,brig,d,fortran,objc,obj-c++,m2 --prefix=/usr --with-gcc-major-version-only --program-suffix=-11 --program-prefix=x86_64-linux-gnu- --enable-shared --enable-linker-build-id --libexecdir=/usr/lib --without-included-gettext --enable-threads=posix --libdir=/usr/lib --enable-nls --enable-bootstrap --enable-clocale=gnu --enable-libstdcxx-debug --enable-libstdcxx-time=yes --with-default-libstdcxx-abi=new --enable-gnu-unique-object --disable-vtable-verify --enable-plugin --enable-default-pie --with-system-zlib --enable-libphobos-checking=release --with-target-system-zlib=auto --enable-objc-gc=auto --enable-multiarch --disable-werror --enable-cet --with-arch-32=i686 --with-abi=m64 --with-multilib-list=m32,m64,mx32 --enable-multilib --with-tune=generic --enable-offload-targets=nvptx-none=/build/gcc-11-0odw26/gcc-11-11.4.0/debian/tmp-nvptx/usr,amdgcn-amdhsa=/build/gcc-11-0odw26/gcc-11-11.4.0/debian/tmp-gcn/usr --without-cuda-driver --enable-checking=release --build=x86_64-linux-gnu --host=x86_64-linux-gnu --target=x86_64-linux-gnu --with-build-config=bootstrap-lto-lean --enable-link-serialization=2
Thread model: posix
Supported LTO compression algorithms: zlib zstd
gcc version 11.4.0 (Ubuntu 11.4.0-1ubuntu1~22.04.3) 
... rest of stderr output deleted ...
configure:4026: $? = 0
configure:4015: gcc -V >&5
gcc: error: unrecognized command-line option '-V'
gcc: fatal error: no input files
compilation terminated.
configure:4026: $? = 1
configure:4015: gcc -qversion >&5
gcc: error: unrecognized command-line option '-qversion'; did you mean '--version'?
gcc: fatal error: no input files
compilation terminated.
configure:4026: $? = 1
configure:4046: checking whether the C compiler works
configure:4068: gcc    conftest.c  >&5
configure:4072: $? = 0
configure:4120: result: yes
configure:4123: checking for C compiler default output file name
configure:4125: result: a.out
configure:4131: checking for suffix of executables
configure:4138: gcc -o conftest    conftest.c  >&5
configure:4142: $? = 0
configure:4164: result: 
configure:4186: checking whether we are cross compiling
configure:4194: gcc -o conftest    conftest.c  >&5
configure:4198: $? = 0
configure:4205: ./conftest
configure:4209: $? = 0
configure:4224: result: no
configure:4229: checking for suffix of object files
configure:4251: gcc -c   conftest.c >&5
configure:4255: $? = 0
configure:4276: result: o
configure:4280: checking whether we are using the GNU C compiler
configure:4299: gcc -c   conftest.c >&5
configure:4299: $? = 0
configure:4308: result: yes
configure:4317: checking whether gcc accepts -g
configure:4337: gcc -c -g  conftest.c >&5
configure:4337: $? = 0
configure:4378: result: yes
configure:4395: checking for gcc option to accept ISO C89
configure:4458: gcc  -c -g -O2  conftest.c >&5
configure:4458: $? = 0
configure:4471: result: none needed
configure:4491: checking for gcc option to accept ISO C99
configure:4640: gcc  -c -g -O2  conftest.c >&5
configure:4640: $? = 0
configure:4653: result: none needed
configure:4733: checking for g++
configure:4749: found /usr/bin/g++
configure:4760: result: g++
configure:4787: checking for C++ compiler version
configure:4796: g++ --version >&5
g++ (Ubuntu 11.4.0-1ubuntu1~22.04.3) 11.4.0
Copyright (C) 2021 Free Software Foundation, Inc.
This is free software; see the source for copying conditions.  There is NO
warranty; not even for MERCHANTABILITY or FITNESS FOR A PARTICULAR PURPOSE.

configure:4807: $? = 0
configure:4796: g++ -v >&5
Using built-in specs.
COLLECT_GCC=g++
COLLECT_LTO_WRAPPER=/usr/lib/gcc/x86_64-linux-gnu/11/lto-wrapper
OFFLOAD_TARGET_NAMES=nvptx-none:amdgcn-amdhsa
OFFLOAD_TARGET_DEFAULT=1
Target: x86_64-linux-gnu
Configured with: ../src/configure -v --with-pkgversion='Ubuntu 11.4.0-1ubuntu1~22.04.3' --with-bugurl=file:///usr/share/doc/gcc-11/README.Bugs --enable-languages=c,ada,c++,go,brig,d,fortran,objc,obj-c++,m2 --prefix=/usr --with-gcc-major-version-only --program-suffix=-11 --program-prefix=x86_64-linux-gnu- --enable-shared --enable-linker-build-id --libexecdir=/usr/lib --without-included-gettext --enable-threads=posix --libdir=/usr/lib --enable-nls --enable-bootstrap --enable-clocale=gnu --enable-libstdcxx-debug --enable-libstdcxx-time=yes --with-default-libstdcxx-abi=new --enable-gnu-unique-object --disable-vtable-verify --enable-plugin --enable-default-pie --with-system-zlib --enable-libphobos-checking=release --with-target-system-zlib=auto --enable-objc-gc=auto --enable-multiarch --disable-werror --enable-cet --with-arch-32=i686 --with-abi=m64 --with-multilib-list=m32,m64,mx32 --enable-multilib --with-tune=generic --enable-offload-targets=nvptx-none=/build/gcc-11-0odw26/gcc-11-11.4.0/debian/tmp-nvptx/usr,amdgcn-amdhsa=/build/gcc-11-0odw26/gcc-11-11.4.0/debian/tmp-gcn/usr --without-cuda-driver --enable-checking=release --build=x86_64-linux-gnu --host=x86_64-linux-gnu --target=x86_64-linux-gnu --with-build-config=bootstrap-lto-lean --enable-link-serialization=2
Thread model: posix
Supported LTO compression algorithms: zlib zstd
gcc version 11.4.0 (Ubuntu 11.4.0-1ubuntu1~22.04.3) 
... rest of stderr output deleted ...
configure:4807: $? = 0
configure:4796: g++ -V >&5
g++: error: unrecognized command-line option '-V'
g++: fatal error: no input files
compilation terminated.
configure:4807: $? = 1
configure:4796: g++ -qversion >&5
g++: error: unrecognized command-line option '-qversion'; did you mean '--version'?
g++: fatal error: no input files
compilation terminated.
configure:4807: $? = 1
configure:4811: checking whether we are using the GNU C++ compiler
configure:4830: g++ -c   conftest.cpp >&5
configure:4830: $? = 0
configure:4839: result: yes
configure:4848: checking whether g++ accepts -g
configure:4868: g++ -c -g  conftest.cpp >&5
configure:4868: $? = 0
configure:4909: result: yes
configure:4950: gcc -c -g -O2  conftest.c >&5
conftest.c: In function 'main':
conftest.c:24:1: error: unknown type name 'choke'
   24 | choke me
      | ^~~~~
configure:4950: $? = 1
configure: failed program was:
| /* confdefs.h */
| #define PACKAGE_NAME "PostgreSQL"
| #define PACKAGE_TARNAME "postgresql"
| #define PACKAGE_VERSION "16.6"
| #define PACKAGE_STRING "PostgreSQL 16.6"
| #define PACKAGE_BUGREPORT "pgsql-bugs@lists.postgresql.org"
| #define PACKAGE_URL "https://www.postgresql.org/"
| #define CONFIGURE_ARGS " '--prefix=/home/james/csi3130_project-1/.pg16-install' '--without-icu'"
| #define PG_MAJORVERSION "16"
| #define PG_MAJORVERSION_NUM 16
| #define PG_MINORVERSION_NUM 6
| #define PG_VERSION "16.6"
| #define DEF_PGPORT 5432
| #define DEF_PGPORT_STR "5432"
| #define BLCKSZ 8192
| #define RELSEG_SIZE 131072
| #define XLOG_BLCKSZ 8192
| /* end confdefs.h.  */
| 
| int
| main ()
| {
| #ifndef __INTEL_COMPILER
| choke me
| #endif
|   ;
|   return 0;
| }
configure:4972: gcc -c -g -O2  conftest.c >&5
conftest.c: In function 'main':
conftest.c:24:1: error: unknown type name 'choke'
   24 | choke me
      | ^~~~~
configure:4972: $? = 1
configure: failed program was:
| /* confdefs.h */
| #define PACKAGE_NAME "PostgreSQL"
| #define PACKAGE_TARNAME "postgresql"
| #define PACKAGE_VERSION "16.6"
| #define PACKAGE_STRING "PostgreSQL 16.6"
| #define PACKAGE_BUGREPORT "pgsql-bugs@lists.postgresql.org"
| #define PACKAGE_URL "https://www.postgresql.org/"
| #define CONFIGURE_ARGS " '--prefix=/home/james/csi3130_project-1/.pg16-install' '--without-icu'"
| #define PG_MAJORVERSION "16"
| #define PG_MAJORVERSION_NUM 16
| #define PG_MINORVERSION_NUM 6
| #define PG_VERSION "16.6"
| #define DEF_PGPORT 5432
| #define DEF_PGPORT_STR "5432"
| #define BLCKSZ 8192
| #define RELSEG_SIZE 131072
| #define XLOG_BLCKSZ 8192
| /* end confdefs.h.  */
| 
| int
| main ()
| {
| #ifndef __SUNPRO_C
| choke me
| #endif
|   ;
|   return 0;
| }
configure:5017: checking for gawk
configure:5033: found /usr/bin/gawk
configure:5044: result: gawk
configure:5350: checking whether gcc supports -Wdeclaration-after-statement, for CFLAGS
configure:5372: gcc -c -Wall -Wmissing-prototypes -Wpointer-arith -Wdeclaration-after-statement  -D_GNU_SOURCE conftest.c >&5
configure:5372: $? = 0
configure:5382: result: yes
configure:5398: checking whether gcc supports -Werror=vla, for CFLAGS
configure:5420: gcc -c -Wall -Wmissing-prototypes -Wpointer-arith -Wdeclaration-after-statement -Werror=vla  -D_GNU_SOURCE conftest.c >&5
configure:5420: $? = 0
configure:5430: result: yes
configure:5439: checking whether gcc supports -Werror=unguarded-availability-new, for CFLAGS
configure:5461: gcc -c -Wall -Wmissing-prototypes -Wpointer-arith -Wdeclaration-after-statement -Werror=vla -Werror=unguarded-availability-new  -D_GNU_SOURCE conftest.c >&5
cc1: error: '-Werror=unguarded-availability-new': no option '-Wunguarded-availability-new'
configure:5461: $? = 1
configure: failed program was:
| /* confdefs.h */
| #define PACKAGE_NAME "PostgreSQL"
| #define PACKAGE_TARNAME "postgresql"
| #define PACKAGE_VERSION "16.6"
| #define PACKAGE_STRING "PostgreSQL 16.6"
| #define PACKAGE_BUGREPORT "pgsql-bugs@lists.postgresql.org"
| #define PACKAGE_URL "https://www.postgresql.org/"
| #define CONFIGURE_ARGS " '--prefix=/home/james/csi3130_project-1/.pg16-install' '--without-icu'"
| #define PG_MAJORVERSION "16"
| #define PG_MAJORVERSION_NUM 16
| #define PG_MINORVERSION_NUM 6
| #define PG_VERSION "16.6"
| #define DEF_PGPORT 5432
| #define DEF_PGPORT_STR "5432"
| #define BLCKSZ 8192
| #define RELSEG_SIZE 131072
| #define XLOG_BLCKSZ 8192
| /* end confdefs.h.  */
| 
| int
| main ()
| {
| 
|   ;
|   return 0;
| }
configure:5471: result: no
configure:5478: checking whether g++ supports -Werror=unguarded-availability-new, for CXXFLAGS
configure:5506: g++ -c -Wall -Wpointer-arith -Werror=unguarded-availability-new  -D_GNU_SOURCE conftest.cpp >&5
cc1plus: error: '-Werror=unguarded-availability-new': no option '-Wunguarded-availability-new'
configure:5506: $? = 1
configure: failed program was:
| /* confdefs.h */
| #define PACKAGE_NAME "PostgreSQL"
| #define PACKAGE_TARNAME "postgresql"
| #define PACKAGE_VERSION "16.6"
| #define PACKAGE_STRING "PostgreSQL 16.6"
| #define PACKAGE_BUGREPORT "pgsql-bugs@lists.postgresql.org"
| #define PACKAGE_URL "https://www.postgresql.org/"
| #define CONFIGURE_ARGS " '--prefix=/home/james/csi3130_project-1/.pg16-install' '--without-icu'"
| #define PG_MAJORVERSION "16"
| #define PG_MAJORVERSION_NUM 16
| #define PG_MINORVERSION_NUM 6
| #define PG_VERSION "16.6"
| #define DEF_PGPORT 5432
| #define DEF_PGPORT_STR "5432"
| #define BLCKSZ 8192
| #define RELSEG_SIZE 131072
| #define XLOG_BLCKSZ 8192
| /* end confdefs.h.  */
| 
| int
| main ()
| {
| 
|   ;
|   return 0;
| }
configure:5522: result: no
configure:5531: checking whether gcc supports -Wendif-labels, for CFLAGS
configure:5553: gcc -c -Wall -Wmissing-prototypes -Wpointer-arith -Wdeclaration-after-statement -Werror=vla -Wendif-labels  -D_GNU_SOURCE conftest.c >&5
configure:5553: $? = 0
configure:5563: result: yes
configure:5570: checking whether g++ supports -Wendif-labels, for CXXFLAGS
configure:5598: g++ -c -Wall -Wpointer-arith -Wendif-labels  -D_GNU_SOURCE conftest.cpp >&5
configure:5598: $? = 0
configure:5614: result: yes
configure:5622: checking whether gcc supports -Wmissing-format-attribute, for CFLAGS
configure:5644: gcc -c -Wall -Wmissing-prototypes -Wpointer-arith -Wdeclaration-after-statement -Werror=vla -Wendif-labels -Wmissing-format-attribute  -D_GNU_SOURCE conftest.c >&5
configure:5644: $? = 0
configure:5654: result: yes
configure:5661: checking whether g++ supports -Wmissing-format-attribute, for CXXFLAGS
configure:5689: g++ -c -Wall -Wpointer-arith -Wendif-labels -Wmissing-format-attribute  -D_GNU_SOURCE conftest.cpp >&5
configure:5689: $? = 0
configure:5705: result: yes
configure:5713: checking whether gcc supports -Wimplicit-fallthrough=3, for CFLAGS
configure:5735: gcc -c -Wall -Wmissing-prototypes -Wpointer-arith -Wdeclaration-after-statement -Werror=vla -Wendif-labels -Wmissing-format-attribute -Wimplicit-fallthrough=3  -D_GNU_SOURCE conftest.c >&5
configure:5735: $? = 0
configure:5745: result: yes
configure:5752: checking whether g++ supports -Wimplicit-fallthrough=3, for CXXFLAGS
configure:5780: g++ -c -Wall -Wpointer-arith -Wendif-labels -Wmissing-format-attribute -Wimplicit-fallthrough=3  -D_GNU_SOURCE conftest.cpp >&5
configure:5780: $? = 0
configure:5796: result: yes
configure:5804: checking whether gcc supports -Wcast-function-type, for CFLAGS
configure:5826: gcc -c -Wall -Wmissing-prototypes -Wpointer-arith -Wdeclaration-after-statement -Werror=vla -Wendif-labels -Wmissing-format-attribute -Wimplicit-fallthrough=3 -Wcast-function-type  -D_GNU_SOURCE conftest.c >&5
configure:5826: $? = 0
configure:5836: result: yes
configure:5843: checking whether g++ supports -Wcast-function-type, for CXXFLAGS
configure:5871: g++ -c -Wall -Wpointer-arith -Wendif-labels -Wmissing-format-attribute -Wimplicit-fallthrough=3 -Wcast-function-type  -D_GNU_SOURCE conftest.cpp >&5
configure:5871: $? = 0
configure:5887: result: yes
configure:5895: checking whether gcc supports -Wshadow=compatible-local, for CFLAGS
configure:5917: gcc -c -Wall -Wmissing-prototypes -Wpointer-arith -Wdeclaration-after-statement -Werror=vla -Wendif-labels -Wmissing-format-attribute -Wimplicit-fallthrough=3 -Wcast-function-type -Wshadow=compatible-local  -D_GNU_SOURCE conftest.c >&5
configure:5917: $? = 0
configure:5927: result: yes
configure:5934: checking whether g++ supports -Wshadow=compatible-local, for CXXFLAGS
configure:5962: g++ -c -Wall -Wpointer-arith -Wendif-labels -Wmissing-format-attribute -Wimplicit-fallthrough=3 -Wcast-function-type -Wshadow=compatible-local  -D_GNU_SOURCE conftest.cpp >&5
configure:5962: $? = 0
configure:5978: result: yes
configure:5987: checking whether gcc supports -Wformat-security, for CFLAGS
configure:6009: gcc -c -Wall -Wmissing-prototypes -Wpointer-arith -Wdeclaration-after-statement -Werror=vla -Wendif-labels -Wmissing-format-attribute -Wimplicit-fallthrough=3 -Wcast-function-type -Wshadow=compatible-local -Wformat-security  -D_GNU_SOURCE conftest.c >&5
configure:6009: $? = 0
configure:6019: result: yes
configure:6026: checking whether g++ supports -Wformat-security, for CXXFLAGS
configure:6054: g++ -c -Wall -Wpointer-arith -Wendif-labels -Wmissing-format-attribute -Wimplicit-fallthrough=3 -Wcast-function-type -Wshadow=compatible-local -Wformat-security  -D_GNU_SOURCE conftest.cpp >&5
configure:6054: $? = 0
configure:6070: result: yes
configure:6079: checking whether gcc supports -fno-strict-aliasing, for CFLAGS
configure:6101: gcc -c -Wall -Wmissing-prototypes -Wpointer-arith -Wdeclaration-after-statement -Werror=vla -Wendif-labels -Wmissing-format-attribute -Wimplicit-fallthrough=3 -Wcast-function-type -Wshadow=compatible-local -Wformat-security -fno-strict-aliasing  -D_GNU_SOURCE conftest.c >&5
configure:6101: $? = 0
configure:6111: result: yes
configure:6118: checking whether g++ supports -fno-strict-aliasing, for CXXFLAGS
configure:6146: g++ -c -Wall -Wpointer-arith -Wendif-labels -Wmissing-format-attribute -Wimplicit-fallthrough=3 -Wcast-function-type -Wshadow=compatible-local -Wformat-security -fno-strict-aliasing  -D_GNU_SOURCE conftest.cpp >&5
configure:6146: $? = 0
configure:6162: result: yes
configure:6171: checking whether gcc supports -fwrapv, for CFLAGS
configure:6193: gcc -c -Wall -Wmissing-prototypes -Wpointer-arith -Wdeclaration-after-statement -Werror=vla -Wendif-labels -Wmissing-format-attribute -Wimplicit-fallthrough=3 -Wcast-function-type -Wshadow=compatible-local -Wformat-security -fno-strict-aliasing -fwrapv  -D_GNU_SOURCE conftest.c >&5
configure:6193: $? = 0
configure:6203: result: yes
configure:6210: checking whether g++ supports -fwrapv, for CXXFLAGS
configure:6238: g++ -c -Wall -Wpointer-arith -Wendif-labels -Wmissing-format-attribute -Wimplicit-fallthrough=3 -Wcast-function-type -Wshadow=compatible-local -Wformat-security -fno-strict-aliasing -fwrapv  -D_GNU_SOURCE conftest.cpp >&5
configure:6238: $? = 0
configure:6254: result: yes
configure:6263: checking whether gcc supports -fexcess-precision=standard, for CFLAGS
configure:6285: gcc -c -Wall -Wmissing-prototypes -Wpointer-arith -Wdeclaration-after-statement -Werror=vla -Wendif-labels -Wmissing-format-attribute -Wimplicit-fallthrough=3 -Wcast-function-type -Wshadow=compatible-local -Wformat-security -fno-strict-aliasing -fwrapv -fexcess-precision=standard  -D_GNU_SOURCE conftest.c >&5
configure:6285: $? = 0
configure:6295: result: yes
configure:6302: checking whether g++ supports -fexcess-precision=standard, for CXXFLAGS
configure:6330: g++ -c -Wall -Wpointer-arith -Wendif-labels -Wmissing-format-attribute -Wimplicit-fallthrough=3 -Wcast-function-type -Wshadow=compatible-local -Wformat-security -fno-strict-aliasing -fwrapv -fexcess-precision=standard  -D_GNU_SOURCE conftest.cpp >&5
cc1plus: sorry, unimplemented: '-fexcess-precision=standard' for C++
configure:6330: $? = 1
configure: failed program was:
| /* confdefs.h */
| #define PACKAGE_NAME "PostgreSQL"
| #define PACKAGE_TARNAME "postgresql"
| #define PACKAGE_VERSION "16.6"
| #define PACKAGE_STRING "PostgreSQL 16.6"
| #define PACKAGE_BUGREPORT "pgsql-bugs@lists.postgresql.org"
| #define PACKAGE_URL "https://www.postgresql.org/"
| #define CONFIGURE_ARGS " '--prefix=/home/james/csi3130_project-1/.pg16-install' '--without-icu'"
| #define PG_MAJORVERSION "16"
| #define PG_MAJORVERSION_NUM 16
| #define PG_MINORVERSION_NUM 6
| #define PG_VERSION "16.6"
| #define DEF_PGPORT 5432
| #define DEF_PGPORT_STR "5432"
| #define BLCKSZ 8192
| #define RELSEG_SIZE 131072
| #define XLOG_BLCKSZ 8192
| /* end confdefs.h.  */
| 
| int
| main ()
| {
| 
|   ;
|   return 0;
| }
configure:6346: result: no
configure:6354: checking whether gcc supports -funroll-loops, for CFLAGS_UNROLL_LOOPS
configure:6376: gcc -c  -funroll-loops  -D_GNU_SOURCE conftest.c >&5
configure:6376: $? = 0
configure:6386: result: yes
configure:6394: checking whether gcc supports -ftree-vectorize, for CFLAGS_VECTORIZE
configure:6416: gcc -c  -ftree-vectorize  -D_GNU_SOURCE conftest.c >&5
configure:6416: $? = 0
configure:6426: result: yes
configure:6442: checking whether gcc supports -Wunused-command-line-argument, for NOT_THE_CFLAGS
configure:6464: gcc -c  -Wunused-command-line-argument  -D_GNU_SOURCE conftest.c >&5
gcc: error: unrecognized command-line option '-Wunused-command-line-argument'; did you mean '-Wunused-dummy-argument'?
configure:6464: $? = 1
configure: failed program was:
| /* confdefs.h */
| #define PACKAGE_NAME "PostgreSQL"
| #define PACKAGE_TARNAME "postgresql"
| #define PACKAGE_VERSION "16.6"
| #define PACKAGE_STRING "PostgreSQL 16.6"
| #define PACKAGE_BUGREPORT "pgsql-bugs@lists.postgresql.org"
| #define PACKAGE_URL "https://www.postgresql.org/"
| #define CONFIGURE_ARGS " '--prefix=/home/james/csi3130_project-1/.pg16-install' '--without-icu'"
| #define PG_MAJORVERSION "16"
| #define PG_MAJORVERSION_NUM 16
| #define PG_MINORVERSION_NUM 6
| #define PG_VERSION "16.6"
| #define DEF_PGPORT 5432
| #define DEF_PGPORT_STR "5432"
| #define BLCKSZ 8192
| #define RELSEG_SIZE 131072
| #define XLOG_BLCKSZ 8192
| /* end confdefs.h.  */
| 
| int
| main ()
| {
| 
|   ;
|   return 0;
| }
configure:6474: result: no
configure:6487: checking whether gcc supports -Wcompound-token-split-by-macro, for NOT_THE_CFLAGS
configure:6509: gcc -c  -Wcompound-token-split-by-macro  -D_GNU_SOURCE conftest.c >&5
gcc: error: unrecognized command-line option '-Wcompound-token-split-by-macro'
configure:6509: $? = 1
configure: failed program was:
| /* confdefs.h */
| #define PACKAGE_NAME "PostgreSQL"
| #define PACKAGE_TARNAME "postgresql"
| #define PACKAGE_VERSION "16.6"
| #define PACKAGE_STRING "PostgreSQL 16.6"
| #define PACKAGE_BUGREPORT "pgsql-bugs@lists.postgresql.org"
| #define PACKAGE_URL "https://www.postgresql.org/"
| #define CONFIGURE_ARGS " '--prefix=/home/james/csi3130_project-1/.pg16-install' '--without-icu'"
| #define PG_MAJORVERSION "16"
| #define PG_MAJORVERSION_NUM 16
| #define PG_MINORVERSION_NUM 6
| #define PG_VERSION "16.6"
| #define DEF_PGPORT 5432
| #define DEF_PGPORT_STR "5432"
| #define BLCKSZ 8192
| #define RELSEG_SIZE 131072
| #define XLOG_BLCKSZ 8192
| /* end confdefs.h.  */
| 
| int
| main ()
| {
| 
|   ;
|   return 0;
| }
configure:6519: result: no
configure:6531: checking whether gcc supports -Wformat-truncation, for NOT_THE_CFLAGS
configure:6553: gcc -c  -Wformat-truncation  -D_GNU_SOURCE conftest.c >&5
configure:6553: $? = 0
configure:6563: result: yes
configure:6574: checking whether gcc supports -Wstringop-truncation, for NOT_THE_CFLAGS
configure:6596: gcc -c  -Wstringop-truncation  -D_GNU_SOURCE conftest.c >&5
configure:6596: $? = 0
configure:6606: result: yes
configure:6618: checking whether gcc supports -Wcast-function-type-strict, for NOT_THE_CFLAGS
configure:6640: gcc -c  -Wcast-function-type-strict  -D_GNU_SOURCE conftest.c >&5
gcc: error: unrecognized command-line option '-Wcast-function-type-strict'; did you mean '-Wcast-function-type'?
configure:6640: $? = 1
configure: failed program was:
| /* confdefs.h */
| #define PACKAGE_NAME "PostgreSQL"
| #define PACKAGE_TARNAME "postgresql"
| #define PACKAGE_VERSION "16.6"
| #define PACKAGE_STRING "PostgreSQL 16.6"
| #define PACKAGE_BUGREPORT "pgsql-bugs@lists.postgresql.org"
| #define PACKAGE_URL "https://www.postgresql.org/"
| #define CONFIGURE_ARGS " '--prefix=/home/james/csi3130_project-1/.pg16-install' '--without-icu'"
| #define PG_MAJORVERSION "16"
| #define PG_MAJORVERSION_NUM 16
| #define PG_MINORVERSION_NUM 6
| #define PG_VERSION "16.6"
| #define DEF_PGPORT 5432
| #define DEF_PGPORT_STR "5432"
| #define BLCKSZ 8192
| #define RELSEG_SIZE 131072
| #define XLOG_BLCKSZ 8192
| /* end confdefs.h.  */
| 
| int
| main ()
| {
| 
|   ;
|   return 0;
| }
configure:6650: result: no
configure:7043: checking whether gcc supports -fvisibility=hidden, for CFLAGS_SL_MODULE
configure:7065: gcc -c  -fvisibility=hidden  -D_GNU_SOURCE conftest.c >&5
configure:7065: $? = 0
configure:7075: result: yes
configure:7083: checking whether g++ supports -fvisibility=hidden, for CXXFLAGS_SL_MODULE
configure:7111: g++ -c  -fvisibility=hidden  -D_GNU_SOURCE conftest.cpp >&5
configure:7111: $? = 0
configure:7127: result: yes
configure:7133: checking whether g++ supports -fvisibility-inlines-hidden, for CXXFLAGS_SL_MODULE
configure:7161: g++ -c  -fvisibility=hidden -fvisibility-inlines-hidden  -D_GNU_SOURCE conftest.cpp >&5
configure:7161: $? = 0
configure:7177: result: yes
configure:7886: checking whether the C compiler still works
configure:7899: gcc -o conftest -Wall -Wmissing-prototypes -Wpointer-arith -Wdeclaration-after-statement -Werror=vla -Wendif-labels -Wmissing-format-attribute -Wimplicit-fallthrough=3 -Wcast-function-type -Wshadow=compatible-local -Wformat-security -fno-strict-aliasing -fwrapv -fexcess-precision=standard -Wno-format-truncation -Wno-stringop-truncation -O2  -D_GNU_SOURCE  conftest.c  >&5
configure:7899: $? = 0
configure:7900: result: yes
configure:7925: gcc -c -Wall -Wmissing-prototypes -Wpointer-arith -Wdeclaration-after-statement -Werror=vla -Wendif-labels -Wmissing-format-attribute -Wimplicit-fallthrough=3 -Wcast-function-type -Wshadow=compatible-local -Wformat-security -fno-strict-aliasing -fwrapv -fexcess-precision=standard -Wno-format-truncation -Wno-stringop-truncation -O2  -D_GNU_SOURCE conftest.c >&5
configure:7925: $? = 0
configure:7971: checking how to run the C preprocessor
configure:8002: gcc -E  -D_GNU_SOURCE conftest.c
configure:8002: $? = 0
configure:8016: gcc -E  -D_GNU_SOURCE conftest.c
conftest.c:20:10: fatal error: ac_nonexistent.h: No such file or directory
   20 | #include <ac_nonexistent.h>
      |          ^~~~~~~~~~~~~~~~~~
compilation terminated.
configure:8016: $? = 1
configure: failed program was:
| /* confdefs.h */
| #define PACKAGE_NAME "PostgreSQL"
| #define PACKAGE_TARNAME "postgresql"
| #define PACKAGE_VERSION "16.6"
| #define PACKAGE_STRING "PostgreSQL 16.6"
| #define PACKAGE_BUGREPORT "pgsql-bugs@lists.postgresql.org"
| #define PACKAGE_URL "https://www.postgresql.org/"
| #define CONFIGURE_ARGS " '--prefix=/home/james/csi3130_project-1/.pg16-install' '--without-icu'"
| #define PG_MAJORVERSION "16"
| #define PG_MAJORVERSION_NUM 16
| #define PG_MINORVERSION_NUM 6
| #define PG_VERSION "16.6"
| #define DEF_PGPORT 5432
| #define DEF_PGPORT_STR "5432"
| #define BLCKSZ 8192
| #define RELSEG_SIZE 131072
| #define XLOG_BLCKSZ 8192
| #define HAVE_VISIBILITY_ATTRIBUTE 1
| /* end confdefs.h.  */
| #include <ac_nonexistent.h>
configure:8041: result: gcc -E
configure:8061: gcc -E  -D_GNU_SOURCE conftest.c
configure:8061: $? = 0
configure:8075: gcc -E  -D_GNU_SOURCE conftest.c
conftest.c:20:10: fatal error: ac_nonexistent.h: No such file or directory
   20 | #include <ac_nonexistent.h>
      |          ^~~~~~~~~~~~~~~~~~
compilation terminated.
configure:8075: $? = 1
configure: failed program was:
| /* confdefs.h */
| #define PACKAGE_NAME "PostgreSQL"
| #define PACKAGE_TARNAME "postgresql"
| #define PACKAGE_VERSION "16.6"
| #define PACKAGE_STRING "PostgreSQL 16.6"
| #define PACKAGE_BUGREPORT "pgsql-bugs@lists.postgresql.org"
| #define PACKAGE_URL "https://www.postgresql.org/"
| #define CONFIGURE_ARGS " '--prefix=/home/james/csi3130_project-1/.pg16-install' '--without-icu'"
| #define PG_MAJORVERSION "16"
| #define PG_MAJORVERSION_NUM 16
| #define PG_MINORVERSION_NUM 6
| #define PG_VERSION "16.6"
| #define DEF_PGPORT 5432
| #define DEF_PGPORT_STR "5432"
| #define BLCKSZ 8192
| #define RELSEG_SIZE 131072
| #define XLOG_BLCKSZ 8192
| #define HAVE_VISIBILITY_ATTRIBUTE 1
| /* end confdefs.h.  */
| #include <ac_nonexistent.h>
configure:8183: checking for pkg-config
configure:8216: result: no
configure:8346: checking allow thread-safe client libraries
configure:8376: result: yes
configure:8383: checking whether to build with ICU support
configure:8413: result: no
configure:8500: checking whether to build with Tcl
configure:8526: result: no
configure:8558: checking whether to build Perl modules
configure:8584: result: no
configure:8591: checking whether to build Python modules
configure:8617: result: no
configure:8624: checking whether to build with GSSAPI support
configure:8655: result: no
configure:8700: checking whether to build with PAM support
configure:8728: result: no
configure:8735: checking whether to build with BSD Authentication support
configure:8763: result: no
configure:8770: checking whether to build with LDAP support
configure:8798: result: no
configure:8806: checking whether to build with Bonjour support
configure:8834: result: no
configure:8841: checking whether to build with SELinux support
configure:8868: result: no
configure:8874: checking whether to build with systemd support
configure:8903: result: no
configure:9058: checking whether to build with XML support
configure:9086: result: no
configure:9332: checking whether to build with LZ4 support
configure:9360: result: no
configure:9473: checking whether to build with ZSTD support
configure:9501: result: no
configure:9664: checking for strip
configure:9680: found /usr/bin/strip
configure:9691: result: strip
configure:9714: checking whether it is possible to strip libraries
configure:9719: result: yes
configure:9784: checking for ar
configure:9800: found /usr/bin/ar
configure:9811: result: ar
configure:9942: checking for a BSD-compatible install
configure:10010: result: /usr/bin/install -c
configure:10035: checking for tar
configure:10053: found /usr/bin/tar
configure:10065: result: /usr/bin/tar
configure:10084: checking whether ln -s works
configure:10088: result: yes
configure:10095: checking for a thread-safe mkdir -p
configure:10134: result: /usr/bin/mkdir -p
configure:10149: checking for bison
configure:10167: found /usr/bin/bison
configure:10179: result: /usr/bin/bison
configure:10201: using bison (GNU Bison) 3.8.2
configure:10239: checking for flex
configure:10284: result: /usr/bin/flex
configure:10304: using flex 2.6.4
configure:10317: checking for perl
configure:10335: found /usr/bin/perl
configure:10347: result: /usr/bin/perl
configure:10369: using perl 5.34.0
configure:10741: checking for a sed that does not truncate output
configure:10805: result: /usr/bin/sed
configure:10811: checking for grep that handles long lines and -e
configure:10869: result: /usr/bin/grep
configure:10874: checking for egrep
configure:10936: result: /usr/bin/grep -E
configure:10941: checking for ANSI C header files
configure:10961: gcc -c -Wall -Wmissing-prototypes -Wpointer-arith -Wdeclaration-after-statement -Werror=vla -Wendif-labels -Wmissing-format-attribute -Wimplicit-fallthrough=3 -Wcast-function-type -Wshadow=compatible-local -Wformat-security -fno-strict-aliasing -fwrapv -fexcess-precision=standard -Wno-format-truncation -Wno-stringop-truncation -O2  -D_GNU_SOURCE  conftest.c >&5
configure:10961: $? = 0
configure:11034: gcc -o conftest -Wall -Wmissing-prototypes -Wpointer-arith -Wdeclaration-after-statement -Werror=vla -Wendif-labels -Wmissing-format-attribute -Wimplicit-fallthrough=3 -Wcast-function-type -Wshadow=compatible-local -Wformat-security -fno-strict-aliasing -fwrapv -fexcess-precision=standard -Wno-format-truncation -Wno-stringop-truncation -O2  -D_GNU_SOURCE    conftest.c  >&5
configure:11034: $? = 0
configure:11034: ./conftest
configure:11034: $? = 0
configure:11045: result: yes
configure:11058: checking for sys/types.h
configure:11058: gcc -c -Wall -Wmissing-prototypes -Wpointer-arith -Wdeclaration-after-statement -Werror=vla -Wendif-labels -Wmissing-format-attribute -Wimplicit-fallthrough=3 -Wcast-function-type -Wshadow=compatible-local -Wformat-security -fno-strict-aliasing -fwrapv -fexcess-precision=standard -Wno-format-truncation -Wno-stringop-truncation -O2  -D_GNU_SOURCE  conftest.c >&5
configure:11058: $? = 0
configure:11058: result: yes
configure:11058: checking for sys/stat.h
configure:11058: gcc -c -Wall -Wmissing-prototypes -Wpointer-arith -Wdeclaration-after-statement -Werror=vla -Wendif-labels -Wmissing-format-attribute -Wimplicit-fallthrough=3 -Wcast-function-type -Wshadow=compatible-local -Wformat-security -fno-strict-aliasing -fwrapv -fexcess-precision=standard -Wno-format-truncation -Wno-stringop-truncation -O2  -D_GNU_SOURCE  conftest.c >&5
configure:11058: $? = 0
configure:11058: result: yes
configure:11058: checking for stdlib.h
configure:11058: gcc -c -Wall -Wmissing-prototypes -Wpointer-arith -Wdeclaration-after-statement -Werror=vla -Wendif-labels -Wmissing-format-attribute -Wimplicit-fallthrough=3 -Wcast-function-type -Wshadow=compatible-local -Wformat-security -fno-strict-aliasing -fwrapv -fexcess-precision=standard -Wno-format-truncation -Wno-stringop-truncation -O2  -D_GNU_SOURCE  conftest.c >&5
configure:11058: $? = 0
configure:11058: result: yes
configure:11058: checking for string.h
configure:11058: gcc -c -Wall -Wmissing-prototypes -Wpointer-arith -Wdeclaration-after-statement -Werror=vla -Wendif-labels -Wmissing-format-attribute -Wimplicit-fallthrough=3 -Wcast-function-type -Wshadow=compatible-local -Wformat-security -fno-strict-aliasing -fwrapv -fexcess-precision=standard -Wno-format-truncation -Wno-stringop-truncation -O2  -D_GNU_SOURCE  conftest.c >&5
configure:11058: $? = 0
configure:11058: result: yes
configure:11058: checking for memory.h
configure:11058: gcc -c -Wall -Wmissing-prototypes -Wpointer-arith -Wdeclaration-after-statement -Werror=vla -Wendif-labels -Wmissing-format-attribute -Wimplicit-fallthrough=3 -Wcast-function-type -Wshadow=compatible-local -Wformat-security -fno-strict-aliasing -fwrapv -fexcess-precision=standard -Wno-format-truncation -Wno-stringop-truncation -O2  -D_GNU_SOURCE  conftest.c >&5
configure:11058: $? = 0
configure:11058: result: yes
configure:11058: checking for strings.h
configure:11058: gcc -c -Wall -Wmissing-prototypes -Wpointer-arith -Wdeclaration-after-statement -Werror=vla -Wendif-labels -Wmissing-format-attribute -Wimplicit-fallthrough=3 -Wcast-function-type -Wshadow=compatible-local -Wformat-security -fno-strict-aliasing -fwrapv -fexcess-precision=standard -Wno-format-truncation -Wno-stringop-truncation -O2  -D_GNU_SOURCE  conftest.c >&5
configure:11058: $? = 0
configure:11058: result: yes
configure:11058: checking for inttypes.h
configure:11058: gcc -c -Wall -Wmissing-prototypes -Wpointer-arith -Wdeclaration-after-statement -Werror=vla -Wendif-labels -Wmissing-format-attribute -Wimplicit-fallthrough=3 -Wcast-function-type -Wshadow=compatible-local -Wformat-security -fno-strict-aliasing -fwrapv -fexcess-precision=standard -Wno-format-truncation -Wno-stringop-truncation -O2  -D_GNU_SOURCE  conftest.c >&5
configure:11058: $? = 0
configure:11058: result: yes
configure:11058: checking for stdint.h
configure:11058: gcc -c -Wall -Wmissing-prototypes -Wpointer-arith -Wdeclaration-after-statement -Werror=vla -Wendif-labels -Wmissing-format-attribute -Wimplicit-fallthrough=3 -Wcast-function-type -Wshadow=compatible-local -Wformat-security -fno-strict-aliasing -fwrapv -fexcess-precision=standard -Wno-format-truncation -Wno-stringop-truncation -O2  -D_GNU_SOURCE  conftest.c >&5
configure:11058: $? = 0
configure:11058: result: yes
configure:11058: checking for unistd.h
configure:11058: gcc -c -Wall -Wmissing-prototypes -Wpointer-arith -Wdeclaration-after-statement -Werror=vla -Wendif-labels -Wmissing-format-attribute -Wimplicit-fallthrough=3 -Wcast-function-type -Wshadow=compatible-local -Wformat-security -fno-strict-aliasing -fwrapv -fexcess-precision=standard -Wno-format-truncation -Wno-stringop-truncation -O2  -D_GNU_SOURCE  conftest.c >&5
configure:11058: $? = 0
configure:11058: result: yes
configure:11255: checking whether gcc is Clang
configure:11280: result: no
configure:11403: checking whether pthreads work with -pthread
configure:11497: gcc -o conftest -Wall -Wmissing-prototypes -Wpointer-arith -Wdeclaration-after-statement -Werror=vla -Wendif-labels -Wmissing-format-attribute -Wimplicit-fallthrough=3 -Wcast-function-type -Wshadow=compatible-local -Wformat-security -fno-strict-aliasing -fwrapv -fexcess-precision=standard -Wno-format-truncation -Wno-stringop-truncation -O2 -pthread  -D_GNU_SOURCE    conftest.c   >&5
configure:11497: $? = 0
configure:11506: result: yes
configure:11525: checking for joinable pthread attribute
configure:11543: gcc -o conftest -Wall -Wmissing-prototypes -Wpointer-arith -Wdeclaration-after-statement -Werror=vla -Wendif-labels -Wmissing-format-attribute -Wimplicit-fallthrough=3 -Wcast-function-type -Wshadow=compatible-local -Wformat-security -fno-strict-aliasing -fwrapv -fexcess-precision=standard -Wno-format-truncation -Wno-stringop-truncation -O2 -pthread  -D_GNU_SOURCE    conftest.c   >&5
configure:11543: $? = 0
configure:11551: result: PTHREAD_CREATE_JOINABLE
configure:11565: checking whether more special flags are required for pthreads
configure:11578: result: no
configure:11586: checking for PTHREAD_PRIO_INHERIT
configure:11602: gcc -o conftest -Wall -Wmissing-prototypes -Wpointer-arith -Wdeclaration-after-statement -Werror=vla -Wendif-labels -Wmissing-format-attribute -Wimplicit-fallthrough=3 -Wcast-function-type -Wshadow=compatible-local -Wformat-security -fno-strict-aliasing -fwrapv -fexcess-precision=standard -Wno-format-truncation -Wno-stringop-truncation -O2 -pthread  -D_GNU_SOURCE    conftest.c   >&5
conftest.c: In function 'main':
conftest.c:37:5: warning: unused variable 'i' [-Wunused-variable]
   37 | int i = PTHREAD_PRIO_INHERIT;
      |     ^
configure:11602: $? = 0
configure:11611: result: yes
configure:11724: checking pthread.h usability
configure:11724: gcc -c -Wall -Wmissing-prototypes -Wpointer-arith -Wdeclaration-after-statement -Werror=vla -Wendif-labels -Wmissing-format-attribute -Wimplicit-fallthrough=3 -Wcast-function-type -Wshadow=compatible-local -Wformat-security -fno-strict-aliasing -fwrapv -fexcess-precision=standard -Wno-format-truncation -Wno-stringop-truncation -O2 -pthread -D_REENTRANT -D_THREAD_SAFE  -D_GNU_SOURCE  conftest.c >&5
configure:11724: $? = 0
configure:11724: result: yes
configure:11724: checking pthread.h presence
configure:11724: gcc -E  -D_GNU_SOURCE  conftest.c
configure:11724: $? = 0
configure:11724: result: yes
configure:11724: checking for pthread.h
configure:11724: result: yes
configure:11736: checking for strerror_r
configure:11736: gcc -o conftest -Wall -Wmissing-prototypes -Wpointer-arith -Wdeclaration-after-statement -Werror=vla -Wendif-labels -Wmissing-format-attribute -Wimplicit-fallthrough=3 -Wcast-function-type -Wshadow=compatible-local -Wformat-security -fno-strict-aliasing -fwrapv -fexcess-precision=standard -Wno-format-truncation -Wno-stringop-truncation -O2 -pthread -D_REENTRANT -D_THREAD_SAFE  -D_GNU_SOURCE    conftest.c   >&5
configure:11736: $? = 0
configure:11736: result: yes
configure:11747: checking whether strerror_r returns int
configure:11766: gcc -c -Wall -Wmissing-prototypes -Wpointer-arith -Wdeclaration-after-statement -Werror=vla -Wendif-labels -Wmissing-format-attribute -Wimplicit-fallthrough=3 -Wcast-function-type -Wshadow=compatible-local -Wformat-security -fno-strict-aliasing -fwrapv -fexcess-precision=standard -Wno-format-truncation -Wno-stringop-truncation -O2 -pthread -D_REENTRANT -D_THREAD_SAFE  -D_GNU_SOURCE  conftest.c >&5
conftest.c: In function 'main':
conftest.c:41:11: error: switch quantity not an integer
   41 |   switch (strerror_r(1, buf, sizeof(buf)))
      |           ^~~~~~~~~~
configure:11766: $? = 1
configure: failed program was:
| /* confdefs.h */
| #define PACKAGE_NAME "PostgreSQL"
| #define PACKAGE_TARNAME "postgresql"
| #define PACKAGE_VERSION "16.6"
| #define PACKAGE_STRING "PostgreSQL 16.6"
| #define PACKAGE_BUGREPORT "pgsql-bugs@lists.postgresql.org"
| #define PACKAGE_URL "https://www.postgresql.org/"
| #define CONFIGURE_ARGS " '--prefix=/home/james/csi3130_project-1/.pg16-install' '--without-icu'"
| #define PG_MAJORVERSION "16"
| #define PG_MAJORVERSION_NUM 16
| #define PG_MINORVERSION_NUM 6
| #define PG_VERSION "16.6"
| #define DEF_PGPORT 5432
| #define DEF_PGPORT_STR "5432"
| #define BLCKSZ 8192
| #define RELSEG_SIZE 131072
| #define XLOG_BLCKSZ 8192
| #define HAVE_VISIBILITY_ATTRIBUTE 1
| #define DLSUFFIX ".so"
| #define ENABLE_THREAD_SAFETY 1
| #define PG_KRB_SRVNAM "postgres"
| #define STDC_HEADERS 1
| #define HAVE_SYS_TYPES_H 1
| #define HAVE_SYS_STAT_H 1
| #define HAVE_STDLIB_H 1
| #define HAVE_STRING_H 1
| #define HAVE_MEMORY_H 1
| #define HAVE_STRINGS_H 1
| #define HAVE_INTTYPES_H 1
| #define HAVE_STDINT_H 1
| #define HAVE_UNISTD_H 1
| #define HAVE_PTHREAD_PRIO_INHERIT 1
| #define HAVE_PTHREAD 1
| #define HAVE_STRERROR_R 1
| /* end confdefs.h.  */
| #include <string.h>
| int
| main ()
| {
| char buf[100];
|   switch (strerror_r(1, buf, sizeof(buf)))
|   { case 0: break; default: break; }
| 
|   ;
|   return 0;
| }
configure:11773: result: no
configure:11807: checking for main in -lm
configure:11826: gcc -o conftest -Wall -Wmissing-prototypes -Wpointer-arith -Wdeclaration-after-statement -Werror=vla -Wendif-labels -Wmissing-format-attribute -Wimplicit-fallthrough=3 -Wcast-function-type -Wshadow=compatible-local -Wformat-security -fno-strict-aliasing -fwrapv -fexcess-precision=standard -Wno-format-truncation -Wno-stringop-truncation -O2  -D_GNU_SOURCE    conftest.c -lm   >&5
configure:11826: $? = 0
configure:11835: result: yes
configure:11846: checking for library containing setproctitle
configure:11877: gcc -o conftest -Wall -Wmissing-prototypes -Wpointer-arith -Wdeclaration-after-statement -Werror=vla -Wendif-labels -Wmissing-format-attribute -Wimplicit-fallthrough=3 -Wcast-function-type -Wshadow=compatible-local -Wformat-security -fno-strict-aliasing -fwrapv -fexcess-precision=standard -Wno-format-truncation -Wno-stringop-truncation -O2  -D_GNU_SOURCE    conftest.c -lm  >&5
/usr/bin/ld: /tmp/cckvMX2O.o: in function `main':
conftest.c:(.text.startup+0xb): undefined reference to `setproctitle'
collect2: error: ld returned 1 exit status
configure:11877: $? = 1
configure: failed program was:
| /* confdefs.h */
| #define PACKAGE_NAME "PostgreSQL"
| #define PACKAGE_TARNAME "postgresql"
| #define PACKAGE_VERSION "16.6"
| #define PACKAGE_STRING "PostgreSQL 16.6"
| #define PACKAGE_BUGREPORT "pgsql-bugs@lists.postgresql.org"
| #define PACKAGE_URL "https://www.postgresql.org/"
| #define CONFIGURE_ARGS " '--prefix=/home/james/csi3130_project-1/.pg16-install' '--without-icu'"
| #define PG_MAJORVERSION "16"
| #define PG_MAJORVERSION_NUM 16
| #define PG_MINORVERSION_NUM 6
| #define PG_VERSION "16.6"
| #define DEF_PGPORT 5432
| #define DEF_PGPORT_STR "5432"
| #define BLCKSZ 8192
| #define RELSEG_SIZE 131072
| #define XLOG_BLCKSZ 8192
| #define HAVE_VISIBILITY_ATTRIBUTE 1
| #define DLSUFFIX ".so"
| #define ENABLE_THREAD_SAFETY 1
| #define PG_KRB_SRVNAM "postgres"
| #define STDC_HEADERS 1
| #define HAVE_SYS_TYPES_H 1
| #define HAVE_SYS_STAT_H 1
| #define HAVE_STDLIB_H 1
| #define HAVE_STRING_H 1
| #define HAVE_MEMORY_H 1
| #define HAVE_STRINGS_H 1
| #define HAVE_INTTYPES_H 1
| #define HAVE_STDINT_H 1
| #define HAVE_UNISTD_H 1
| #define HAVE_PTHREAD_PRIO_INHERIT 1
| #define HAVE_PTHREAD 1
| #define HAVE_STRERROR_R 1
| #define HAVE_LIBM 1
| /* end confdefs.h.  */
| 
| /* Override any GCC internal prototype to avoid an error.
|    Use char because int might match the return type of a GCC
|    builtin and then its argument prototype would still apply.  */
| #ifdef __cplusplus
| extern "C"
| #endif
| char setproctitle ();
| int
| main ()
| {
| return setproctitle ();
|   ;
|   return 0;
| }
configure:11877: gcc -o conftest -Wall -Wmissing-prototypes -Wpointer-arith -Wdeclaration-after-statement -Werror=vla -Wendif-labels -Wmissing-format-attribute -Wimplicit-fallthrough=3 -Wcast-function-type -Wshadow=compatible-local -Wformat-security -fno-strict-aliasing -fwrapv -fexcess-precision=standard -Wno-format-truncation -Wno-stringop-truncation -O2  -D_GNU_SOURCE    conftest.c -lutil  -lm  >&5
/usr/bin/ld: /tmp/ccnwZ6vx.o: in function `main':
conftest.c:(.text.startup+0xb): undefined reference to `setproctitle'
collect2: error: ld returned 1 exit status
configure:11877: $? = 1
configure: failed program was:
| /* confdefs.h */
| #define PACKAGE_NAME "PostgreSQL"
| #define PACKAGE_TARNAME "postgresql"
| #define PACKAGE_VERSION "16.6"
| #define PACKAGE_STRING "PostgreSQL 16.6"
| #define PACKAGE_BUGREPORT "pgsql-bugs@lists.postgresql.org"
| #define PACKAGE_URL "https://www.postgresql.org/"
| #define CONFIGURE_ARGS " '--prefix=/home/james/csi3130_project-1/.pg16-install' '--without-icu'"
| #define PG_MAJORVERSION "16"
| #define PG_MAJORVERSION_NUM 16
| #define PG_MINORVERSION_NUM 6
| #define PG_VERSION "16.6"
| #define DEF_PGPORT 5432
| #define DEF_PGPORT_STR "5432"
| #define BLCKSZ 8192
| #define RELSEG_SIZE 131072
| #define XLOG_BLCKSZ 8192
| #define HAVE_VISIBILITY_ATTRIBUTE 1
| #define DLSUFFIX ".so"
| #define ENABLE_THREAD_SAFETY 1
| #define PG_KRB_SRVNAM "postgres"
| #define STDC_HEADERS 1
| #define HAVE_SYS_TYPES_H 1
| #define HAVE_SYS_STAT_H 1
| #define HAVE_STDLIB_H 1
| #define HAVE_STRING_H 1
| #define HAVE_MEMORY_H 1
| #define HAVE_STRINGS_H 1
| #define HAVE_INTTYPES_H 1
| #define HAVE_STDINT_H 1
| #define HAVE_UNISTD_H 1
| #define HAVE_PTHREAD_PRIO_INHERIT 1
| #define HAVE_PTHREAD 1
| #define HAVE_STRERROR_R 1
| #define HAVE_LIBM 1
| /* end confdefs.h.  */
| 
| /* Override any GCC internal prototype to avoid an error.
|    Use char because int might match the return type of a GCC
|    builtin and then its argument prototype would still apply.  */
| #ifdef __cplusplus
| extern "C"
| #endif
| char setproctitle ();
| int
| main ()
| {
| return setproctitle ();
|   ;
|   return 0;
| }
configure:11894: result: no
configure:11905: checking for library containing dlsym
configure:11936: gcc -o conftest -Wall -Wmissing-prototypes -Wpointer-arith -Wdeclaration-after-statement -Werror=vla -Wendif-labels -Wmissing-format-attribute -Wimplicit-fallthrough=3 -Wcast-function-type -Wshadow=compatible-local -Wformat-security -fno-strict-aliasing -fwrapv -fexcess-precision=standard -Wno-format-truncation -Wno-stringop-truncation -O2  -D_GNU_SOURCE    conftest.c -lm  >&5
configure:11936: $? = 0
configure:11953: result: none required
configure:11961: checking for library containing socket
configure:11992: gcc -o conftest -Wall -Wmissing-prototypes -Wpointer-arith -Wdeclaration-after-statement -Werror=vla -Wendif-labels -Wmissing-format-attribute -Wimplicit-fallthrough=3 -Wcast-function-type -Wshadow=compatible-local -Wformat-security -fno-strict-aliasing -fwrapv -fexcess-precision=standard -Wno-format-truncation -Wno-stringop-truncation -O2  -D_GNU_SOURCE    conftest.c -lm  >&5
configure:11992: $? = 0
configure:12009: result: none required
configure:12017: checking for library containing getopt_long
configure:12048: gcc -o conftest -Wall -Wmissing-prototypes -Wpointer-arith -Wdeclaration-after-statement -Werror=vla -Wendif-labels -Wmissing-format-attribute -Wimplicit-fallthrough=3 -Wcast-function-type -Wshadow=compatible-local -Wformat-security -fno-strict-aliasing -fwrapv -fexcess-precision=standard -Wno-format-truncation -Wno-stringop-truncation -O2  -D_GNU_SOURCE    conftest.c -lm  >&5
configure:12048: $? = 0
configure:12065: result: none required
configure:12073: checking for library containing shm_open
configure:12104: gcc -o conftest -Wall -Wmissing-prototypes -Wpointer-arith -Wdeclaration-after-statement -Werror=vla -Wendif-labels -Wmissing-format-attribute -Wimplicit-fallthrough=3 -Wcast-function-type -Wshadow=compatible-local -Wformat-security -fno-strict-aliasing -fwrapv -fexcess-precision=standard -Wno-format-truncation -Wno-stringop-truncation -O2  -D_GNU_SOURCE    conftest.c -lm  >&5
configure:12104: $? = 0
configure:12121: result: none required
configure:12129: checking for library containing shm_unlink
configure:12160: gcc -o conftest -Wall -Wmissing-prototypes -Wpointer-arith -Wdeclaration-after-statement -Werror=vla -Wendif-labels -Wmissing-format-attribute -Wimplicit-fallthrough=3 -Wcast-function-type -Wshadow=compatible-local -Wformat-security -fno-strict-aliasing -fwrapv -fexcess-precision=standard -Wno-format-truncation -Wno-stringop-truncation -O2  -D_GNU_SOURCE    conftest.c -lm  >&5
configure:12160: $? = 0
configure:12177: result: none required
configure:12185: checking for library containing clock_gettime
configure:12216: gcc -o conftest -Wall -Wmissing-prototypes -Wpointer-arith -Wdeclaration-after-statement -Werror=vla -Wendif-labels -Wmissing-format-attribute -Wimplicit-fallthrough=3 -Wcast-function-type -Wshadow=compatible-local -Wformat-security -fno-strict-aliasing -fwrapv -fexcess-precision=standard -Wno-format-truncation -Wno-stringop-truncation -O2  -D_GNU_SOURCE    conftest.c -lm  >&5
configure:12216: $? = 0
configure:12233: result: none required
configure:12242: checking for library containing fdatasync
configure:12273: gcc -o conftest -Wall -Wmissing-prototypes -Wpointer-arith -Wdeclaration-after-statement -Werror=vla -Wendif-labels -Wmissing-format-attribute -Wimplicit-fallthrough=3 -Wcast-function-type -Wshadow=compatible-local -Wformat-security -fno-strict-aliasing -fwrapv -fexcess-precision=standard -Wno-format-truncation -Wno-stringop-truncation -O2  -D_GNU_SOURCE    conftest.c -lm  >&5
configure:12273: $? = 0
configure:12290: result: none required
configure:12299: checking for library containing shmget
configure:12330: gcc -o conftest -Wall -Wmissing-prototypes -Wpointer-arith -Wdeclaration-after-statement -Werror=vla -Wendif-labels -Wmissing-format-attribute -Wimplicit-fallthrough=3 -Wcast-function-type -Wshadow=compatible-local -Wformat-security -fno-strict-aliasing -fwrapv -fexcess-precision=standard -Wno-format-truncation -Wno-stringop-truncation -O2  -D_GNU_SOURCE    conftest.c -lm  >&5
configure:12330: $? = 0
configure:12347: result: none required
configure:12356: checking for library containing backtrace_symbols
configure:12387: gcc -o conftest -Wall -Wmissing-prototypes -Wpointer-arith -Wdeclaration-after-statement -Werror=vla -Wendif-labels -Wmissing-format-attribute -Wimplicit-fallthrough=3 -Wcast-function-type -Wshadow=compatible-local -Wformat-security -fno-strict-aliasing -fwrapv -fexcess-precision=standard -Wno-format-truncation -Wno-stringop-truncation -O2  -D_GNU_SOURCE    conftest.c -lm  >&5
configure:12387: $? = 0
configure:12404: result: none required
configure:12414: checking for library containing pthread_barrier_wait
configure:12445: gcc -o conftest -Wall -Wmissing-prototypes -Wpointer-arith -Wdeclaration-after-statement -Werror=vla -Wendif-labels -Wmissing-format-attribute -Wimplicit-fallthrough=3 -Wcast-function-type -Wshadow=compatible-local -Wformat-security -fno-strict-aliasing -fwrapv -fexcess-precision=standard -Wno-format-truncation -Wno-stringop-truncation -O2  -D_GNU_SOURCE    conftest.c -lm  >&5
configure:12445: $? = 0
configure:12462: result: none required
configure:12475: checking for library containing readline
configure:12507: gcc -o conftest -Wall -Wmissing-prototypes -Wpointer-arith -Wdeclaration-after-statement -Werror=vla -Wendif-labels -Wmissing-format-attribute -Wimplicit-fallthrough=3 -Wcast-function-type -Wshadow=compatible-local -Wformat-security -fno-strict-aliasing -fwrapv -fexcess-precision=standard -Wno-format-truncation -Wno-stringop-truncation -O2  -D_GNU_SOURCE    conftest.c -lreadline -lm  >&5
configure:12507: $? = 0
configure:12533: result: -lreadline
configure:12552: checking for inflate in -lz
configure:12577: gcc -o conftest -Wall -Wmissing-prototypes -Wpointer-arith -Wdeclaration-after-statement -Werror=vla -Wendif-labels -Wmissing-format-attribute -Wimplicit-fallthrough=3 -Wcast-function-type -Wshadow=compatible-local -Wformat-security -fno-strict-aliasing -fwrapv -fexcess-precision=standard -Wno-format-truncation -Wno-stringop-truncation -O2  -D_GNU_SOURCE    conftest.c -lz  -lreadline -lm  >&5
configure:12577: $? = 0
configure:12586: result: yes
configure:13666: checking for stdbool.h that conforms to C99
configure:13733: gcc -c -Wall -Wmissing-prototypes -Wpointer-arith -Wdeclaration-after-statement -Werror=vla -Wendif-labels -Wmissing-format-attribute -Wimplicit-fallthrough=3 -Wcast-function-type -Wshadow=compatible-local -Wformat-security -fno-strict-aliasing -fwrapv -fexcess-precision=standard -Wno-format-truncation -Wno-stringop-truncation -O2  -D_GNU_SOURCE  conftest.c >&5
conftest.c: In function 'main':
conftest.c:90:14: warning: the address of 's' will always evaluate as 'true' [-Waddress]
   90 |              bool e = &s;
      |              ^~~~
conftest.c:94:22: warning: the address of 'a' will always evaluate as 'true' [-Waddress]
   94 |              return (!a + !b + !c + !d + !e + !f + !g + !h + !i + !!j + !k + !!l
      |                      ^
conftest.c:94:27: warning: the address of 'b' will always evaluate as 'true' [-Waddress]
   94 |              return (!a + !b + !c + !d + !e + !f + !g + !h + !i + !!j + !k + !!l
      |                           ^
conftest.c:94:32: warning: the address of 'c' will always evaluate as 'true' [-Waddress]
   94 |              return (!a + !b + !c + !d + !e + !f + !g + !h + !i + !!j + !k + !!l
      |                                ^
conftest.c:94:37: warning: the address of 'd' will always evaluate as 'true' [-Waddress]
   94 |              return (!a + !b + !c + !d + !e + !f + !g + !h + !i + !!j + !k + !!l
      |                                     ^
conftest.c:94:47: warning: the address of 'f' will always evaluate as 'true' [-Waddress]
   94 |              return (!a + !b + !c + !d + !e + !f + !g + !h + !i + !!j + !k + !!l
      |                                               ^
conftest.c:94:52: warning: the address of 'g' will always evaluate as 'true' [-Waddress]
   94 |              return (!a + !b + !c + !d + !e + !f + !g + !h + !i + !!j + !k + !!l
      |                                                    ^
conftest.c:94:57: warning: the address of 'h' will always evaluate as 'true' [-Waddress]
   94 |              return (!a + !b + !c + !d + !e + !f + !g + !h + !i + !!j + !k + !!l
      |                                                         ^
conftest.c:94:62: warning: the address of 'i' will always evaluate as 'true' [-Waddress]
   94 |              return (!a + !b + !c + !d + !e + !f + !g + !h + !i + !!j + !k + !!l
      |                                                              ^
conftest.c:95:29: warning: the address of 'n' will always evaluate as 'true' [-Waddress]
   95 |                      + !m + !n + !o + !p + !q + !pq);
      |                             ^
conftest.c:95:34: warning: the address of 'o' will always evaluate as 'true' [-Waddress]
   95 |                      + !m + !n + !o + !p + !q + !pq);
      |                                  ^
conftest.c:95:39: warning: the address of 'p' will always evaluate as 'true' [-Waddress]
   95 |                      + !m + !n + !o + !p + !q + !pq);
      |                                       ^
configure:13733: $? = 0
configure:13740: result: yes
configure:13742: checking for _Bool
configure:13742: gcc -c -Wall -Wmissing-prototypes -Wpointer-arith -Wdeclaration-after-statement -Werror=vla -Wendif-labels -Wmissing-format-attribute -Wimplicit-fallthrough=3 -Wcast-function-type -Wshadow=compatible-local -Wformat-security -fno-strict-aliasing -fwrapv -fexcess-precision=standard -Wno-format-truncation -Wno-stringop-truncation -O2  -D_GNU_SOURCE  conftest.c >&5
configure:13742: $? = 0
configure:13742: gcc -c -Wall -Wmissing-prototypes -Wpointer-arith -Wdeclaration-after-statement -Werror=vla -Wendif-labels -Wmissing-format-attribute -Wimplicit-fallthrough=3 -Wcast-function-type -Wshadow=compatible-local -Wformat-security -fno-strict-aliasing -fwrapv -fexcess-precision=standard -Wno-format-truncation -Wno-stringop-truncation -O2  -D_GNU_SOURCE  conftest.c >&5
conftest.c: In function 'main':
conftest.c:77:20: error: expected expression before ')' token
   77 | if (sizeof ((_Bool)))
      |                    ^
configure:13742: $? = 1
configure: failed program was:
| /* confdefs.h */
| #define PACKAGE_NAME "PostgreSQL"
| #define PACKAGE_TARNAME "postgresql"
| #define PACKAGE_VERSION "16.6"
| #define PACKAGE_STRING "PostgreSQL 16.6"
| #define PACKAGE_BUGREPORT "pgsql-bugs@lists.postgresql.org"
| #define PACKAGE_URL "https://www.postgresql.org/"
| #define CONFIGURE_ARGS " '--prefix=/home/james/csi3130_project-1/.pg16-install' '--without-icu'"
| #define PG_MAJORVERSION "16"
| #define PG_MAJORVERSION_NUM 16
| #define PG_MINORVERSION_NUM 6
| #define PG_VERSION "16.6"
| #define DEF_PGPORT 5432
| #define DEF_PGPORT_STR "5432"
| #define BLCKSZ 8192
| #define RELSEG_SIZE 131072
| #define XLOG_BLCKSZ 8192
| #define HAVE_VISIBILITY_ATTRIBUTE 1
| #define DLSUFFIX ".so"
| #define ENABLE_THREAD_SAFETY 1
| #define PG_KRB_SRVNAM "postgres"
| #define STDC_HEADERS 1
| #define HAVE_SYS_TYPES_H 1
| #define HAVE_SYS_STAT_H 1
| #define HAVE_STDLIB_H 1
| #define HAVE_STRING_H 1
| #define HAVE_MEMORY_H 1
| #define HAVE_STRINGS_H 1
| #define HAVE_INTTYPES_H 1
| #define HAVE_STDINT_H 1
| #define HAVE_UNISTD_H 1
| #define HAVE_PTHREAD_PRIO_INHERIT 1
| #define HAVE_PTHREAD 1
| #define HAVE_STRERROR_R 1
| #define HAVE_LIBM 1
| #define HAVE_LIBREADLINE 1
| #define HAVE_LIBZ 1
| #define HAVE_SPINLOCKS 1
| #define HAVE_ATOMICS 1
| /* end confdefs.h.  */
| #include <stdio.h>
| #ifdef HAVE_SYS_TYPES_H
| # include <sys/types.h>
| #endif
| #ifdef HAVE_SYS_STAT_H
| # include <sys/stat.h>
| #endif
| #ifdef STDC_HEADERS
| # include <stdlib.h>
| # include <stddef.h>
| #else
| # ifdef HAVE_STDLIB_H
| #  include <stdlib.h>
| # endif
| #endif
| #ifdef HAVE_STRING_H
| # if !defined STDC_HEADERS && defined HAVE_MEMORY_H
| #  include <memory.h>
| # endif
| # include <string.h>
| #endif
| #ifdef HAVE_STRINGS_H
| # include <strings.h>
| #endif
| #ifdef HAVE_INTTYPES_H
| # include <inttypes.h>
| #endif
| #ifdef HAVE_STDINT_H
| # include <stdint.h>
| #endif
| #ifdef HAVE_UNISTD_H
| # include <unistd.h>
| #endif
| int
| main ()
| {
| if (sizeof ((_Bool)))
| 	    return 0;
|   ;
|   return 0;
| }
configure:13742: result: yes
configure:13763: checking atomic.h usability
configure:13763: gcc -c -Wall -Wmissing-prototypes -Wpointer-arith -Wdeclaration-after-statement -Werror=vla -Wendif-labels -Wmissing-format-attribute -Wimplicit-fallthrough=3 -Wcast-function-type -Wshadow=compatible-local -Wformat-security -fno-strict-aliasing -fwrapv -fexcess-precision=standard -Wno-format-truncation -Wno-stringop-truncation -O2  -D_GNU_SOURCE  conftest.c >&5
conftest.c:76:10: fatal error: atomic.h: No such file or directory
   76 | #include <atomic.h>
      |          ^~~~~~~~~~
compilation terminated.
configure:13763: $? = 1
configure: failed program was:
| /* confdefs.h */
| #define PACKAGE_NAME "PostgreSQL"
| #define PACKAGE_TARNAME "postgresql"
| #define PACKAGE_VERSION "16.6"
| #define PACKAGE_STRING "PostgreSQL 16.6"
| #define PACKAGE_BUGREPORT "pgsql-bugs@lists.postgresql.org"
| #define PACKAGE_URL "https://www.postgresql.org/"
| #define CONFIGURE_ARGS " '--prefix=/home/james/csi3130_project-1/.pg16-install' '--without-icu'"
| #define PG_MAJORVERSION "16"
| #define PG_MAJORVERSION_NUM 16
| #define PG_MINORVERSION_NUM 6
| #define PG_VERSION "16.6"
| #define DEF_PGPORT 5432
| #define DEF_PGPORT_STR "5432"
| #define BLCKSZ 8192
| #define RELSEG_SIZE 131072
| #define XLOG_BLCKSZ 8192
| #define HAVE_VISIBILITY_ATTRIBUTE 1
| #define DLSUFFIX ".so"
| #define ENABLE_THREAD_SAFETY 1
| #define PG_KRB_SRVNAM "postgres"
| #define STDC_HEADERS 1
| #define HAVE_SYS_TYPES_H 1
| #define HAVE_SYS_STAT_H 1
| #define HAVE_STDLIB_H 1
| #define HAVE_STRING_H 1
| #define HAVE_MEMORY_H 1
| #define HAVE_STRINGS_H 1
| #define HAVE_INTTYPES_H 1
| #define HAVE_STDINT_H 1
| #define HAVE_UNISTD_H 1
| #define HAVE_PTHREAD_PRIO_INHERIT 1
| #define HAVE_PTHREAD 1
| #define HAVE_STRERROR_R 1
| #define HAVE_LIBM 1
| #define HAVE_LIBREADLINE 1
| #define HAVE_LIBZ 1
| #define HAVE_SPINLOCKS 1
| #define HAVE_ATOMICS 1
| #define HAVE__BOOL 1
| #define HAVE_STDBOOL_H 1
| /* end confdefs.h.  */
| #include <stdio.h>
| #ifdef HAVE_SYS_TYPES_H
| # include <sys/types.h>
| #endif
| #ifdef HAVE_SYS_STAT_H
| # include <sys/stat.h>
| #endif
| #ifdef STDC_HEADERS
| # include <stdlib.h>
| # include <stddef.h>
| #else
| # ifdef HAVE_STDLIB_H
| #  include <stdlib.h>
| # endif
| #endif
| #ifdef HAVE_STRING_H
| # if !defined STDC_HEADERS && defined HAVE_MEMORY_H
| #  include <memory.h>
| # endif
| # include <string.h>
| #endif
| #ifdef HAVE_STRINGS_H
| # include <strings.h>
| #endif
| #ifdef HAVE_INTTYPES_H
| # include <inttypes.h>
| #endif
| #ifdef HAVE_STDINT_H
| # include <stdint.h>
| #endif
| #ifdef HAVE_UNISTD_H
| # include <unistd.h>
| #endif
| #include <atomic.h>
configure:13763: result: no
configure:13763: checking atomic.h presence
configure:13763: gcc -E  -D_GNU_SOURCE  conftest.c
conftest.c:43:10: fatal error: atomic.h: No such file or directory
   43 | #include <atomic.h>
      |          ^~~~~~~~~~
compilation terminated.
configure:13763: $? = 1
configure: failed program was:
| /* confdefs.h */
| #define PACKAGE_NAME "PostgreSQL"
| #define PACKAGE_TARNAME "postgresql"
| #define PACKAGE_VERSION "16.6"
| #define PACKAGE_STRING "PostgreSQL 16.6"
| #define PACKAGE_BUGREPORT "pgsql-bugs@lists.postgresql.org"
| #define PACKAGE_URL "https://www.postgresql.org/"
| #define CONFIGURE_ARGS " '--prefix=/home/james/csi3130_project-1/.pg16-install' '--without-icu'"
| #define PG_MAJORVERSION "16"
| #define PG_MAJORVERSION_NUM 16
| #define PG_MINORVERSION_NUM 6
| #define PG_VERSION "16.6"
| #define DEF_PGPORT 5432
| #define DEF_PGPORT_STR "5432"
| #define BLCKSZ 8192
| #define RELSEG_SIZE 131072
| #define XLOG_BLCKSZ 8192
| #define HAVE_VISIBILITY_ATTRIBUTE 1
| #define DLSUFFIX ".so"
| #define ENABLE_THREAD_SAFETY 1
| #define PG_KRB_SRVNAM "postgres"
| #define STDC_HEADERS 1
| #define HAVE_SYS_TYPES_H 1
| #define HAVE_SYS_STAT_H 1
| #define HAVE_STDLIB_H 1
| #define HAVE_STRING_H 1
| #define HAVE_MEMORY_H 1
| #define HAVE_STRINGS_H 1
| #define HAVE_INTTYPES_H 1
| #define HAVE_STDINT_H 1
| #define HAVE_UNISTD_H 1
| #define HAVE_PTHREAD_PRIO_INHERIT 1
| #define HAVE_PTHREAD 1
| #define HAVE_STRERROR_R 1
| #define HAVE_LIBM 1
| #define HAVE_LIBREADLINE 1
| #define HAVE_LIBZ 1
| #define HAVE_SPINLOCKS 1
| #define HAVE_ATOMICS 1
| #define HAVE__BOOL 1
| #define HAVE_STDBOOL_H 1
| /* end confdefs.h.  */
| #include <atomic.h>
configure:13763: result: no
configure:13763: checking for atomic.h
configure:13763: result: no
configure:13763: checking copyfile.h usability
configure:13763: gcc -c -Wall -Wmissing-prototypes -Wpointer-arith -Wdeclaration-after-statement -Werror=vla -Wendif-labels -Wmissing-format-attribute -Wimplicit-fallthrough=3 -Wcast-function-type -Wshadow=compatible-local -Wformat-security -fno-strict-aliasing -fwrapv -fexcess-precision=standard -Wno-format-truncation -Wno-stringop-truncation -O2  -D_GNU_SOURCE  conftest.c >&5
conftest.c:76:10: fatal error: copyfile.h: No such file or directory
   76 | #include <copyfile.h>
      |          ^~~~~~~~~~~~
compilation terminated.
configure:13763: $? = 1
configure: failed program was:
| /* confdefs.h */
| #define PACKAGE_NAME "PostgreSQL"
| #define PACKAGE_TARNAME "postgresql"
| #define PACKAGE_VERSION "16.6"
| #define PACKAGE_STRING "PostgreSQL 16.6"
| #define PACKAGE_BUGREPORT "pgsql-bugs@lists.postgresql.org"
| #define PACKAGE_URL "https://www.postgresql.org/"
| #define CONFIGURE_ARGS " '--prefix=/home/james/csi3130_project-1/.pg16-install' '--without-icu'"
| #define PG_MAJORVERSION "16"
| #define PG_MAJORVERSION_NUM 16
| #define PG_MINORVERSION_NUM 6
| #define PG_VERSION "16.6"
| #define DEF_PGPORT 5432
| #define DEF_PGPORT_STR "5432"
| #define BLCKSZ 8192
| #define RELSEG_SIZE 131072
| #define XLOG_BLCKSZ 8192
| #define HAVE_VISIBILITY_ATTRIBUTE 1
| #define DLSUFFIX ".so"
| #define ENABLE_THREAD_SAFETY 1
| #define PG_KRB_SRVNAM "postgres"
| #define STDC_HEADERS 1
| #define HAVE_SYS_TYPES_H 1
| #define HAVE_SYS_STAT_H 1
| #define HAVE_STDLIB_H 1
| #define HAVE_STRING_H 1
| #define HAVE_MEMORY_H 1
| #define HAVE_STRINGS_H 1
| #define HAVE_INTTYPES_H 1
| #define HAVE_STDINT_H 1
| #define HAVE_UNISTD_H 1
| #define HAVE_PTHREAD_PRIO_INHERIT 1
| #define HAVE_PTHREAD 1
| #define HAVE_STRERROR_R 1
| #define HAVE_LIBM 1
| #define HAVE_LIBREADLINE 1
| #define HAVE_LIBZ 1
| #define HAVE_SPINLOCKS 1
| #define HAVE_ATOMICS 1
| #define HAVE__BOOL 1
| #define HAVE_STDBOOL_H 1
| /* end confdefs.h.  */
| #include <stdio.h>
| #ifdef HAVE_SYS_TYPES_H
| # include <sys/types.h>
| #endif
| #ifdef HAVE_SYS_STAT_H
| # include <sys/stat.h>
| #endif
| #ifdef STDC_HEADERS
| # include <stdlib.h>
| # include <stddef.h>
| #else
| # ifdef HAVE_STDLIB_H
| #  include <stdlib.h>
| # endif
| #endif
| #ifdef HAVE_STRING_H
| # if !defined STDC_HEADERS && defined HAVE_MEMORY_H
| #  include <memory.h>
| # endif
| # include <string.h>
| #endif
| #ifdef HAVE_STRINGS_H
| # include <strings.h>
| #endif
| #ifdef HAVE_INTTYPES_H
| # include <inttypes.h>
| #endif
| #ifdef HAVE_STDINT_H
| # include <stdint.h>
| #endif
| #ifdef HAVE_UNISTD_H
| # include <unistd.h>
| #endif
| #include <copyfile.h>
configure:13763: result: no
configure:13763: checking copyfile.h presence
configure:13763: gcc -E  -D_GNU_SOURCE  conftest.c
conftest.c:43:10: fatal error: copyfile.h: No such file or directory
   43 | #include <copyfile.h>
      |          ^~~~~~~~~~~~
compilation terminated.
configure:13763: $? = 1
configure: failed program was:
| /* confdefs.h */
| #define PACKAGE_NAME "PostgreSQL"
| #define PACKAGE_TARNAME "postgresql"
| #define PACKAGE_VERSION "16.6"
| #define PACKAGE_STRING "PostgreSQL 16.6"
| #define PACKAGE_BUGREPORT "pgsql-bugs@lists.postgresql.org"
| #define PACKAGE_URL "https://www.postgresql.org/"
| #define CONFIGURE_ARGS " '--prefix=/home/james/csi3130_project-1/.pg16-install' '--without-icu'"
| #define PG_MAJORVERSION "16"
| #define PG_MAJORVERSION_NUM 16
| #define PG_MINORVERSION_NUM 6
| #define PG_VERSION "16.6"
| #define DEF_PGPORT 5432
| #define DEF_PGPORT_STR "5432"
| #define BLCKSZ 8192
| #define RELSEG_SIZE 131072
| #define XLOG_BLCKSZ 8192
| #define HAVE_VISIBILITY_ATTRIBUTE 1
| #define DLSUFFIX ".so"
| #define ENABLE_THREAD_SAFETY 1
| #define PG_KRB_SRVNAM "postgres"
| #define STDC_HEADERS 1
| #define HAVE_SYS_TYPES_H 1
| #define HAVE_SYS_STAT_H 1
| #define HAVE_STDLIB_H 1
| #define HAVE_STRING_H 1
| #define HAVE_MEMORY_H 1
| #define HAVE_STRINGS_H 1
| #define HAVE_INTTYPES_H 1
| #define HAVE_STDINT_H 1
| #define HAVE_UNISTD_H 1
| #define HAVE_PTHREAD_PRIO_INHERIT 1
| #define HAVE_PTHREAD 1
| #define HAVE_STRERROR_R 1
| #define HAVE_LIBM 1
| #define HAVE_LIBREADLINE 1
| #define HAVE_LIBZ 1
| #define HAVE_SPINLOCKS 1
| #define HAVE_ATOMICS 1
| #define HAVE__BOOL 1
| #define HAVE_STDBOOL_H 1
| /* end confdefs.h.  */
| #include <copyfile.h>
configure:13763: result: no
configure:13763: checking for copyfile.h
configure:13763: result: no
configure:13763: checking execinfo.h usability
configure:13763: gcc -c -Wall -Wmissing-prototypes -Wpointer-arith -Wdeclaration-after-statement -Werror=vla -Wendif-labels -Wmissing-format-attribute -Wimplicit-fallthrough=3 -Wcast-function-type -Wshadow=compatible-local -Wformat-security -fno-strict-aliasing -fwrapv -fexcess-precision=standard -Wno-format-truncation -Wno-stringop-truncation -O2  -D_GNU_SOURCE  conftest.c >&5
configure:13763: $? = 0
configure:13763: result: yes
configure:13763: checking execinfo.h presence
configure:13763: gcc -E  -D_GNU_SOURCE  conftest.c
configure:13763: $? = 0
configure:13763: result: yes
configure:13763: checking for execinfo.h
configure:13763: result: yes
configure:13763: checking getopt.h usability
configure:13763: gcc -c -Wall -Wmissing-prototypes -Wpointer-arith -Wdeclaration-after-statement -Werror=vla -Wendif-labels -Wmissing-format-attribute -Wimplicit-fallthrough=3 -Wcast-function-type -Wshadow=compatible-local -Wformat-security -fno-strict-aliasing -fwrapv -fexcess-precision=standard -Wno-format-truncation -Wno-stringop-truncation -O2  -D_GNU_SOURCE  conftest.c >&5
configure:13763: $? = 0
configure:13763: result: yes
configure:13763: checking getopt.h presence
configure:13763: gcc -E  -D_GNU_SOURCE  conftest.c
configure:13763: $? = 0
configure:13763: result: yes
configure:13763: checking for getopt.h
configure:13763: result: yes
configure:13763: checking ifaddrs.h usability
configure:13763: gcc -c -Wall -Wmissing-prototypes -Wpointer-arith -Wdeclaration-after-statement -Werror=vla -Wendif-labels -Wmissing-format-attribute -Wimplicit-fallthrough=3 -Wcast-function-type -Wshadow=compatible-local -Wformat-security -fno-strict-aliasing -fwrapv -fexcess-precision=standard -Wno-format-truncation -Wno-stringop-truncation -O2  -D_GNU_SOURCE  conftest.c >&5
configure:13763: $? = 0
configure:13763: result: yes
configure:13763: checking ifaddrs.h presence
configure:13763: gcc -E  -D_GNU_SOURCE  conftest.c
configure:13763: $? = 0
configure:13763: result: yes
configure:13763: checking for ifaddrs.h
configure:13763: result: yes
configure:13763: checking langinfo.h usability
configure:13763: gcc -c -Wall -Wmissing-prototypes -Wpointer-arith -Wdeclaration-after-statement -Werror=vla -Wendif-labels -Wmissing-format-attribute -Wimplicit-fallthrough=3 -Wcast-function-type -Wshadow=compatible-local -Wformat-security -fno-strict-aliasing -fwrapv -fexcess-precision=standard -Wno-format-truncation -Wno-stringop-truncation -O2  -D_GNU_SOURCE  conftest.c >&5
configure:13763: $? = 0
configure:13763: result: yes
configure:13763: checking langinfo.h presence
configure:13763: gcc -E  -D_GNU_SOURCE  conftest.c
configure:13763: $? = 0
configure:13763: result: yes
configure:13763: checking for langinfo.h
configure:13763: result: yes
configure:13763: checking mbarrier.h usability
configure:13763: gcc -c -Wall -Wmissing-prototypes -Wpointer-arith -Wdeclaration-after-statement -Werror=vla -Wendif-labels -Wmissing-format-attribute -Wimplicit-fallthrough=3 -Wcast-function-type -Wshadow=compatible-local -Wformat-security -fno-strict-aliasing -fwrapv -fexcess-precision=standard -Wno-format-truncation -Wno-stringop-truncation -O2  -D_GNU_SOURCE  conftest.c >&5
conftest.c:80:10: fatal error: mbarrier.h: No such file or directory
   80 | #include <mbarrier.h>
      |          ^~~~~~~~~~~~
compilation terminated.
configure:13763: $? = 1
configure: failed program was:
| /* confdefs.h */
| #define PACKAGE_NAME "PostgreSQL"
| #define PACKAGE_TARNAME "postgresql"
| #define PACKAGE_VERSION "16.6"
| #define PACKAGE_STRING "PostgreSQL 16.6"
| #define PACKAGE_BUGREPORT "pgsql-bugs@lists.postgresql.org"
| #define PACKAGE_URL "https://www.postgresql.org/"
| #define CONFIGURE_ARGS " '--prefix=/home/james/csi3130_project-1/.pg16-install' '--without-icu'"
| #define PG_MAJORVERSION "16"
| #define PG_MAJORVERSION_NUM 16
| #define PG_MINORVERSION_NUM 6
| #define PG_VERSION "16.6"
| #define DEF_PGPORT 5432
| #define DEF_PGPORT_STR "5432"
| #define BLCKSZ 8192
| #define RELSEG_SIZE 131072
| #define XLOG_BLCKSZ 8192
| #define HAVE_VISIBILITY_ATTRIBUTE 1
| #define DLSUFFIX ".so"
| #define ENABLE_THREAD_SAFETY 1
| #define PG_KRB_SRVNAM "postgres"
| #define STDC_HEADERS 1
| #define HAVE_SYS_TYPES_H 1
| #define HAVE_SYS_STAT_H 1
| #define HAVE_STDLIB_H 1
| #define HAVE_STRING_H 1
| #define HAVE_MEMORY_H 1
| #define HAVE_STRINGS_H 1
| #define HAVE_INTTYPES_H 1
| #define HAVE_STDINT_H 1
| #define HAVE_UNISTD_H 1
| #define HAVE_PTHREAD_PRIO_INHERIT 1
| #define HAVE_PTHREAD 1
| #define HAVE_STRERROR_R 1
| #define HAVE_LIBM 1
| #define HAVE_LIBREADLINE 1
| #define HAVE_LIBZ 1
| #define HAVE_SPINLOCKS 1
| #define HAVE_ATOMICS 1
| #define HAVE__BOOL 1
| #define HAVE_STDBOOL_H 1
| #define HAVE_EXECINFO_H 1
| #define HAVE_GETOPT_H 1
| #define HAVE_IFADDRS_H 1
| #define HAVE_LANGINFO_H 1
| /* end confdefs.h.  */
| #include <stdio.h>
| #ifdef HAVE_SYS_TYPES_H
| # include <sys/types.h>
| #endif
| #ifdef HAVE_SYS_STAT_H
| # include <sys/stat.h>
| #endif
| #ifdef STDC_HEADERS
| # include <stdlib.h>
| # include <stddef.h>
| #else
| # ifdef HAVE_STDLIB_H
| #  include <stdlib.h>
| # endif
| #endif
| #ifdef HAVE_STRING_H
| # if !defined STDC_HEADERS && defined HAVE_MEMORY_H
| #  include <memory.h>
| # endif
| # include <string.h>
| #endif
| #ifdef HAVE_STRINGS_H
| # include <strings.h>
| #endif
| #ifdef HAVE_INTTYPES_H
| # include <inttypes.h>
| #endif
| #ifdef HAVE_STDINT_H
| # include <stdint.h>
| #endif
| #ifdef HAVE_UNISTD_H
| # include <unistd.h>
| #endif
| #include <mbarrier.h>
configure:13763: result: no
configure:13763: checking mbarrier.h presence
configure:13763: gcc -E  -D_GNU_SOURCE  conftest.c
conftest.c:47:10: fatal error: mbarrier.h: No such file or directory
   47 | #include <mbarrier.h>
      |          ^~~~~~~~~~~~
compilation terminated.
configure:13763: $? = 1
configure: failed program was:
| /* confdefs.h */
| #define PACKAGE_NAME "PostgreSQL"
| #define PACKAGE_TARNAME "postgresql"
| #define PACKAGE_VERSION "16.6"
| #define PACKAGE_STRING "PostgreSQL 16.6"
| #define PACKAGE_BUGREPORT "pgsql-bugs@lists.postgresql.org"
| #define PACKAGE_URL "https://www.postgresql.org/"
| #define CONFIGURE_ARGS " '--prefix=/home/james/csi3130_project-1/.pg16-install' '--without-icu'"
| #define PG_MAJORVERSION "16"
| #define PG_MAJORVERSION_NUM 16
| #define PG_MINORVERSION_NUM 6
| #define PG_VERSION "16.6"
| #define DEF_PGPORT 5432
| #define DEF_PGPORT_STR "5432"
| #define BLCKSZ 8192
| #define RELSEG_SIZE 131072
| #define XLOG_BLCKSZ 8192
| #define HAVE_VISIBILITY_ATTRIBUTE 1
| #define DLSUFFIX ".so"
| #define ENABLE_THREAD_SAFETY 1
| #define PG_KRB_SRVNAM "postgres"
| #define STDC_HEADERS 1
| #define HAVE_SYS_TYPES_H 1
| #define HAVE_SYS_STAT_H 1
| #define HAVE_STDLIB_H 1
| #define HAVE_STRING_H 1
| #define HAVE_MEMORY_H 1
| #define HAVE_STRINGS_H 1
| #define HAVE_INTTYPES_H 1
| #define HAVE_STDINT_H 1
| #define HAVE_UNISTD_H 1
| #define HAVE_PTHREAD_PRIO_INHERIT 1
| #define HAVE_PTHREAD 1
| #define HAVE_STRERROR_R 1
| #define HAVE_LIBM 1
| #define HAVE_LIBREADLINE 1
| #define HAVE_LIBZ 1
| #define HAVE_SPINLOCKS 1
| #define HAVE_ATOMICS 1
| #define HAVE__BOOL 1
| #define HAVE_STDBOOL_H 1
| #define HAVE_EXECINFO_H 1
| #define HAVE_GETOPT_H 1
| #define HAVE_IFADDRS_H 1
| #define HAVE_LANGINFO_H 1
| /* end confdefs.h.  */
| #include <mbarrier.h>
configure:13763: result: no
configure:13763: checking for mbarrier.h
configure:13763: result: no
configure:13763: checking sys/epoll.h usability
configure:13763: gcc -c -Wall -Wmissing-prototypes -Wpointer-arith -Wdeclaration-after-statement -Werror=vla -Wendif-labels -Wmissing-format-attribute -Wimplicit-fallthrough=3 -Wcast-function-type -Wshadow=compatible-local -Wformat-security -fno-strict-aliasing -fwrapv -fexcess-precision=standard -Wno-format-truncation -Wno-stringop-truncation -O2  -D_GNU_SOURCE  conftest.c >&5
configure:13763: $? = 0
configure:13763: result: yes
configure:13763: checking sys/epoll.h presence
configure:13763: gcc -E  -D_GNU_SOURCE  conftest.c
configure:13763: $? = 0
configure:13763: result: yes
configure:13763: checking for sys/epoll.h
configure:13763: result: yes
configure:13763: checking sys/event.h usability
configure:13763: gcc -c -Wall -Wmissing-prototypes -Wpointer-arith -Wdeclaration-after-statement -Werror=vla -Wendif-labels -Wmissing-format-attribute -Wimplicit-fallthrough=3 -Wcast-function-type -Wshadow=compatible-local -Wformat-security -fno-strict-aliasing -fwrapv -fexcess-precision=standard -Wno-format-truncation -Wno-stringop-truncation -O2  -D_GNU_SOURCE  conftest.c >&5
conftest.c:81:10: fatal error: sys/event.h: No such file or directory
   81 | #include <sys/event.h>
      |          ^~~~~~~~~~~~~
compilation terminated.
configure:13763: $? = 1
configure: failed program was:
| /* confdefs.h */
| #define PACKAGE_NAME "PostgreSQL"
| #define PACKAGE_TARNAME "postgresql"
| #define PACKAGE_VERSION "16.6"
| #define PACKAGE_STRING "PostgreSQL 16.6"
| #define PACKAGE_BUGREPORT "pgsql-bugs@lists.postgresql.org"
| #define PACKAGE_URL "https://www.postgresql.org/"
| #define CONFIGURE_ARGS " '--prefix=/home/james/csi3130_project-1/.pg16-install' '--without-icu'"
| #define PG_MAJORVERSION "16"
| #define PG_MAJORVERSION_NUM 16
| #define PG_MINORVERSION_NUM 6
| #define PG_VERSION "16.6"
| #define DEF_PGPORT 5432
| #define DEF_PGPORT_STR "5432"
| #define BLCKSZ 8192
| #define RELSEG_SIZE 131072
| #define XLOG_BLCKSZ 8192
| #define HAVE_VISIBILITY_ATTRIBUTE 1
| #define DLSUFFIX ".so"
| #define ENABLE_THREAD_SAFETY 1
| #define PG_KRB_SRVNAM "postgres"
| #define STDC_HEADERS 1
| #define HAVE_SYS_TYPES_H 1
| #define HAVE_SYS_STAT_H 1
| #define HAVE_STDLIB_H 1
| #define HAVE_STRING_H 1
| #define HAVE_MEMORY_H 1
| #define HAVE_STRINGS_H 1
| #define HAVE_INTTYPES_H 1
| #define HAVE_STDINT_H 1
| #define HAVE_UNISTD_H 1
| #define HAVE_PTHREAD_PRIO_INHERIT 1
| #define HAVE_PTHREAD 1
| #define HAVE_STRERROR_R 1
| #define HAVE_LIBM 1
| #define HAVE_LIBREADLINE 1
| #define HAVE_LIBZ 1
| #define HAVE_SPINLOCKS 1
| #define HAVE_ATOMICS 1
| #define HAVE__BOOL 1
| #define HAVE_STDBOOL_H 1
| #define HAVE_EXECINFO_H 1
| #define HAVE_GETOPT_H 1
| #define HAVE_IFADDRS_H 1
| #define HAVE_LANGINFO_H 1
| #define HAVE_SYS_EPOLL_H 1
| /* end confdefs.h.  */
| #include <stdio.h>
| #ifdef HAVE_SYS_TYPES_H
| # include <sys/types.h>
| #endif
| #ifdef HAVE_SYS_STAT_H
| # include <sys/stat.h>
| #endif
| #ifdef STDC_HEADERS
| # include <stdlib.h>
| # include <stddef.h>
| #else
| # ifdef HAVE_STDLIB_H
| #  include <stdlib.h>
| # endif
| #endif
| #ifdef HAVE_STRING_H
| # if !defined STDC_HEADERS && defined HAVE_MEMORY_H
| #  include <memory.h>
| # endif
| # include <string.h>
| #endif
| #ifdef HAVE_STRINGS_H
| # include <strings.h>
| #endif
| #ifdef HAVE_INTTYPES_H
| # include <inttypes.h>
| #endif
| #ifdef HAVE_STDINT_H
| # include <stdint.h>
| #endif
| #ifdef HAVE_UNISTD_H
| # include <unistd.h>
| #endif
| #include <sys/event.h>
configure:13763: result: no
configure:13763: checking sys/event.h presence
configure:13763: gcc -E  -D_GNU_SOURCE  conftest.c
conftest.c:48:10: fatal error: sys/event.h: No such file or directory
   48 | #include <sys/event.h>
      |          ^~~~~~~~~~~~~
compilation terminated.
configure:13763: $? = 1
configure: failed program was:
| /* confdefs.h */
| #define PACKAGE_NAME "PostgreSQL"
| #define PACKAGE_TARNAME "postgresql"
| #define PACKAGE_VERSION "16.6"
| #define PACKAGE_STRING "PostgreSQL 16.6"
| #define PACKAGE_BUGREPORT "pgsql-bugs@lists.postgresql.org"
| #define PACKAGE_URL "https://www.postgresql.org/"
| #define CONFIGURE_ARGS " '--prefix=/home/james/csi3130_project-1/.pg16-install' '--without-icu'"
| #define PG_MAJORVERSION "16"
| #define PG_MAJORVERSION_NUM 16
| #define PG_MINORVERSION_NUM 6
| #define PG_VERSION "16.6"
| #define DEF_PGPORT 5432
| #define DEF_PGPORT_STR "5432"
| #define BLCKSZ 8192
| #define RELSEG_SIZE 131072
| #define XLOG_BLCKSZ 8192
| #define HAVE_VISIBILITY_ATTRIBUTE 1
| #define DLSUFFIX ".so"
| #define ENABLE_THREAD_SAFETY 1
| #define PG_KRB_SRVNAM "postgres"
| #define STDC_HEADERS 1
| #define HAVE_SYS_TYPES_H 1
| #define HAVE_SYS_STAT_H 1
| #define HAVE_STDLIB_H 1
| #define HAVE_STRING_H 1
| #define HAVE_MEMORY_H 1
| #define HAVE_STRINGS_H 1
| #define HAVE_INTTYPES_H 1
| #define HAVE_STDINT_H 1
| #define HAVE_UNISTD_H 1
| #define HAVE_PTHREAD_PRIO_INHERIT 1
| #define HAVE_PTHREAD 1
| #define HAVE_STRERROR_R 1
| #define HAVE_LIBM 1
| #define HAVE_LIBREADLINE 1
| #define HAVE_LIBZ 1
| #define HAVE_SPINLOCKS 1
| #define HAVE_ATOMICS 1
| #define HAVE__BOOL 1
| #define HAVE_STDBOOL_H 1
| #define HAVE_EXECINFO_H 1
| #define HAVE_GETOPT_H 1
| #define HAVE_IFADDRS_H 1
| #define HAVE_LANGINFO_H 1
| #define HAVE_SYS_EPOLL_H 1
| /* end confdefs.h.  */
| #include <sys/event.h>
configure:13763: result: no
configure:13763: checking for sys/event.h
configure:13763: result: no
configure:13763: checking sys/personality.h usability
configure:13763: gcc -c -Wall -Wmissing-prototypes -Wpointer-arith -Wdeclaration-after-statement -Werror=vla -Wendif-labels -Wmissing-format-attribute -Wimplicit-fallthrough=3 -Wcast-function-type -Wshadow=compatible-local -Wformat-security -fno-strict-aliasing -fwrapv -fexcess-precision=standard -Wno-format-truncation -Wno-stringop-truncation -O2  -D_GNU_SOURCE  conftest.c >&5
configure:13763: $? = 0
configure:13763: result: yes
configure:13763: checking sys/personality.h presence
configure:13763: gcc -E  -D_GNU_SOURCE  conftest.c
configure:13763: $? = 0
configure:13763: result: yes
configure:13763: checking for sys/personality.h
configure:13763: result: yes
configure:13763: checking sys/prctl.h usability
configure:13763: gcc -c -Wall -Wmissing-prototypes -Wpointer-arith -Wdeclaration-after-statement -Werror=vla -Wendif-labels -Wmissing-format-attribute -Wimplicit-fallthrough=3 -Wcast-function-type -Wshadow=compatible-local -Wformat-security -fno-strict-aliasing -fwrapv -fexcess-precision=standard -Wno-format-truncation -Wno-stringop-truncation -O2  -D_GNU_SOURCE  conftest.c >&5
configure:13763: $? = 0
configure:13763: result: yes
configure:13763: checking sys/prctl.h presence
configure:13763: gcc -E  -D_GNU_SOURCE  conftest.c
configure:13763: $? = 0
configure:13763: result: yes
configure:13763: checking for sys/prctl.h
configure:13763: result: yes
configure:13763: checking sys/procctl.h usability
configure:13763: gcc -c -Wall -Wmissing-prototypes -Wpointer-arith -Wdeclaration-after-statement -Werror=vla -Wendif-labels -Wmissing-format-attribute -Wimplicit-fallthrough=3 -Wcast-function-type -Wshadow=compatible-local -Wformat-security -fno-strict-aliasing -fwrapv -fexcess-precision=standard -Wno-format-truncation -Wno-stringop-truncation -O2  -D_GNU_SOURCE  conftest.c >&5
conftest.c:83:10: fatal error: sys/procctl.h: No such file or directory
   83 | #include <sys/procctl.h>
      |          ^~~~~~~~~~~~~~~
compilation terminated.
configure:13763: $? = 1
configure: failed program was:
| /* confdefs.h */
| #define PACKAGE_NAME "PostgreSQL"
| #define PACKAGE_TARNAME "postgresql"
| #define PACKAGE_VERSION "16.6"
| #define PACKAGE_STRING "PostgreSQL 16.6"
| #define PACKAGE_BUGREPORT "pgsql-bugs@lists.postgresql.org"
| #define PACKAGE_URL "https://www.postgresql.org/"
| #define CONFIGURE_ARGS " '--prefix=/home/james/csi3130_project-1/.pg16-install' '--without-icu'"
| #define PG_MAJORVERSION "16"
| #define PG_MAJORVERSION_NUM 16
| #define PG_MINORVERSION_NUM 6
| #define PG_VERSION "16.6"
| #define DEF_PGPORT 5432
| #define DEF_PGPORT_STR "5432"
| #define BLCKSZ 8192
| #define RELSEG_SIZE 131072
| #define XLOG_BLCKSZ 8192
| #define HAVE_VISIBILITY_ATTRIBUTE 1
| #define DLSUFFIX ".so"
| #define ENABLE_THREAD_SAFETY 1
| #define PG_KRB_SRVNAM "postgres"
| #define STDC_HEADERS 1
| #define HAVE_SYS_TYPES_H 1
| #define HAVE_SYS_STAT_H 1
| #define HAVE_STDLIB_H 1
| #define HAVE_STRING_H 1
| #define HAVE_MEMORY_H 1
| #define HAVE_STRINGS_H 1
| #define HAVE_INTTYPES_H 1
| #define HAVE_STDINT_H 1
| #define HAVE_UNISTD_H 1
| #define HAVE_PTHREAD_PRIO_INHERIT 1
| #define HAVE_PTHREAD 1
| #define HAVE_STRERROR_R 1
| #define HAVE_LIBM 1
| #define HAVE_LIBREADLINE 1
| #define HAVE_LIBZ 1
| #define HAVE_SPINLOCKS 1
| #define HAVE_ATOMICS 1
| #define HAVE__BOOL 1
| #define HAVE_STDBOOL_H 1
| #define HAVE_EXECINFO_H 1
| #define HAVE_GETOPT_H 1
| #define HAVE_IFADDRS_H 1
| #define HAVE_LANGINFO_H 1
| #define HAVE_SYS_EPOLL_H 1
| #define HAVE_SYS_PERSONALITY_H 1
| #define HAVE_SYS_PRCTL_H 1
| /* end confdefs.h.  */
| #include <stdio.h>
| #ifdef HAVE_SYS_TYPES_H
| # include <sys/types.h>
| #endif
| #ifdef HAVE_SYS_STAT_H
| # include <sys/stat.h>
| #endif
| #ifdef STDC_HEADERS
| # include <stdlib.h>
| # include <stddef.h>
| #else
| # ifdef HAVE_STDLIB_H
| #  include <stdlib.h>
| # endif
| #endif
| #ifdef HAVE_STRING_H
| # if !defined STDC_HEADERS && defined HAVE_MEMORY_H
| #  include <memory.h>
| # endif
| # include <string.h>
| #endif
| #ifdef HAVE_STRINGS_H
| # include <strings.h>
| #endif
| #ifdef HAVE_INTTYPES_H
| # include <inttypes.h>
| #endif
| #ifdef HAVE_STDINT_H
| # include <stdint.h>
| #endif
| #ifdef HAVE_UNISTD_H
| # include <unistd.h>
| #endif
| #include <sys/procctl.h>
configure:13763: result: no
configure:13763: checking sys/procctl.h presence
configure:13763: gcc -E  -D_GNU_SOURCE  conftest.c
conftest.c:50:10: fatal error: sys/procctl.h: No such file or directory
   50 | #include <sys/procctl.h>
      |          ^~~~~~~~~~~~~~~
compilation terminated.
configure:13763: $? = 1
configure: failed program was:
| /* confdefs.h */
| #define PACKAGE_NAME "PostgreSQL"
| #define PACKAGE_TARNAME "postgresql"
| #define PACKAGE_VERSION "16.6"
| #define PACKAGE_STRING "PostgreSQL 16.6"
| #define PACKAGE_BUGREPORT "pgsql-bugs@lists.postgresql.org"
| #define PACKAGE_URL "https://www.postgresql.org/"
| #define CONFIGURE_ARGS " '--prefix=/home/james/csi3130_project-1/.pg16-install' '--without-icu'"
| #define PG_MAJORVERSION "16"
| #define PG_MAJORVERSION_NUM 16
| #define PG_MINORVERSION_NUM 6
| #define PG_VERSION "16.6"
| #define DEF_PGPORT 5432
| #define DEF_PGPORT_STR "5432"
| #define BLCKSZ 8192
| #define RELSEG_SIZE 131072
| #define XLOG_BLCKSZ 8192
| #define HAVE_VISIBILITY_ATTRIBUTE 1
| #define DLSUFFIX ".so"
| #define ENABLE_THREAD_SAFETY 1
| #define PG_KRB_SRVNAM "postgres"
| #define STDC_HEADERS 1
| #define HAVE_SYS_TYPES_H 1
| #define HAVE_SYS_STAT_H 1
| #define HAVE_STDLIB_H 1
| #define HAVE_STRING_H 1
| #define HAVE_MEMORY_H 1
| #define HAVE_STRINGS_H 1
| #define HAVE_INTTYPES_H 1
| #define HAVE_STDINT_H 1
| #define HAVE_UNISTD_H 1
| #define HAVE_PTHREAD_PRIO_INHERIT 1
| #define HAVE_PTHREAD 1
| #define HAVE_STRERROR_R 1
| #define HAVE_LIBM 1
| #define HAVE_LIBREADLINE 1
| #define HAVE_LIBZ 1
| #define HAVE_SPINLOCKS 1
| #define HAVE_ATOMICS 1
| #define HAVE__BOOL 1
| #define HAVE_STDBOOL_H 1
| #define HAVE_EXECINFO_H 1
| #define HAVE_GETOPT_H 1
| #define HAVE_IFADDRS_H 1
| #define HAVE_LANGINFO_H 1
| #define HAVE_SYS_EPOLL_H 1
| #define HAVE_SYS_PERSONALITY_H 1
| #define HAVE_SYS_PRCTL_H 1
| /* end confdefs.h.  */
| #include <sys/procctl.h>
configure:13763: result: no
configure:13763: checking for sys/procctl.h
configure:13763: result: no
configure:13763: checking sys/signalfd.h usability
configure:13763: gcc -c -Wall -Wmissing-prototypes -Wpointer-arith -Wdeclaration-after-statement -Werror=vla -Wendif-labels -Wmissing-format-attribute -Wimplicit-fallthrough=3 -Wcast-function-type -Wshadow=compatible-local -Wformat-security -fno-strict-aliasing -fwrapv -fexcess-precision=standard -Wno-format-truncation -Wno-stringop-truncation -O2  -D_GNU_SOURCE  conftest.c >&5
configure:13763: $? = 0
configure:13763: result: yes
configure:13763: checking sys/signalfd.h presence
configure:13763: gcc -E  -D_GNU_SOURCE  conftest.c
configure:13763: $? = 0
configure:13763: result: yes
configure:13763: checking for sys/signalfd.h
configure:13763: result: yes
configure:13763: checking sys/ucred.h usability
configure:13763: gcc -c -Wall -Wmissing-prototypes -Wpointer-arith -Wdeclaration-after-statement -Werror=vla -Wendif-labels -Wmissing-format-attribute -Wimplicit-fallthrough=3 -Wcast-function-type -Wshadow=compatible-local -Wformat-security -fno-strict-aliasing -fwrapv -fexcess-precision=standard -Wno-format-truncation -Wno-stringop-truncation -O2  -D_GNU_SOURCE  conftest.c >&5
conftest.c:84:10: fatal error: sys/ucred.h: No such file or directory
   84 | #include <sys/ucred.h>
      |          ^~~~~~~~~~~~~
compilation terminated.
configure:13763: $? = 1
configure: failed program was:
| /* confdefs.h */
| #define PACKAGE_NAME "PostgreSQL"
| #define PACKAGE_TARNAME "postgresql"
| #define PACKAGE_VERSION "16.6"
| #define PACKAGE_STRING "PostgreSQL 16.6"
| #define PACKAGE_BUGREPORT "pgsql-bugs@lists.postgresql.org"
| #define PACKAGE_URL "https://www.postgresql.org/"
| #define CONFIGURE_ARGS " '--prefix=/home/james/csi3130_project-1/.pg16-install' '--without-icu'"
| #define PG_MAJORVERSION "16"
| #define PG_MAJORVERSION_NUM 16
| #define PG_MINORVERSION_NUM 6
| #define PG_VERSION "16.6"
| #define DEF_PGPORT 5432
| #define DEF_PGPORT_STR "5432"
| #define BLCKSZ 8192
| #define RELSEG_SIZE 131072
| #define XLOG_BLCKSZ 8192
| #define HAVE_VISIBILITY_ATTRIBUTE 1
| #define DLSUFFIX ".so"
| #define ENABLE_THREAD_SAFETY 1
| #define PG_KRB_SRVNAM "postgres"
| #define STDC_HEADERS 1
| #define HAVE_SYS_TYPES_H 1
| #define HAVE_SYS_STAT_H 1
| #define HAVE_STDLIB_H 1
| #define HAVE_STRING_H 1
| #define HAVE_MEMORY_H 1
| #define HAVE_STRINGS_H 1
| #define HAVE_INTTYPES_H 1
| #define HAVE_STDINT_H 1
| #define HAVE_UNISTD_H 1
| #define HAVE_PTHREAD_PRIO_INHERIT 1
| #define HAVE_PTHREAD 1
| #define HAVE_STRERROR_R 1
| #define HAVE_LIBM 1
| #define HAVE_LIBREADLINE 1
| #define HAVE_LIBZ 1
| #define HAVE_SPINLOCKS 1
| #define HAVE_ATOMICS 1
| #define HAVE__BOOL 1
| #define HAVE_STDBOOL_H 1
| #define HAVE_EXECINFO_H 1
| #define HAVE_GETOPT_H 1
| #define HAVE_IFADDRS_H 1
| #define HAVE_LANGINFO_H 1
| #define HAVE_SYS_EPOLL_H 1
| #define HAVE_SYS_PERSONALITY_H 1
| #define HAVE_SYS_PRCTL_H 1
| #define HAVE_SYS_SIGNALFD_H 1
| /* end confdefs.h.  */
| #include <stdio.h>
| #ifdef HAVE_SYS_TYPES_H
| # include <sys/types.h>
| #endif
| #ifdef HAVE_SYS_STAT_H
| # include <sys/stat.h>
| #endif
| #ifdef STDC_HEADERS
| # include <stdlib.h>
| # include <stddef.h>
| #else
| # ifdef HAVE_STDLIB_H
| #  include <stdlib.h>
| # endif
| #endif
| #ifdef HAVE_STRING_H
| # if !defined STDC_HEADERS && defined HAVE_MEMORY_H
| #  include <memory.h>
| # endif
| # include <string.h>
| #endif
| #ifdef HAVE_STRINGS_H
| # include <strings.h>
| #endif
| #ifdef HAVE_INTTYPES_H
| # include <inttypes.h>
| #endif
| #ifdef HAVE_STDINT_H
| # include <stdint.h>
| #endif
| #ifdef HAVE_UNISTD_H
| # include <unistd.h>
| #endif
| #include <sys/ucred.h>
configure:13763: result: no
configure:13763: checking sys/ucred.h presence
configure:13763: gcc -E  -D_GNU_SOURCE  conftest.c
conftest.c:51:10: fatal error: sys/ucred.h: No such file or directory
   51 | #include <sys/ucred.h>
      |          ^~~~~~~~~~~~~
compilation terminated.
configure:13763: $? = 1
configure: failed program was:
| /* confdefs.h */
| #define PACKAGE_NAME "PostgreSQL"
| #define PACKAGE_TARNAME "postgresql"
| #define PACKAGE_VERSION "16.6"
| #define PACKAGE_STRING "PostgreSQL 16.6"
| #define PACKAGE_BUGREPORT "pgsql-bugs@lists.postgresql.org"
| #define PACKAGE_URL "https://www.postgresql.org/"
| #define CONFIGURE_ARGS " '--prefix=/home/james/csi3130_project-1/.pg16-install' '--without-icu'"
| #define PG_MAJORVERSION "16"
| #define PG_MAJORVERSION_NUM 16
| #define PG_MINORVERSION_NUM 6
| #define PG_VERSION "16.6"
| #define DEF_PGPORT 5432
| #define DEF_PGPORT_STR "5432"
| #define BLCKSZ 8192
| #define RELSEG_SIZE 131072
| #define XLOG_BLCKSZ 8192
| #define HAVE_VISIBILITY_ATTRIBUTE 1
| #define DLSUFFIX ".so"
| #define ENABLE_THREAD_SAFETY 1
| #define PG_KRB_SRVNAM "postgres"
| #define STDC_HEADERS 1
| #define HAVE_SYS_TYPES_H 1
| #define HAVE_SYS_STAT_H 1
| #define HAVE_STDLIB_H 1
| #define HAVE_STRING_H 1
| #define HAVE_MEMORY_H 1
| #define HAVE_STRINGS_H 1
| #define HAVE_INTTYPES_H 1
| #define HAVE_STDINT_H 1
| #define HAVE_UNISTD_H 1
| #define HAVE_PTHREAD_PRIO_INHERIT 1
| #define HAVE_PTHREAD 1
| #define HAVE_STRERROR_R 1
| #define HAVE_LIBM 1
| #define HAVE_LIBREADLINE 1
| #define HAVE_LIBZ 1
| #define HAVE_SPINLOCKS 1
| #define HAVE_ATOMICS 1
| #define HAVE__BOOL 1
| #define HAVE_STDBOOL_H 1
| #define HAVE_EXECINFO_H 1
| #define HAVE_GETOPT_H 1
| #define HAVE_IFADDRS_H 1
| #define HAVE_LANGINFO_H 1
| #define HAVE_SYS_EPOLL_H 1
| #define HAVE_SYS_PERSONALITY_H 1
| #define HAVE_SYS_PRCTL_H 1
| #define HAVE_SYS_SIGNALFD_H 1
| /* end confdefs.h.  */
| #include <sys/ucred.h>
configure:13763: result: no
configure:13763: checking for sys/ucred.h
configure:13763: result: no
configure:13763: checking termios.h usability
configure:13763: gcc -c -Wall -Wmissing-prototypes -Wpointer-arith -Wdeclaration-after-statement -Werror=vla -Wendif-labels -Wmissing-format-attribute -Wimplicit-fallthrough=3 -Wcast-function-type -Wshadow=compatible-local -Wformat-security -fno-strict-aliasing -fwrapv -fexcess-precision=standard -Wno-format-truncation -Wno-stringop-truncation -O2  -D_GNU_SOURCE  conftest.c >&5
configure:13763: $? = 0
configure:13763: result: yes
configure:13763: checking termios.h presence
configure:13763: gcc -E  -D_GNU_SOURCE  conftest.c
configure:13763: $? = 0
configure:13763: result: yes
configure:13763: checking for termios.h
configure:13763: result: yes
configure:13763: checking ucred.h usability
configure:13763: gcc -c -Wall -Wmissing-prototypes -Wpointer-arith -Wdeclaration-after-statement -Werror=vla -Wendif-labels -Wmissing-format-attribute -Wimplicit-fallthrough=3 -Wcast-function-type -Wshadow=compatible-local -Wformat-security -fno-strict-aliasing -fwrapv -fexcess-precision=standard -Wno-format-truncation -Wno-stringop-truncation -O2  -D_GNU_SOURCE  conftest.c >&5
conftest.c:85:10: fatal error: ucred.h: No such file or directory
   85 | #include <ucred.h>
      |          ^~~~~~~~~
compilation terminated.
configure:13763: $? = 1
configure: failed program was:
| /* confdefs.h */
| #define PACKAGE_NAME "PostgreSQL"
| #define PACKAGE_TARNAME "postgresql"
| #define PACKAGE_VERSION "16.6"
| #define PACKAGE_STRING "PostgreSQL 16.6"
| #define PACKAGE_BUGREPORT "pgsql-bugs@lists.postgresql.org"
| #define PACKAGE_URL "https://www.postgresql.org/"
| #define CONFIGURE_ARGS " '--prefix=/home/james/csi3130_project-1/.pg16-install' '--without-icu'"
| #define PG_MAJORVERSION "16"
| #define PG_MAJORVERSION_NUM 16
| #define PG_MINORVERSION_NUM 6
| #define PG_VERSION "16.6"
| #define DEF_PGPORT 5432
| #define DEF_PGPORT_STR "5432"
| #define BLCKSZ 8192
| #define RELSEG_SIZE 131072
| #define XLOG_BLCKSZ 8192
| #define HAVE_VISIBILITY_ATTRIBUTE 1
| #define DLSUFFIX ".so"
| #define ENABLE_THREAD_SAFETY 1
| #define PG_KRB_SRVNAM "postgres"
| #define STDC_HEADERS 1
| #define HAVE_SYS_TYPES_H 1
| #define HAVE_SYS_STAT_H 1
| #define HAVE_STDLIB_H 1
| #define HAVE_STRING_H 1
| #define HAVE_MEMORY_H 1
| #define HAVE_STRINGS_H 1
| #define HAVE_INTTYPES_H 1
| #define HAVE_STDINT_H 1
| #define HAVE_UNISTD_H 1
| #define HAVE_PTHREAD_PRIO_INHERIT 1
| #define HAVE_PTHREAD 1
| #define HAVE_STRERROR_R 1
| #define HAVE_LIBM 1
| #define HAVE_LIBREADLINE 1
| #define HAVE_LIBZ 1
| #define HAVE_SPINLOCKS 1
| #define HAVE_ATOMICS 1
| #define HAVE__BOOL 1
| #define HAVE_STDBOOL_H 1
| #define HAVE_EXECINFO_H 1
| #define HAVE_GETOPT_H 1
| #define HAVE_IFADDRS_H 1
| #define HAVE_LANGINFO_H 1
| #define HAVE_SYS_EPOLL_H 1
| #define HAVE_SYS_PERSONALITY_H 1
| #define HAVE_SYS_PRCTL_H 1
| #define HAVE_SYS_SIGNALFD_H 1
| #define HAVE_TERMIOS_H 1
| /* end confdefs.h.  */
| #include <stdio.h>
| #ifdef HAVE_SYS_TYPES_H
| # include <sys/types.h>
| #endif
| #ifdef HAVE_SYS_STAT_H
| # include <sys/stat.h>
| #endif
| #ifdef STDC_HEADERS
| # include <stdlib.h>
| # include <stddef.h>
| #else
| # ifdef HAVE_STDLIB_H
| #  include <stdlib.h>
| # endif
| #endif
| #ifdef HAVE_STRING_H
| # if !defined STDC_HEADERS && defined HAVE_MEMORY_H
| #  include <memory.h>
| # endif
| # include <string.h>
| #endif
| #ifdef HAVE_STRINGS_H
| # include <strings.h>
| #endif
| #ifdef HAVE_INTTYPES_H
| # include <inttypes.h>
| #endif
| #ifdef HAVE_STDINT_H
| # include <stdint.h>
| #endif
| #ifdef HAVE_UNISTD_H
| # include <unistd.h>
| #endif
| #include <ucred.h>
configure:13763: result: no
configure:13763: checking ucred.h presence
configure:13763: gcc -E  -D_GNU_SOURCE  conftest.c
conftest.c:52:10: fatal error: ucred.h: No such file or directory
   52 | #include <ucred.h>
      |          ^~~~~~~~~
compilation terminated.
configure:13763: $? = 1
configure: failed program was:
| /* confdefs.h */
| #define PACKAGE_NAME "PostgreSQL"
| #define PACKAGE_TARNAME "postgresql"
| #define PACKAGE_VERSION "16.6"
| #define PACKAGE_STRING "PostgreSQL 16.6"
| #define PACKAGE_BUGREPORT "pgsql-bugs@lists.postgresql.org"
| #define PACKAGE_URL "https://www.postgresql.org/"
| #define CONFIGURE_ARGS " '--prefix=/home/james/csi3130_project-1/.pg16-install' '--without-icu'"
| #define PG_MAJORVERSION "16"
| #define PG_MAJORVERSION_NUM 16
| #define PG_MINORVERSION_NUM 6
| #define PG_VERSION "16.6"
| #define DEF_PGPORT 5432
| #define DEF_PGPORT_STR "5432"
| #define BLCKSZ 8192
| #define RELSEG_SIZE 131072
| #define XLOG_BLCKSZ 8192
| #define HAVE_VISIBILITY_ATTRIBUTE 1
| #define DLSUFFIX ".so"
| #define ENABLE_THREAD_SAFETY 1
| #define PG_KRB_SRVNAM "postgres"
| #define STDC_HEADERS 1
| #define HAVE_SYS_TYPES_H 1
| #define HAVE_SYS_STAT_H 1
| #define HAVE_STDLIB_H 1
| #define HAVE_STRING_H 1
| #define HAVE_MEMORY_H 1
| #define HAVE_STRINGS_H 1
| #define HAVE_INTTYPES_H 1
| #define HAVE_STDINT_H 1
| #define HAVE_UNISTD_H 1
| #define HAVE_PTHREAD_PRIO_INHERIT 1
| #define HAVE_PTHREAD 1
| #define HAVE_STRERROR_R 1
| #define HAVE_LIBM 1
| #define HAVE_LIBREADLINE 1
| #define HAVE_LIBZ 1
| #define HAVE_SPINLOCKS 1
| #define HAVE_ATOMICS 1
| #define HAVE__BOOL 1
| #define HAVE_STDBOOL_H 1
| #define HAVE_EXECINFO_H 1
| #define HAVE_GETOPT_H 1
| #define HAVE_IFADDRS_H 1
| #define HAVE_LANGINFO_H 1
| #define HAVE_SYS_EPOLL_H 1
| #define HAVE_SYS_PERSONALITY_H 1
| #define HAVE_SYS_PRCTL_H 1
| #define HAVE_SYS_SIGNALFD_H 1
| #define HAVE_TERMIOS_H 1
| /* end confdefs.h.  */
| #include <ucred.h>
configure:13763: result: no
configure:13763: checking for ucred.h
configure:13763: result: no
configure:13777: checking readline/readline.h usability
configure:13777: gcc -c -Wall -Wmissing-prototypes -Wpointer-arith -Wdeclaration-after-statement -Werror=vla -Wendif-labels -Wmissing-format-attribute -Wimplicit-fallthrough=3 -Wcast-function-type -Wshadow=compatible-local -Wformat-security -fno-strict-aliasing -fwrapv -fexcess-precision=standard -Wno-format-truncation -Wno-stringop-truncation -O2  -D_GNU_SOURCE  conftest.c >&5
configure:13777: $? = 0
configure:13777: result: yes
configure:13777: checking readline/readline.h presence
configure:13777: gcc -E  -D_GNU_SOURCE  conftest.c
configure:13777: $? = 0
configure:13777: result: yes
configure:13777: checking for readline/readline.h
configure:13777: result: yes
configure:13807: checking readline/history.h usability
configure:13807: gcc -c -Wall -Wmissing-prototypes -Wpointer-arith -Wdeclaration-after-statement -Werror=vla -Wendif-labels -Wmissing-format-attribute -Wimplicit-fallthrough=3 -Wcast-function-type -Wshadow=compatible-local -Wformat-security -fno-strict-aliasing -fwrapv -fexcess-precision=standard -Wno-format-truncation -Wno-stringop-truncation -O2  -D_GNU_SOURCE  conftest.c >&5
configure:13807: $? = 0
configure:13807: result: yes
configure:13807: checking readline/history.h presence
configure:13807: gcc -E  -D_GNU_SOURCE  conftest.c
configure:13807: $? = 0
configure:13807: result: yes
configure:13807: checking for readline/history.h
configure:13807: result: yes
configure:13929: checking zlib.h usability
configure:13929: gcc -c -Wall -Wmissing-prototypes -Wpointer-arith -Wdeclaration-after-statement -Werror=vla -Wendif-labels -Wmissing-format-attribute -Wimplicit-fallthrough=3 -Wcast-function-type -Wshadow=compatible-local -Wformat-security -fno-strict-aliasing -fwrapv -fexcess-precision=standard -Wno-format-truncation -Wno-stringop-truncation -O2  -D_GNU_SOURCE  conftest.c >&5
configure:13929: $? = 0
configure:13929: result: yes
configure:13929: checking zlib.h presence
configure:13929: gcc -E  -D_GNU_SOURCE  conftest.c
configure:13929: $? = 0
configure:13929: result: yes
configure:13929: checking for zlib.h
configure:13929: result: yes
configure:13947: checking for lz4
configure:13980: result: no
configure:14012: checking for zstd
configure:14045: result: no
configure:14134: checking for openssl
configure:14152: found /usr/bin/openssl
configure:14164: result: /usr/bin/openssl
configure:14184: using openssl: OpenSSL 3.0.2 15 Mar 2022 (Library: OpenSSL 3.0.2 15 Mar 2022)
configure:14509: checking whether byte ordering is bigendian
configure:14524: gcc -c -Wall -Wmissing-prototypes -Wpointer-arith -Wdeclaration-after-statement -Werror=vla -Wendif-labels -Wmissing-format-attribute -Wimplicit-fallthrough=3 -Wcast-function-type -Wshadow=compatible-local -Wformat-security -fno-strict-aliasing -fwrapv -fexcess-precision=standard -Wno-format-truncation -Wno-stringop-truncation -O2  -D_GNU_SOURCE  conftest.c >&5
conftest.c:55:16: error: unknown type name 'not'
   55 |                not a universal capable compiler
      |                ^~~
conftest.c:55:22: error: expected '=', ',', ';', 'asm' or '__attribute__' before 'universal'
   55 |                not a universal capable compiler
      |                      ^~~~~~~~~
conftest.c:55:22: error: unknown type name 'universal'
configure:14524: $? = 1
configure: failed program was:
| /* confdefs.h */
| #define PACKAGE_NAME "PostgreSQL"
| #define PACKAGE_TARNAME "postgresql"
| #define PACKAGE_VERSION "16.6"
| #define PACKAGE_STRING "PostgreSQL 16.6"
| #define PACKAGE_BUGREPORT "pgsql-bugs@lists.postgresql.org"
| #define PACKAGE_URL "https://www.postgresql.org/"
| #define CONFIGURE_ARGS " '--prefix=/home/james/csi3130_project-1/.pg16-install' '--without-icu'"
| #define PG_MAJORVERSION "16"
| #define PG_MAJORVERSION_NUM 16
| #define PG_MINORVERSION_NUM 6
| #define PG_VERSION "16.6"
| #define DEF_PGPORT 5432
| #define DEF_PGPORT_STR "5432"
| #define BLCKSZ 8192
| #define RELSEG_SIZE 131072
| #define XLOG_BLCKSZ 8192
| #define HAVE_VISIBILITY_ATTRIBUTE 1
| #define DLSUFFIX ".so"
| #define ENABLE_THREAD_SAFETY 1
| #define PG_KRB_SRVNAM "postgres"
| #define STDC_HEADERS 1
| #define HAVE_SYS_TYPES_H 1
| #define HAVE_SYS_STAT_H 1
| #define HAVE_STDLIB_H 1
| #define HAVE_STRING_H 1
| #define HAVE_MEMORY_H 1
| #define HAVE_STRINGS_H 1
| #define HAVE_INTTYPES_H 1
| #define HAVE_STDINT_H 1
| #define HAVE_UNISTD_H 1
| #define HAVE_PTHREAD_PRIO_INHERIT 1
| #define HAVE_PTHREAD 1
| #define HAVE_STRERROR_R 1
| #define HAVE_LIBM 1
| #define HAVE_LIBREADLINE 1
| #define HAVE_LIBZ 1
| #define HAVE_SPINLOCKS 1
| #define HAVE_ATOMICS 1
| #define HAVE__BOOL 1
| #define HAVE_STDBOOL_H 1
| #define HAVE_EXECINFO_H 1
| #define HAVE_GETOPT_H 1
| #define HAVE_IFADDRS_H 1
| #define HAVE_LANGINFO_H 1
| #define HAVE_SYS_EPOLL_H 1
| #define HAVE_SYS_PERSONALITY_H 1
| #define HAVE_SYS_PRCTL_H 1
| #define HAVE_SYS_SIGNALFD_H 1
| #define HAVE_TERMIOS_H 1
| #define HAVE_READLINE_READLINE_H 1
| #define HAVE_READLINE_HISTORY_H 1
| /* end confdefs.h.  */
| #ifndef __APPLE_CC__
| 	       not a universal capable compiler
| 	     #endif
| 	     typedef int dummy;
| 
configure:14569: gcc -c -Wall -Wmissing-prototypes -Wpointer-arith -Wdeclaration-after-statement -Werror=vla -Wendif-labels -Wmissing-format-attribute -Wimplicit-fallthrough=3 -Wcast-function-type -Wshadow=compatible-local -Wformat-security -fno-strict-aliasing -fwrapv -fexcess-precision=standard -Wno-format-truncation -Wno-stringop-truncation -O2  -D_GNU_SOURCE  conftest.c >&5
configure:14569: $? = 0
configure:14587: gcc -c -Wall -Wmissing-prototypes -Wpointer-arith -Wdeclaration-after-statement -Werror=vla -Wendif-labels -Wmissing-format-attribute -Wimplicit-fallthrough=3 -Wcast-function-type -Wshadow=compatible-local -Wformat-security -fno-strict-aliasing -fwrapv -fexcess-precision=standard -Wno-format-truncation -Wno-stringop-truncation -O2  -D_GNU_SOURCE  conftest.c >&5
conftest.c: In function 'main':
conftest.c:61:18: error: unknown type name 'not'; did you mean 'ino_t'?
   61 |                  not big endian
      |                  ^~~
      |                  ino_t
conftest.c:61:26: error: expected '=', ',', ';', 'asm' or '__attribute__' before 'endian'
   61 |                  not big endian
      |                          ^~~~~~
configure:14587: $? = 1
configure: failed program was:
| /* confdefs.h */
| #define PACKAGE_NAME "PostgreSQL"
| #define PACKAGE_TARNAME "postgresql"
| #define PACKAGE_VERSION "16.6"
| #define PACKAGE_STRING "PostgreSQL 16.6"
| #define PACKAGE_BUGREPORT "pgsql-bugs@lists.postgresql.org"
| #define PACKAGE_URL "https://www.postgresql.org/"
| #define CONFIGURE_ARGS " '--prefix=/home/james/csi3130_project-1/.pg16-install' '--without-icu'"
| #define PG_MAJORVERSION "16"
| #define PG_MAJORVERSION_NUM 16
| #define PG_MINORVERSION_NUM 6
| #define PG_VERSION "16.6"
| #define DEF_PGPORT 5432
| #define DEF_PGPORT_STR "5432"
| #define BLCKSZ 8192
| #define RELSEG_SIZE 131072
| #define XLOG_BLCKSZ 8192
| #define HAVE_VISIBILITY_ATTRIBUTE 1
| #define DLSUFFIX ".so"
| #define ENABLE_THREAD_SAFETY 1
| #define PG_KRB_SRVNAM "postgres"
| #define STDC_HEADERS 1
| #define HAVE_SYS_TYPES_H 1
| #define HAVE_SYS_STAT_H 1
| #define HAVE_STDLIB_H 1
| #define HAVE_STRING_H 1
| #define HAVE_MEMORY_H 1
| #define HAVE_STRINGS_H 1
| #define HAVE_INTTYPES_H 1
| #define HAVE_STDINT_H 1
| #define HAVE_UNISTD_H 1
| #define HAVE_PTHREAD_PRIO_INHERIT 1
| #define HAVE_PTHREAD 1
| #define HAVE_STRERROR_R 1
| #define HAVE_LIBM 1
| #define HAVE_LIBREADLINE 1
| #define HAVE_LIBZ 1
| #define HAVE_SPINLOCKS 1
| #define HAVE_ATOMICS 1
| #define HAVE__BOOL 1
| #define HAVE_STDBOOL_H 1
| #define HAVE_EXECINFO_H 1
| #define HAVE_GETOPT_H 1
| #define HAVE_IFADDRS_H 1
| #define HAVE_LANGINFO_H 1
| #define HAVE_SYS_EPOLL_H 1
| #define HAVE_SYS_PERSONALITY_H 1
| #define HAVE_SYS_PRCTL_H 1
| #define HAVE_SYS_SIGNALFD_H 1
| #define HAVE_TERMIOS_H 1
| #define HAVE_READLINE_READLINE_H 1
| #define HAVE_READLINE_HISTORY_H 1
| /* end confdefs.h.  */
| #include <sys/types.h>
| 		#include <sys/param.h>
| 
| int
| main ()
| {
| #if BYTE_ORDER != BIG_ENDIAN
| 		 not big endian
| 		#endif
| 
|   ;
|   return 0;
| }
configure:14715: result: no
configure:14733: checking for inline
configure:14749: gcc -c -Wall -Wmissing-prototypes -Wpointer-arith -Wdeclaration-after-statement -Werror=vla -Wendif-labels -Wmissing-format-attribute -Wimplicit-fallthrough=3 -Wcast-function-type -Wshadow=compatible-local -Wformat-security -fno-strict-aliasing -fwrapv -fexcess-precision=standard -Wno-format-truncation -Wno-stringop-truncation -O2  -D_GNU_SOURCE  conftest.c >&5
configure:14749: $? = 0
configure:14757: result: inline
configure:14775: checking for printf format archetype
configure:14795: gcc -c -Wall -Wmissing-prototypes -Wpointer-arith -Wdeclaration-after-statement -Werror=vla -Wendif-labels -Wmissing-format-attribute -Wimplicit-fallthrough=3 -Wcast-function-type -Wshadow=compatible-local -Wformat-security -fno-strict-aliasing -fwrapv -fexcess-precision=standard -Wno-format-truncation -Wno-stringop-truncation -O2  -D_GNU_SOURCE  conftest.c >&5
configure:14795: $? = 0
configure:14832: result: gnu_printf
configure:14840: checking for _Static_assert
configure:14856: gcc -o conftest -Wall -Wmissing-prototypes -Wpointer-arith -Wdeclaration-after-statement -Werror=vla -Wendif-labels -Wmissing-format-attribute -Wimplicit-fallthrough=3 -Wcast-function-type -Wshadow=compatible-local -Wformat-security -fno-strict-aliasing -fwrapv -fexcess-precision=standard -Wno-format-truncation -Wno-stringop-truncation -O2  -D_GNU_SOURCE    conftest.c -lz -lreadline -lm  >&5
configure:14856: $? = 0
configure:14864: result: yes
configure:14871: checking for typeof
configure:14892: gcc -c -Wall -Wmissing-prototypes -Wpointer-arith -Wdeclaration-after-statement -Werror=vla -Wendif-labels -Wmissing-format-attribute -Wimplicit-fallthrough=3 -Wcast-function-type -Wshadow=compatible-local -Wformat-security -fno-strict-aliasing -fwrapv -fexcess-precision=standard -Wno-format-truncation -Wno-stringop-truncation -O2  -D_GNU_SOURCE  conftest.c >&5
configure:14892: $? = 0
configure:14899: result: typeof
configure:14913: checking for __builtin_types_compatible_p
configure:14929: gcc -c -Wall -Wmissing-prototypes -Wpointer-arith -Wdeclaration-after-statement -Werror=vla -Wendif-labels -Wmissing-format-attribute -Wimplicit-fallthrough=3 -Wcast-function-type -Wshadow=compatible-local -Wformat-security -fno-strict-aliasing -fwrapv -fexcess-precision=standard -Wno-format-truncation -Wno-stringop-truncation -O2  -D_GNU_SOURCE  conftest.c >&5
conftest.c: In function 'main':
conftest.c:61:20: warning: unused variable 'y' [-Wunused-variable]
   61 |  int x; static int y[__builtin_types_compatible_p(__typeof__(x), int)];
      |                    ^
At top level:
conftest.c:61:20: warning: 'y' defined but not used [-Wunused-variable]
configure:14929: $? = 0
configure:14936: result: yes
configure:14943: checking for __builtin_constant_p
configure:14956: gcc -c -Wall -Wmissing-prototypes -Wpointer-arith -Wdeclaration-after-statement -Werror=vla -Wendif-labels -Wmissing-format-attribute -Wimplicit-fallthrough=3 -Wcast-function-type -Wshadow=compatible-local -Wformat-security -fno-strict-aliasing -fwrapv -fexcess-precision=standard -Wno-format-truncation -Wno-stringop-truncation -O2  -D_GNU_SOURCE  conftest.c >&5
conftest.c:60:14: warning: 'z' defined but not used [-Wunused-variable]
   60 |   static int z[__builtin_constant_p("string literal") ? 1 : x];
      |              ^
conftest.c:59:14: warning: 'y' defined but not used [-Wunused-variable]
   59 |   static int y[__builtin_constant_p(x) ? x : 1];
      |              ^
configure:14956: $? = 0
configure:14963: result: yes
configure:14970: checking for __builtin_unreachable
configure:14986: gcc -o conftest -Wall -Wmissing-prototypes -Wpointer-arith -Wdeclaration-after-statement -Werror=vla -Wendif-labels -Wmissing-format-attribute -Wimplicit-fallthrough=3 -Wcast-function-type -Wshadow=compatible-local -Wformat-security -fno-strict-aliasing -fwrapv -fexcess-precision=standard -Wno-format-truncation -Wno-stringop-truncation -O2  -D_GNU_SOURCE    conftest.c -lz -lreadline -lm  >&5
configure:14986: $? = 0
configure:14994: result: yes
configure:15001: checking for computed goto support
configure:15021: gcc -c -Wall -Wmissing-prototypes -Wpointer-arith -Wdeclaration-after-statement -Werror=vla -Wendif-labels -Wmissing-format-attribute -Wimplicit-fallthrough=3 -Wcast-function-type -Wshadow=compatible-local -Wformat-security -fno-strict-aliasing -fwrapv -fexcess-precision=standard -Wno-format-truncation -Wno-stringop-truncation -O2  -D_GNU_SOURCE  conftest.c >&5
configure:15021: $? = 0
configure:15028: result: yes
configure:15035: checking for struct tm.tm_zone
configure:15035: gcc -c -Wall -Wmissing-prototypes -Wpointer-arith -Wdeclaration-after-statement -Werror=vla -Wendif-labels -Wmissing-format-attribute -Wimplicit-fallthrough=3 -Wcast-function-type -Wshadow=compatible-local -Wformat-security -fno-strict-aliasing -fwrapv -fexcess-precision=standard -Wno-format-truncation -Wno-stringop-truncation -O2  -D_GNU_SOURCE  conftest.c >&5
configure:15035: $? = 0
configure:15035: result: yes
configure:15049: checking for union semun
configure:15049: gcc -c -Wall -Wmissing-prototypes -Wpointer-arith -Wdeclaration-after-statement -Werror=vla -Wendif-labels -Wmissing-format-attribute -Wimplicit-fallthrough=3 -Wcast-function-type -Wshadow=compatible-local -Wformat-security -fno-strict-aliasing -fwrapv -fexcess-precision=standard -Wno-format-truncation -Wno-stringop-truncation -O2  -D_GNU_SOURCE  conftest.c >&5
conftest.c: In function 'main':
conftest.c:70:13: error: invalid application of 'sizeof' to incomplete type 'union semun'
   70 | if (sizeof (union semun))
      |             ^~~~~
configure:15049: $? = 1
configure: failed program was:
| /* confdefs.h */
| #define PACKAGE_NAME "PostgreSQL"
| #define PACKAGE_TARNAME "postgresql"
| #define PACKAGE_VERSION "16.6"
| #define PACKAGE_STRING "PostgreSQL 16.6"
| #define PACKAGE_BUGREPORT "pgsql-bugs@lists.postgresql.org"
| #define PACKAGE_URL "https://www.postgresql.org/"
| #define CONFIGURE_ARGS " '--prefix=/home/james/csi3130_project-1/.pg16-install' '--without-icu'"
| #define PG_MAJORVERSION "16"
| #define PG_MAJORVERSION_NUM 16
| #define PG_MINORVERSION_NUM 6
| #define PG_VERSION "16.6"
| #define DEF_PGPORT 5432
| #define DEF_PGPORT_STR "5432"
| #define BLCKSZ 8192
| #define RELSEG_SIZE 131072
| #define XLOG_BLCKSZ 8192
| #define HAVE_VISIBILITY_ATTRIBUTE 1
| #define DLSUFFIX ".so"
| #define ENABLE_THREAD_SAFETY 1
| #define PG_KRB_SRVNAM "postgres"
| #define STDC_HEADERS 1
| #define HAVE_SYS_TYPES_H 1
| #define HAVE_SYS_STAT_H 1
| #define HAVE_STDLIB_H 1
| #define HAVE_STRING_H 1
| #define HAVE_MEMORY_H 1
| #define HAVE_STRINGS_H 1
| #define HAVE_INTTYPES_H 1
| #define HAVE_STDINT_H 1
| #define HAVE_UNISTD_H 1
| #define HAVE_PTHREAD_PRIO_INHERIT 1
| #define HAVE_PTHREAD 1
| #define HAVE_STRERROR_R 1
| #define HAVE_LIBM 1
| #define HAVE_LIBREADLINE 1
| #define HAVE_LIBZ 1
| #define HAVE_SPINLOCKS 1
| #define HAVE_ATOMICS 1
| #define HAVE__BOOL 1
| #define HAVE_STDBOOL_H 1
| #define HAVE_EXECINFO_H 1
| #define HAVE_GETOPT_H 1
| #define HAVE_IFADDRS_H 1
| #define HAVE_LANGINFO_H 1
| #define HAVE_SYS_EPOLL_H 1
| #define HAVE_SYS_PERSONALITY_H 1
| #define HAVE_SYS_PRCTL_H 1
| #define HAVE_SYS_SIGNALFD_H 1
| #define HAVE_TERMIOS_H 1
| #define HAVE_READLINE_READLINE_H 1
| #define HAVE_READLINE_HISTORY_H 1
| #define PG_PRINTF_ATTRIBUTE gnu_printf
| #define HAVE__STATIC_ASSERT 1
| #define HAVE_TYPEOF 1
| #define HAVE__BUILTIN_TYPES_COMPATIBLE_P 1
| #define HAVE__BUILTIN_CONSTANT_P 1
| #define HAVE__BUILTIN_UNREACHABLE 1
| #define HAVE_COMPUTED_GOTO 1
| #define HAVE_STRUCT_TM_TM_ZONE 1
| /* end confdefs.h.  */
| #include <sys/types.h>
| #include <sys/ipc.h>
| #include <sys/sem.h>
| 
| 
| int
| main ()
| {
| if (sizeof (union semun))
| 	 return 0;
|   ;
|   return 0;
| }
configure:15049: result: no
configure:15063: checking for socklen_t
configure:15063: gcc -c -Wall -Wmissing-prototypes -Wpointer-arith -Wdeclaration-after-statement -Werror=vla -Wendif-labels -Wmissing-format-attribute -Wimplicit-fallthrough=3 -Wcast-function-type -Wshadow=compatible-local -Wformat-security -fno-strict-aliasing -fwrapv -fexcess-precision=standard -Wno-format-truncation -Wno-stringop-truncation -O2  -D_GNU_SOURCE  conftest.c >&5
configure:15063: $? = 0
configure:15063: gcc -c -Wall -Wmissing-prototypes -Wpointer-arith -Wdeclaration-after-statement -Werror=vla -Wendif-labels -Wmissing-format-attribute -Wimplicit-fallthrough=3 -Wcast-function-type -Wshadow=compatible-local -Wformat-security -fno-strict-aliasing -fwrapv -fexcess-precision=standard -Wno-format-truncation -Wno-stringop-truncation -O2  -D_GNU_SOURCE  conftest.c >&5
conftest.c: In function 'main':
conftest.c:67:24: error: expected expression before ')' token
   67 | if (sizeof ((socklen_t)))
      |                        ^
configure:15063: $? = 1
configure: failed program was:
| /* confdefs.h */
| #define PACKAGE_NAME "PostgreSQL"
| #define PACKAGE_TARNAME "postgresql"
| #define PACKAGE_VERSION "16.6"
| #define PACKAGE_STRING "PostgreSQL 16.6"
| #define PACKAGE_BUGREPORT "pgsql-bugs@lists.postgresql.org"
| #define PACKAGE_URL "https://www.postgresql.org/"
| #define CONFIGURE_ARGS " '--prefix=/home/james/csi3130_project-1/.pg16-install' '--without-icu'"
| #define PG_MAJORVERSION "16"
| #define PG_MAJORVERSION_NUM 16
| #define PG_MINORVERSION_NUM 6
| #define PG_VERSION "16.6"
| #define DEF_PGPORT 5432
| #define DEF_PGPORT_STR "5432"
| #define BLCKSZ 8192
| #define RELSEG_SIZE 131072
| #define XLOG_BLCKSZ 8192
| #define HAVE_VISIBILITY_ATTRIBUTE 1
| #define DLSUFFIX ".so"
| #define ENABLE_THREAD_SAFETY 1
| #define PG_KRB_SRVNAM "postgres"
| #define STDC_HEADERS 1
| #define HAVE_SYS_TYPES_H 1
| #define HAVE_SYS_STAT_H 1
| #define HAVE_STDLIB_H 1
| #define HAVE_STRING_H 1
| #define HAVE_MEMORY_H 1
| #define HAVE_STRINGS_H 1
| #define HAVE_INTTYPES_H 1
| #define HAVE_STDINT_H 1
| #define HAVE_UNISTD_H 1
| #define HAVE_PTHREAD_PRIO_INHERIT 1
| #define HAVE_PTHREAD 1
| #define HAVE_STRERROR_R 1
| #define HAVE_LIBM 1
| #define HAVE_LIBREADLINE 1
| #define HAVE_LIBZ 1
| #define HAVE_SPINLOCKS 1
| #define HAVE_ATOMICS 1
| #define HAVE__BOOL 1
| #define HAVE_STDBOOL_H 1
| #define HAVE_EXECINFO_H 1
| #define HAVE_GETOPT_H 1
| #define HAVE_IFADDRS_H 1
| #define HAVE_LANGINFO_H 1
| #define HAVE_SYS_EPOLL_H 1
| #define HAVE_SYS_PERSONALITY_H 1
| #define HAVE_SYS_PRCTL_H 1
| #define HAVE_SYS_SIGNALFD_H 1
| #define HAVE_TERMIOS_H 1
| #define HAVE_READLINE_READLINE_H 1
| #define HAVE_READLINE_HISTORY_H 1
| #define PG_PRINTF_ATTRIBUTE gnu_printf
| #define HAVE__STATIC_ASSERT 1
| #define HAVE_TYPEOF 1
| #define HAVE__BUILTIN_TYPES_COMPATIBLE_P 1
| #define HAVE__BUILTIN_CONSTANT_P 1
| #define HAVE__BUILTIN_UNREACHABLE 1
| #define HAVE_COMPUTED_GOTO 1
| #define HAVE_STRUCT_TM_TM_ZONE 1
| /* end confdefs.h.  */
| #include <sys/socket.h>
| 
| int
| main ()
| {
| if (sizeof ((socklen_t)))
| 	    return 0;
|   ;
|   return 0;
| }
configure:15063: result: yes
configure:15074: checking for struct sockaddr.sa_len
configure:15074: gcc -c -Wall -Wmissing-prototypes -Wpointer-arith -Wdeclaration-after-statement -Werror=vla -Wendif-labels -Wmissing-format-attribute -Wimplicit-fallthrough=3 -Wcast-function-type -Wshadow=compatible-local -Wformat-security -fno-strict-aliasing -fwrapv -fexcess-precision=standard -Wno-format-truncation -Wno-stringop-truncation -O2  -D_GNU_SOURCE  conftest.c >&5
conftest.c: In function 'main':
conftest.c:71:12: error: 'struct sockaddr' has no member named 'sa_len'
   71 | if (ac_aggr.sa_len)
      |            ^
conftest.c:70:24: warning: variable 'ac_aggr' set but not used [-Wunused-but-set-variable]
   70 | static struct sockaddr ac_aggr;
      |                        ^~~~~~~
configure:15074: $? = 1
configure: failed program was:
| /* confdefs.h */
| #define PACKAGE_NAME "PostgreSQL"
| #define PACKAGE_TARNAME "postgresql"
| #define PACKAGE_VERSION "16.6"
| #define PACKAGE_STRING "PostgreSQL 16.6"
| #define PACKAGE_BUGREPORT "pgsql-bugs@lists.postgresql.org"
| #define PACKAGE_URL "https://www.postgresql.org/"
| #define CONFIGURE_ARGS " '--prefix=/home/james/csi3130_project-1/.pg16-install' '--without-icu'"
| #define PG_MAJORVERSION "16"
| #define PG_MAJORVERSION_NUM 16
| #define PG_MINORVERSION_NUM 6
| #define PG_VERSION "16.6"
| #define DEF_PGPORT 5432
| #define DEF_PGPORT_STR "5432"
| #define BLCKSZ 8192
| #define RELSEG_SIZE 131072
| #define XLOG_BLCKSZ 8192
| #define HAVE_VISIBILITY_ATTRIBUTE 1
| #define DLSUFFIX ".so"
| #define ENABLE_THREAD_SAFETY 1
| #define PG_KRB_SRVNAM "postgres"
| #define STDC_HEADERS 1
| #define HAVE_SYS_TYPES_H 1
| #define HAVE_SYS_STAT_H 1
| #define HAVE_STDLIB_H 1
| #define HAVE_STRING_H 1
| #define HAVE_MEMORY_H 1
| #define HAVE_STRINGS_H 1
| #define HAVE_INTTYPES_H 1
| #define HAVE_STDINT_H 1
| #define HAVE_UNISTD_H 1
| #define HAVE_PTHREAD_PRIO_INHERIT 1
| #define HAVE_PTHREAD 1
| #define HAVE_STRERROR_R 1
| #define HAVE_LIBM 1
| #define HAVE_LIBREADLINE 1
| #define HAVE_LIBZ 1
| #define HAVE_SPINLOCKS 1
| #define HAVE_ATOMICS 1
| #define HAVE__BOOL 1
| #define HAVE_STDBOOL_H 1
| #define HAVE_EXECINFO_H 1
| #define HAVE_GETOPT_H 1
| #define HAVE_IFADDRS_H 1
| #define HAVE_LANGINFO_H 1
| #define HAVE_SYS_EPOLL_H 1
| #define HAVE_SYS_PERSONALITY_H 1
| #define HAVE_SYS_PRCTL_H 1
| #define HAVE_SYS_SIGNALFD_H 1
| #define HAVE_TERMIOS_H 1
| #define HAVE_READLINE_READLINE_H 1
| #define HAVE_READLINE_HISTORY_H 1
| #define PG_PRINTF_ATTRIBUTE gnu_printf
| #define HAVE__STATIC_ASSERT 1
| #define HAVE_TYPEOF 1
| #define HAVE__BUILTIN_TYPES_COMPATIBLE_P 1
| #define HAVE__BUILTIN_CONSTANT_P 1
| #define HAVE__BUILTIN_UNREACHABLE 1
| #define HAVE_COMPUTED_GOTO 1
| #define HAVE_STRUCT_TM_TM_ZONE 1
| #define HAVE_SOCKLEN_T 1
| /* end confdefs.h.  */
| #include <sys/types.h>
| #include <sys/socket.h>
| 
| 
| int
| main ()
| {
| static struct sockaddr ac_aggr;
| if (ac_aggr.sa_len)
| return 0;
|   ;
|   return 0;
| }
configure:15074: gcc -c -Wall -Wmissing-prototypes -Wpointer-arith -Wdeclaration-after-statement -Werror=vla -Wendif-labels -Wmissing-format-attribute -Wimplicit-fallthrough=3 -Wcast-function-type -Wshadow=compatible-local -Wformat-security -fno-strict-aliasing -fwrapv -fexcess-precision=standard -Wno-format-truncation -Wno-stringop-truncation -O2  -D_GNU_SOURCE  conftest.c >&5
conftest.c: In function 'main':
conftest.c:71:19: error: 'struct sockaddr' has no member named 'sa_len'
   71 | if (sizeof ac_aggr.sa_len)
      |                   ^
conftest.c:70:24: warning: variable 'ac_aggr' set but not used [-Wunused-but-set-variable]
   70 | static struct sockaddr ac_aggr;
      |                        ^~~~~~~
configure:15074: $? = 1
configure: failed program was:
| /* confdefs.h */
| #define PACKAGE_NAME "PostgreSQL"
| #define PACKAGE_TARNAME "postgresql"
| #define PACKAGE_VERSION "16.6"
| #define PACKAGE_STRING "PostgreSQL 16.6"
| #define PACKAGE_BUGREPORT "pgsql-bugs@lists.postgresql.org"
| #define PACKAGE_URL "https://www.postgresql.org/"
| #define CONFIGURE_ARGS " '--prefix=/home/james/csi3130_project-1/.pg16-install' '--without-icu'"
| #define PG_MAJORVERSION "16"
| #define PG_MAJORVERSION_NUM 16
| #define PG_MINORVERSION_NUM 6
| #define PG_VERSION "16.6"
| #define DEF_PGPORT 5432
| #define DEF_PGPORT_STR "5432"
| #define BLCKSZ 8192
| #define RELSEG_SIZE 131072
| #define XLOG_BLCKSZ 8192
| #define HAVE_VISIBILITY_ATTRIBUTE 1
| #define DLSUFFIX ".so"
| #define ENABLE_THREAD_SAFETY 1
| #define PG_KRB_SRVNAM "postgres"
| #define STDC_HEADERS 1
| #define HAVE_SYS_TYPES_H 1
| #define HAVE_SYS_STAT_H 1
| #define HAVE_STDLIB_H 1
| #define HAVE_STRING_H 1
| #define HAVE_MEMORY_H 1
| #define HAVE_STRINGS_H 1
| #define HAVE_INTTYPES_H 1
| #define HAVE_STDINT_H 1
| #define HAVE_UNISTD_H 1
| #define HAVE_PTHREAD_PRIO_INHERIT 1
| #define HAVE_PTHREAD 1
| #define HAVE_STRERROR_R 1
| #define HAVE_LIBM 1
| #define HAVE_LIBREADLINE 1
| #define HAVE_LIBZ 1
| #define HAVE_SPINLOCKS 1
| #define HAVE_ATOMICS 1
| #define HAVE__BOOL 1
| #define HAVE_STDBOOL_H 1
| #define HAVE_EXECINFO_H 1
| #define HAVE_GETOPT_H 1
| #define HAVE_IFADDRS_H 1
| #define HAVE_LANGINFO_H 1
| #define HAVE_SYS_EPOLL_H 1
| #define HAVE_SYS_PERSONALITY_H 1
| #define HAVE_SYS_PRCTL_H 1
| #define HAVE_SYS_SIGNALFD_H 1
| #define HAVE_TERMIOS_H 1
| #define HAVE_READLINE_READLINE_H 1
| #define HAVE_READLINE_HISTORY_H 1
| #define PG_PRINTF_ATTRIBUTE gnu_printf
| #define HAVE__STATIC_ASSERT 1
| #define HAVE_TYPEOF 1
| #define HAVE__BUILTIN_TYPES_COMPATIBLE_P 1
| #define HAVE__BUILTIN_CONSTANT_P 1
| #define HAVE__BUILTIN_UNREACHABLE 1
| #define HAVE_COMPUTED_GOTO 1
| #define HAVE_STRUCT_TM_TM_ZONE 1
| #define HAVE_SOCKLEN_T 1
| /* end confdefs.h.  */
| #include <sys/types.h>
| #include <sys/socket.h>
| 
| 
| int
| main ()
| {
| static struct sockaddr ac_aggr;
| if (sizeof ac_aggr.sa_len)
| return 0;
|   ;
|   return 0;
| }
configure:15074: result: no
configure:15088: checking for locale_t
configure:15105: gcc -c -Wall -Wmissing-prototypes -Wpointer-arith -Wdeclaration-after-statement -Werror=vla -Wendif-labels -Wmissing-format-attribute -Wimplicit-fallthrough=3 -Wcast-function-type -Wshadow=compatible-local -Wformat-security -fno-strict-aliasing -fwrapv -fexcess-precision=standard -Wno-format-truncation -Wno-stringop-truncation -O2  -D_GNU_SOURCE  conftest.c >&5
configure:15105: $? = 0
configure:15129: result: yes
configure:15150: checking for C/C++ restrict keyword
configure:15175: gcc -c -Wall -Wmissing-prototypes -Wpointer-arith -Wdeclaration-after-statement -Werror=vla -Wendif-labels -Wmissing-format-attribute -Wimplicit-fallthrough=3 -Wcast-function-type -Wshadow=compatible-local -Wformat-security -fno-strict-aliasing -fwrapv -fexcess-precision=standard -Wno-format-truncation -Wno-stringop-truncation -O2  -D_GNU_SOURCE  conftest.c >&5
conftest.c:65:13: warning: no previous prototype for 'foo' [-Wmissing-prototypes]
   65 |         int foo (int_ptr __restrict ip) {
      |             ^~~
configure:15175: $? = 0
configure:15183: result: __restrict
configure:15207: checking for struct option
configure:15207: gcc -c -Wall -Wmissing-prototypes -Wpointer-arith -Wdeclaration-after-statement -Werror=vla -Wendif-labels -Wmissing-format-attribute -Wimplicit-fallthrough=3 -Wcast-function-type -Wshadow=compatible-local -Wformat-security -fno-strict-aliasing -fwrapv -fexcess-precision=standard -Wno-format-truncation -Wno-stringop-truncation -O2  -D_GNU_SOURCE  conftest.c >&5
configure:15207: $? = 0
configure:15207: gcc -c -Wall -Wmissing-prototypes -Wpointer-arith -Wdeclaration-after-statement -Werror=vla -Wendif-labels -Wmissing-format-attribute -Wimplicit-fallthrough=3 -Wcast-function-type -Wshadow=compatible-local -Wformat-security -fno-strict-aliasing -fwrapv -fexcess-precision=standard -Wno-format-truncation -Wno-stringop-truncation -O2  -D_GNU_SOURCE  conftest.c >&5
conftest.c: In function 'main':
conftest.c:73:28: error: expected expression before ')' token
   73 | if (sizeof ((struct option)))
      |                            ^
configure:15207: $? = 1
configure: failed program was:
| /* confdefs.h */
| #define PACKAGE_NAME "PostgreSQL"
| #define PACKAGE_TARNAME "postgresql"
| #define PACKAGE_VERSION "16.6"
| #define PACKAGE_STRING "PostgreSQL 16.6"
| #define PACKAGE_BUGREPORT "pgsql-bugs@lists.postgresql.org"
| #define PACKAGE_URL "https://www.postgresql.org/"
| #define CONFIGURE_ARGS " '--prefix=/home/james/csi3130_project-1/.pg16-install' '--without-icu'"
| #define PG_MAJORVERSION "16"
| #define PG_MAJORVERSION_NUM 16
| #define PG_MINORVERSION_NUM 6
| #define PG_VERSION "16.6"
| #define DEF_PGPORT 5432
| #define DEF_PGPORT_STR "5432"
| #define BLCKSZ 8192
| #define RELSEG_SIZE 131072
| #define XLOG_BLCKSZ 8192
| #define HAVE_VISIBILITY_ATTRIBUTE 1
| #define DLSUFFIX ".so"
| #define ENABLE_THREAD_SAFETY 1
| #define PG_KRB_SRVNAM "postgres"
| #define STDC_HEADERS 1
| #define HAVE_SYS_TYPES_H 1
| #define HAVE_SYS_STAT_H 1
| #define HAVE_STDLIB_H 1
| #define HAVE_STRING_H 1
| #define HAVE_MEMORY_H 1
| #define HAVE_STRINGS_H 1
| #define HAVE_INTTYPES_H 1
| #define HAVE_STDINT_H 1
| #define HAVE_UNISTD_H 1
| #define HAVE_PTHREAD_PRIO_INHERIT 1
| #define HAVE_PTHREAD 1
| #define HAVE_STRERROR_R 1
| #define HAVE_LIBM 1
| #define HAVE_LIBREADLINE 1
| #define HAVE_LIBZ 1
| #define HAVE_SPINLOCKS 1
| #define HAVE_ATOMICS 1
| #define HAVE__BOOL 1
| #define HAVE_STDBOOL_H 1
| #define HAVE_EXECINFO_H 1
| #define HAVE_GETOPT_H 1
| #define HAVE_IFADDRS_H 1
| #define HAVE_LANGINFO_H 1
| #define HAVE_SYS_EPOLL_H 1
| #define HAVE_SYS_PERSONALITY_H 1
| #define HAVE_SYS_PRCTL_H 1
| #define HAVE_SYS_SIGNALFD_H 1
| #define HAVE_TERMIOS_H 1
| #define HAVE_READLINE_READLINE_H 1
| #define HAVE_READLINE_HISTORY_H 1
| #define PG_PRINTF_ATTRIBUTE gnu_printf
| #define HAVE__STATIC_ASSERT 1
| #define HAVE_TYPEOF 1
| #define HAVE__BUILTIN_TYPES_COMPATIBLE_P 1
| #define HAVE__BUILTIN_CONSTANT_P 1
| #define HAVE__BUILTIN_UNREACHABLE 1
| #define HAVE_COMPUTED_GOTO 1
| #define HAVE_STRUCT_TM_TM_ZONE 1
| #define HAVE_SOCKLEN_T 1
| #define HAVE_LOCALE_T 1
| #define restrict __restrict
| #define pg_restrict __restrict
| /* end confdefs.h.  */
| #ifdef HAVE_GETOPT_H
| #include <getopt.h>
| #endif
| 
| int
| main ()
| {
| if (sizeof ((struct option)))
| 	    return 0;
|   ;
|   return 0;
| }
configure:15207: result: yes
configure:15225: checking for z_streamp
configure:15225: gcc -c -Wall -Wmissing-prototypes -Wpointer-arith -Wdeclaration-after-statement -Werror=vla -Wendif-labels -Wmissing-format-attribute -Wimplicit-fallthrough=3 -Wcast-function-type -Wshadow=compatible-local -Wformat-security -fno-strict-aliasing -fwrapv -fexcess-precision=standard -Wno-format-truncation -Wno-stringop-truncation -O2  -D_GNU_SOURCE  conftest.c >&5
configure:15225: $? = 0
configure:15225: gcc -c -Wall -Wmissing-prototypes -Wpointer-arith -Wdeclaration-after-statement -Werror=vla -Wendif-labels -Wmissing-format-attribute -Wimplicit-fallthrough=3 -Wcast-function-type -Wshadow=compatible-local -Wformat-security -fno-strict-aliasing -fwrapv -fexcess-precision=standard -Wno-format-truncation -Wno-stringop-truncation -O2  -D_GNU_SOURCE  conftest.c >&5
conftest.c: In function 'main':
conftest.c:72:24: error: expected expression before ')' token
   72 | if (sizeof ((z_streamp)))
      |                        ^
configure:15225: $? = 1
configure: failed program was:
| /* confdefs.h */
| #define PACKAGE_NAME "PostgreSQL"
| #define PACKAGE_TARNAME "postgresql"
| #define PACKAGE_VERSION "16.6"
| #define PACKAGE_STRING "PostgreSQL 16.6"
| #define PACKAGE_BUGREPORT "pgsql-bugs@lists.postgresql.org"
| #define PACKAGE_URL "https://www.postgresql.org/"
| #define CONFIGURE_ARGS " '--prefix=/home/james/csi3130_project-1/.pg16-install' '--without-icu'"
| #define PG_MAJORVERSION "16"
| #define PG_MAJORVERSION_NUM 16
| #define PG_MINORVERSION_NUM 6
| #define PG_VERSION "16.6"
| #define DEF_PGPORT 5432
| #define DEF_PGPORT_STR "5432"
| #define BLCKSZ 8192
| #define RELSEG_SIZE 131072
| #define XLOG_BLCKSZ 8192
| #define HAVE_VISIBILITY_ATTRIBUTE 1
| #define DLSUFFIX ".so"
| #define ENABLE_THREAD_SAFETY 1
| #define PG_KRB_SRVNAM "postgres"
| #define STDC_HEADERS 1
| #define HAVE_SYS_TYPES_H 1
| #define HAVE_SYS_STAT_H 1
| #define HAVE_STDLIB_H 1
| #define HAVE_STRING_H 1
| #define HAVE_MEMORY_H 1
| #define HAVE_STRINGS_H 1
| #define HAVE_INTTYPES_H 1
| #define HAVE_STDINT_H 1
| #define HAVE_UNISTD_H 1
| #define HAVE_PTHREAD_PRIO_INHERIT 1
| #define HAVE_PTHREAD 1
| #define HAVE_STRERROR_R 1
| #define HAVE_LIBM 1
| #define HAVE_LIBREADLINE 1
| #define HAVE_LIBZ 1
| #define HAVE_SPINLOCKS 1
| #define HAVE_ATOMICS 1
| #define HAVE__BOOL 1
| #define HAVE_STDBOOL_H 1
| #define HAVE_EXECINFO_H 1
| #define HAVE_GETOPT_H 1
| #define HAVE_IFADDRS_H 1
| #define HAVE_LANGINFO_H 1
| #define HAVE_SYS_EPOLL_H 1
| #define HAVE_SYS_PERSONALITY_H 1
| #define HAVE_SYS_PRCTL_H 1
| #define HAVE_SYS_SIGNALFD_H 1
| #define HAVE_TERMIOS_H 1
| #define HAVE_READLINE_READLINE_H 1
| #define HAVE_READLINE_HISTORY_H 1
| #define PG_PRINTF_ATTRIBUTE gnu_printf
| #define HAVE__STATIC_ASSERT 1
| #define HAVE_TYPEOF 1
| #define HAVE__BUILTIN_TYPES_COMPATIBLE_P 1
| #define HAVE__BUILTIN_CONSTANT_P 1
| #define HAVE__BUILTIN_UNREACHABLE 1
| #define HAVE_COMPUTED_GOTO 1
| #define HAVE_STRUCT_TM_TM_ZONE 1
| #define HAVE_SOCKLEN_T 1
| #define HAVE_LOCALE_T 1
| #define restrict __restrict
| #define pg_restrict __restrict
| #define HAVE_STRUCT_OPTION 1
| /* end confdefs.h.  */
| #include <zlib.h>
| 
| int
| main ()
| {
| if (sizeof ((z_streamp)))
| 	    return 0;
|   ;
|   return 0;
| }
configure:15225: result: yes
configure:15239: checking whether assembler supports x86_64 popcntq
configure:15256: gcc -c -Wall -Wmissing-prototypes -Wpointer-arith -Wdeclaration-after-statement -Werror=vla -Wendif-labels -Wmissing-format-attribute -Wimplicit-fallthrough=3 -Wcast-function-type -Wshadow=compatible-local -Wformat-security -fno-strict-aliasing -fwrapv -fexcess-precision=standard -Wno-format-truncation -Wno-stringop-truncation -O2  -D_GNU_SOURCE  conftest.c >&5
configure:15256: $? = 0
configure:15263: result: yes
configure:15327: checking for special C compiler options needed for large files
configure:15372: result: no
configure:15378: checking for _FILE_OFFSET_BITS value needed for large files
configure:15403: gcc -c -Wall -Wmissing-prototypes -Wpointer-arith -Wdeclaration-after-statement -Werror=vla -Wendif-labels -Wmissing-format-attribute -Wimplicit-fallthrough=3 -Wcast-function-type -Wshadow=compatible-local -Wformat-security -fno-strict-aliasing -fwrapv -fexcess-precision=standard -Wno-format-truncation -Wno-stringop-truncation -O2  -D_GNU_SOURCE  conftest.c >&5
configure:15403: $? = 0
configure:15435: result: no
configure:15527: checking size of off_t
configure:15532: gcc -o conftest -Wall -Wmissing-prototypes -Wpointer-arith -Wdeclaration-after-statement -Werror=vla -Wendif-labels -Wmissing-format-attribute -Wimplicit-fallthrough=3 -Wcast-function-type -Wshadow=compatible-local -Wformat-security -fno-strict-aliasing -fwrapv -fexcess-precision=standard -Wno-format-truncation -Wno-stringop-truncation -O2  -D_GNU_SOURCE    conftest.c -lz -lreadline -lm  >&5
configure:15532: $? = 0
configure:15532: ./conftest
configure:15532: $? = 0
configure:15546: result: 8
configure:15568: checking size of bool
configure:15573: gcc -o conftest -Wall -Wmissing-prototypes -Wpointer-arith -Wdeclaration-after-statement -Werror=vla -Wendif-labels -Wmissing-format-attribute -Wimplicit-fallthrough=3 -Wcast-function-type -Wshadow=compatible-local -Wformat-security -fno-strict-aliasing -fwrapv -fexcess-precision=standard -Wno-format-truncation -Wno-stringop-truncation -O2  -D_GNU_SOURCE    conftest.c -lz -lreadline -lm  >&5
configure:15573: $? = 0
configure:15573: ./conftest
configure:15573: $? = 0
configure:15590: result: 1
configure:15612: checking for int timezone
configure:15633: gcc -o conftest -Wall -Wmissing-prototypes -Wpointer-arith -Wdeclaration-after-statement -Werror=vla -Wendif-labels -Wmissing-format-attribute -Wimplicit-fallthrough=3 -Wcast-function-type -Wshadow=compatible-local -Wformat-security -fno-strict-aliasing -fwrapv -fexcess-precision=standard -Wno-format-truncation -Wno-stringop-truncation -O2  -D_GNU_SOURCE    conftest.c -lz -lreadline -lm  >&5
configure:15633: $? = 0
configure:15641: result: yes
configure:15648: checking for wcstombs_l declaration
configure:15667: gcc -c -Wall -Wmissing-prototypes -Wpointer-arith -Wdeclaration-after-statement -Werror=vla -Wendif-labels -Wmissing-format-attribute -Wimplicit-fallthrough=3 -Wcast-function-type -Wshadow=compatible-local -Wformat-security -fno-strict-aliasing -fwrapv -fexcess-precision=standard -Wno-format-truncation -Wno-stringop-truncation -O2  -D_GNU_SOURCE  conftest.c >&5
conftest.c: In function 'main':
conftest.c:78:8: error: 'wcstombs_l' undeclared (first use in this function); did you mean 'wcstombs'?
   78 | (void) wcstombs_l;
      |        ^~~~~~~~~~
      |        wcstombs
conftest.c:78:8: note: each undeclared identifier is reported only once for each function it appears in
configure:15667: $? = 1
configure: failed program was:
| /* confdefs.h */
| #define PACKAGE_NAME "PostgreSQL"
| #define PACKAGE_TARNAME "postgresql"
| #define PACKAGE_VERSION "16.6"
| #define PACKAGE_STRING "PostgreSQL 16.6"
| #define PACKAGE_BUGREPORT "pgsql-bugs@lists.postgresql.org"
| #define PACKAGE_URL "https://www.postgresql.org/"
| #define CONFIGURE_ARGS " '--prefix=/home/james/csi3130_project-1/.pg16-install' '--without-icu'"
| #define PG_MAJORVERSION "16"
| #define PG_MAJORVERSION_NUM 16
| #define PG_MINORVERSION_NUM 6
| #define PG_VERSION "16.6"
| #define DEF_PGPORT 5432
| #define DEF_PGPORT_STR "5432"
| #define BLCKSZ 8192
| #define RELSEG_SIZE 131072
| #define XLOG_BLCKSZ 8192
| #define HAVE_VISIBILITY_ATTRIBUTE 1
| #define DLSUFFIX ".so"
| #define ENABLE_THREAD_SAFETY 1
| #define PG_KRB_SRVNAM "postgres"
| #define STDC_HEADERS 1
| #define HAVE_SYS_TYPES_H 1
| #define HAVE_SYS_STAT_H 1
| #define HAVE_STDLIB_H 1
| #define HAVE_STRING_H 1
| #define HAVE_MEMORY_H 1
| #define HAVE_STRINGS_H 1
| #define HAVE_INTTYPES_H 1
| #define HAVE_STDINT_H 1
| #define HAVE_UNISTD_H 1
| #define HAVE_PTHREAD_PRIO_INHERIT 1
| #define HAVE_PTHREAD 1
| #define HAVE_STRERROR_R 1
| #define HAVE_LIBM 1
| #define HAVE_LIBREADLINE 1
| #define HAVE_LIBZ 1
| #define HAVE_SPINLOCKS 1
| #define HAVE_ATOMICS 1
| #define HAVE__BOOL 1
| #define HAVE_STDBOOL_H 1
| #define HAVE_EXECINFO_H 1
| #define HAVE_GETOPT_H 1
| #define HAVE_IFADDRS_H 1
| #define HAVE_LANGINFO_H 1
| #define HAVE_SYS_EPOLL_H 1
| #define HAVE_SYS_PERSONALITY_H 1
| #define HAVE_SYS_PRCTL_H 1
| #define HAVE_SYS_SIGNALFD_H 1
| #define HAVE_TERMIOS_H 1
| #define HAVE_READLINE_READLINE_H 1
| #define HAVE_READLINE_HISTORY_H 1
| #define PG_PRINTF_ATTRIBUTE gnu_printf
| #define HAVE__STATIC_ASSERT 1
| #define HAVE_TYPEOF 1
| #define HAVE__BUILTIN_TYPES_COMPATIBLE_P 1
| #define HAVE__BUILTIN_CONSTANT_P 1
| #define HAVE__BUILTIN_UNREACHABLE 1
| #define HAVE_COMPUTED_GOTO 1
| #define HAVE_STRUCT_TM_TM_ZONE 1
| #define HAVE_SOCKLEN_T 1
| #define HAVE_LOCALE_T 1
| #define restrict __restrict
| #define pg_restrict __restrict
| #define HAVE_STRUCT_OPTION 1
| #define HAVE_X86_64_POPCNTQ 1
| #define SIZEOF_OFF_T 8
| #define SIZEOF_BOOL 1
| #define PG_USE_STDBOOL 1
| #define HAVE_INT_TIMEZONE 1
| /* end confdefs.h.  */
| #include <stdlib.h>
| #include <locale.h>
| int
| main ()
| {
| #ifndef wcstombs_l
| (void) wcstombs_l;
| #endif
|   ;
|   return 0;
| }
configure:15685: gcc -c -Wall -Wmissing-prototypes -Wpointer-arith -Wdeclaration-after-statement -Werror=vla -Wendif-labels -Wmissing-format-attribute -Wimplicit-fallthrough=3 -Wcast-function-type -Wshadow=compatible-local -Wformat-security -fno-strict-aliasing -fwrapv -fexcess-precision=standard -Wno-format-truncation -Wno-stringop-truncation -O2  -D_GNU_SOURCE  conftest.c >&5
conftest.c:74:10: fatal error: xlocale.h: No such file or directory
   74 | #include <xlocale.h>
      |          ^~~~~~~~~~~
compilation terminated.
configure:15685: $? = 1
configure: failed program was:
| /* confdefs.h */
| #define PACKAGE_NAME "PostgreSQL"
| #define PACKAGE_TARNAME "postgresql"
| #define PACKAGE_VERSION "16.6"
| #define PACKAGE_STRING "PostgreSQL 16.6"
| #define PACKAGE_BUGREPORT "pgsql-bugs@lists.postgresql.org"
| #define PACKAGE_URL "https://www.postgresql.org/"
| #define CONFIGURE_ARGS " '--prefix=/home/james/csi3130_project-1/.pg16-install' '--without-icu'"
| #define PG_MAJORVERSION "16"
| #define PG_MAJORVERSION_NUM 16
| #define PG_MINORVERSION_NUM 6
| #define PG_VERSION "16.6"
| #define DEF_PGPORT 5432
| #define DEF_PGPORT_STR "5432"
| #define BLCKSZ 8192
| #define RELSEG_SIZE 131072
| #define XLOG_BLCKSZ 8192
| #define HAVE_VISIBILITY_ATTRIBUTE 1
| #define DLSUFFIX ".so"
| #define ENABLE_THREAD_SAFETY 1
| #define PG_KRB_SRVNAM "postgres"
| #define STDC_HEADERS 1
| #define HAVE_SYS_TYPES_H 1
| #define HAVE_SYS_STAT_H 1
| #define HAVE_STDLIB_H 1
| #define HAVE_STRING_H 1
| #define HAVE_MEMORY_H 1
| #define HAVE_STRINGS_H 1
| #define HAVE_INTTYPES_H 1
| #define HAVE_STDINT_H 1
| #define HAVE_UNISTD_H 1
| #define HAVE_PTHREAD_PRIO_INHERIT 1
| #define HAVE_PTHREAD 1
| #define HAVE_STRERROR_R 1
| #define HAVE_LIBM 1
| #define HAVE_LIBREADLINE 1
| #define HAVE_LIBZ 1
| #define HAVE_SPINLOCKS 1
| #define HAVE_ATOMICS 1
| #define HAVE__BOOL 1
| #define HAVE_STDBOOL_H 1
| #define HAVE_EXECINFO_H 1
| #define HAVE_GETOPT_H 1
| #define HAVE_IFADDRS_H 1
| #define HAVE_LANGINFO_H 1
| #define HAVE_SYS_EPOLL_H 1
| #define HAVE_SYS_PERSONALITY_H 1
| #define HAVE_SYS_PRCTL_H 1
| #define HAVE_SYS_SIGNALFD_H 1
| #define HAVE_TERMIOS_H 1
| #define HAVE_READLINE_READLINE_H 1
| #define HAVE_READLINE_HISTORY_H 1
| #define PG_PRINTF_ATTRIBUTE gnu_printf
| #define HAVE__STATIC_ASSERT 1
| #define HAVE_TYPEOF 1
| #define HAVE__BUILTIN_TYPES_COMPATIBLE_P 1
| #define HAVE__BUILTIN_CONSTANT_P 1
| #define HAVE__BUILTIN_UNREACHABLE 1
| #define HAVE_COMPUTED_GOTO 1
| #define HAVE_STRUCT_TM_TM_ZONE 1
| #define HAVE_SOCKLEN_T 1
| #define HAVE_LOCALE_T 1
| #define restrict __restrict
| #define pg_restrict __restrict
| #define HAVE_STRUCT_OPTION 1
| #define HAVE_X86_64_POPCNTQ 1
| #define SIZEOF_OFF_T 8
| #define SIZEOF_BOOL 1
| #define PG_USE_STDBOOL 1
| #define HAVE_INT_TIMEZONE 1
| /* end confdefs.h.  */
| #include <stdlib.h>
| #include <locale.h>
| #include <xlocale.h>
| int
| main ()
| {
| #ifndef wcstombs_l
| (void) wcstombs_l;
| #endif
|   ;
|   return 0;
| }
configure:15694: result: no
configure:15712: checking for backtrace_symbols
configure:15712: gcc -o conftest -Wall -Wmissing-prototypes -Wpointer-arith -Wdeclaration-after-statement -Werror=vla -Wendif-labels -Wmissing-format-attribute -Wimplicit-fallthrough=3 -Wcast-function-type -Wshadow=compatible-local -Wformat-security -fno-strict-aliasing -fwrapv -fexcess-precision=standard -Wno-format-truncation -Wno-stringop-truncation -O2  -D_GNU_SOURCE    conftest.c -lz  -lm  >&5
configure:15712: $? = 0
configure:15712: result: yes
configure:15712: checking for copyfile
configure:15712: gcc -o conftest -Wall -Wmissing-prototypes -Wpointer-arith -Wdeclaration-after-statement -Werror=vla -Wendif-labels -Wmissing-format-attribute -Wimplicit-fallthrough=3 -Wcast-function-type -Wshadow=compatible-local -Wformat-security -fno-strict-aliasing -fwrapv -fexcess-precision=standard -Wno-format-truncation -Wno-stringop-truncation -O2  -D_GNU_SOURCE    conftest.c -lz  -lm  >&5
/usr/bin/ld: /tmp/cct37hNL.o: in function `main':
conftest.c:(.text.startup+0xb): undefined reference to `copyfile'
collect2: error: ld returned 1 exit status
configure:15712: $? = 1
configure: failed program was:
| /* confdefs.h */
| #define PACKAGE_NAME "PostgreSQL"
| #define PACKAGE_TARNAME "postgresql"
| #define PACKAGE_VERSION "16.6"
| #define PACKAGE_STRING "PostgreSQL 16.6"
| #define PACKAGE_BUGREPORT "pgsql-bugs@lists.postgresql.org"
| #define PACKAGE_URL "https://www.postgresql.org/"
| #define CONFIGURE_ARGS " '--prefix=/home/james/csi3130_project-1/.pg16-install' '--without-icu'"
| #define PG_MAJORVERSION "16"
| #define PG_MAJORVERSION_NUM 16
| #define PG_MINORVERSION_NUM 6
| #define PG_VERSION "16.6"
| #define DEF_PGPORT 5432
| #define DEF_PGPORT_STR "5432"
| #define BLCKSZ 8192
| #define RELSEG_SIZE 131072
| #define XLOG_BLCKSZ 8192
| #define HAVE_VISIBILITY_ATTRIBUTE 1
| #define DLSUFFIX ".so"
| #define ENABLE_THREAD_SAFETY 1
| #define PG_KRB_SRVNAM "postgres"
| #define STDC_HEADERS 1
| #define HAVE_SYS_TYPES_H 1
| #define HAVE_SYS_STAT_H 1
| #define HAVE_STDLIB_H 1
| #define HAVE_STRING_H 1
| #define HAVE_MEMORY_H 1
| #define HAVE_STRINGS_H 1
| #define HAVE_INTTYPES_H 1
| #define HAVE_STDINT_H 1
| #define HAVE_UNISTD_H 1
| #define HAVE_PTHREAD_PRIO_INHERIT 1
| #define HAVE_PTHREAD 1
| #define HAVE_STRERROR_R 1
| #define HAVE_LIBM 1
| #define HAVE_LIBREADLINE 1
| #define HAVE_LIBZ 1
| #define HAVE_SPINLOCKS 1
| #define HAVE_ATOMICS 1
| #define HAVE__BOOL 1
| #define HAVE_STDBOOL_H 1
| #define HAVE_EXECINFO_H 1
| #define HAVE_GETOPT_H 1
| #define HAVE_IFADDRS_H 1
| #define HAVE_LANGINFO_H 1
| #define HAVE_SYS_EPOLL_H 1
| #define HAVE_SYS_PERSONALITY_H 1
| #define HAVE_SYS_PRCTL_H 1
| #define HAVE_SYS_SIGNALFD_H 1
| #define HAVE_TERMIOS_H 1
| #define HAVE_READLINE_READLINE_H 1
| #define HAVE_READLINE_HISTORY_H 1
| #define PG_PRINTF_ATTRIBUTE gnu_printf
| #define HAVE__STATIC_ASSERT 1
| #define HAVE_TYPEOF 1
| #define HAVE__BUILTIN_TYPES_COMPATIBLE_P 1
| #define HAVE__BUILTIN_CONSTANT_P 1
| #define HAVE__BUILTIN_UNREACHABLE 1
| #define HAVE_COMPUTED_GOTO 1
| #define HAVE_STRUCT_TM_TM_ZONE 1
| #define HAVE_SOCKLEN_T 1
| #define HAVE_LOCALE_T 1
| #define restrict __restrict
| #define pg_restrict __restrict
| #define HAVE_STRUCT_OPTION 1
| #define HAVE_X86_64_POPCNTQ 1
| #define SIZEOF_OFF_T 8
| #define SIZEOF_BOOL 1
| #define PG_USE_STDBOOL 1
| #define HAVE_INT_TIMEZONE 1
| #define HAVE_BACKTRACE_SYMBOLS 1
| /* end confdefs.h.  */
| /* Define copyfile to an innocuous variant, in case <limits.h> declares copyfile.
|    For example, HP-UX 11i <limits.h> declares gettimeofday.  */
| #define copyfile innocuous_copyfile
| 
| /* System header to define __stub macros and hopefully few prototypes,
|     which can conflict with char copyfile (); below.
|     Prefer <limits.h> to <assert.h> if __STDC__ is defined, since
|     <limits.h> exists even on freestanding compilers.  */
| 
| #ifdef __STDC__
| # include <limits.h>
| #else
| # include <assert.h>
| #endif
| 
| #undef copyfile
| 
| /* Override any GCC internal prototype to avoid an error.
|    Use char because int might match the return type of a GCC
|    builtin and then its argument prototype would still apply.  */
| #ifdef __cplusplus
| extern "C"
| #endif
| char copyfile ();
| /* The GNU C library defines this for functions which it implements
|     to always fail with ENOSYS.  Some functions are actually named
|     something starting with __ and the normal name is an alias.  */
| #if defined __stub_copyfile || defined __stub___copyfile
| choke me
| #endif
| 
| int
| main ()
| {
| return copyfile ();
|   ;
|   return 0;
| }
configure:15712: result: no
configure:15712: checking for getifaddrs
configure:15712: gcc -o conftest -Wall -Wmissing-prototypes -Wpointer-arith -Wdeclaration-after-statement -Werror=vla -Wendif-labels -Wmissing-format-attribute -Wimplicit-fallthrough=3 -Wcast-function-type -Wshadow=compatible-local -Wformat-security -fno-strict-aliasing -fwrapv -fexcess-precision=standard -Wno-format-truncation -Wno-stringop-truncation -O2  -D_GNU_SOURCE    conftest.c -lz  -lm  >&5
configure:15712: $? = 0
configure:15712: result: yes
configure:15712: checking for getpeerucred
configure:15712: gcc -o conftest -Wall -Wmissing-prototypes -Wpointer-arith -Wdeclaration-after-statement -Werror=vla -Wendif-labels -Wmissing-format-attribute -Wimplicit-fallthrough=3 -Wcast-function-type -Wshadow=compatible-local -Wformat-security -fno-strict-aliasing -fwrapv -fexcess-precision=standard -Wno-format-truncation -Wno-stringop-truncation -O2  -D_GNU_SOURCE    conftest.c -lz  -lm  >&5
/usr/bin/ld: /tmp/ccWHznzC.o: in function `main':
conftest.c:(.text.startup+0xb): undefined reference to `getpeerucred'
collect2: error: ld returned 1 exit status
configure:15712: $? = 1
configure: failed program was:
| /* confdefs.h */
| #define PACKAGE_NAME "PostgreSQL"
| #define PACKAGE_TARNAME "postgresql"
| #define PACKAGE_VERSION "16.6"
| #define PACKAGE_STRING "PostgreSQL 16.6"
| #define PACKAGE_BUGREPORT "pgsql-bugs@lists.postgresql.org"
| #define PACKAGE_URL "https://www.postgresql.org/"
| #define CONFIGURE_ARGS " '--prefix=/home/james/csi3130_project-1/.pg16-install' '--without-icu'"
| #define PG_MAJORVERSION "16"
| #define PG_MAJORVERSION_NUM 16
| #define PG_MINORVERSION_NUM 6
| #define PG_VERSION "16.6"
| #define DEF_PGPORT 5432
| #define DEF_PGPORT_STR "5432"
| #define BLCKSZ 8192
| #define RELSEG_SIZE 131072
| #define XLOG_BLCKSZ 8192
| #define HAVE_VISIBILITY_ATTRIBUTE 1
| #define DLSUFFIX ".so"
| #define ENABLE_THREAD_SAFETY 1
| #define PG_KRB_SRVNAM "postgres"
| #define STDC_HEADERS 1
| #define HAVE_SYS_TYPES_H 1
| #define HAVE_SYS_STAT_H 1
| #define HAVE_STDLIB_H 1
| #define HAVE_STRING_H 1
| #define HAVE_MEMORY_H 1
| #define HAVE_STRINGS_H 1
| #define HAVE_INTTYPES_H 1
| #define HAVE_STDINT_H 1
| #define HAVE_UNISTD_H 1
| #define HAVE_PTHREAD_PRIO_INHERIT 1
| #define HAVE_PTHREAD 1
| #define HAVE_STRERROR_R 1
| #define HAVE_LIBM 1
| #define HAVE_LIBREADLINE 1
| #define HAVE_LIBZ 1
| #define HAVE_SPINLOCKS 1
| #define HAVE_ATOMICS 1
| #define HAVE__BOOL 1
| #define HAVE_STDBOOL_H 1
| #define HAVE_EXECINFO_H 1
| #define HAVE_GETOPT_H 1
| #define HAVE_IFADDRS_H 1
| #define HAVE_LANGINFO_H 1
| #define HAVE_SYS_EPOLL_H 1
| #define HAVE_SYS_PERSONALITY_H 1
| #define HAVE_SYS_PRCTL_H 1
| #define HAVE_SYS_SIGNALFD_H 1
| #define HAVE_TERMIOS_H 1
| #define HAVE_READLINE_READLINE_H 1
| #define HAVE_READLINE_HISTORY_H 1
| #define PG_PRINTF_ATTRIBUTE gnu_printf
| #define HAVE__STATIC_ASSERT 1
| #define HAVE_TYPEOF 1
| #define HAVE__BUILTIN_TYPES_COMPATIBLE_P 1
| #define HAVE__BUILTIN_CONSTANT_P 1
| #define HAVE__BUILTIN_UNREACHABLE 1
| #define HAVE_COMPUTED_GOTO 1
| #define HAVE_STRUCT_TM_TM_ZONE 1
| #define HAVE_SOCKLEN_T 1
| #define HAVE_LOCALE_T 1
| #define restrict __restrict
| #define pg_restrict __restrict
| #define HAVE_STRUCT_OPTION 1
| #define HAVE_X86_64_POPCNTQ 1
| #define SIZEOF_OFF_T 8
| #define SIZEOF_BOOL 1
| #define PG_USE_STDBOOL 1
| #define HAVE_INT_TIMEZONE 1
| #define HAVE_BACKTRACE_SYMBOLS 1
| #define HAVE_GETIFADDRS 1
| /* end confdefs.h.  */
| /* Define getpeerucred to an innocuous variant, in case <limits.h> declares getpeerucred.
|    For example, HP-UX 11i <limits.h> declares gettimeofday.  */
| #define getpeerucred innocuous_getpeerucred
| 
| /* System header to define __stub macros and hopefully few prototypes,
|     which can conflict with char getpeerucred (); below.
|     Prefer <limits.h> to <assert.h> if __STDC__ is defined, since
|     <limits.h> exists even on freestanding compilers.  */
| 
| #ifdef __STDC__
| # include <limits.h>
| #else
| # include <assert.h>
| #endif
| 
| #undef getpeerucred
| 
| /* Override any GCC internal prototype to avoid an error.
|    Use char because int might match the return type of a GCC
|    builtin and then its argument prototype would still apply.  */
| #ifdef __cplusplus
| extern "C"
| #endif
| char getpeerucred ();
| /* The GNU C library defines this for functions which it implements
|     to always fail with ENOSYS.  Some functions are actually named
|     something starting with __ and the normal name is an alias.  */
| #if defined __stub_getpeerucred || defined __stub___getpeerucred
| choke me
| #endif
| 
| int
| main ()
| {
| return getpeerucred ();
|   ;
|   return 0;
| }
configure:15712: result: no
configure:15712: checking for inet_pton
configure:15712: gcc -o conftest -Wall -Wmissing-prototypes -Wpointer-arith -Wdeclaration-after-statement -Werror=vla -Wendif-labels -Wmissing-format-attribute -Wimplicit-fallthrough=3 -Wcast-function-type -Wshadow=compatible-local -Wformat-security -fno-strict-aliasing -fwrapv -fexcess-precision=standard -Wno-format-truncation -Wno-stringop-truncation -O2  -D_GNU_SOURCE    conftest.c -lz  -lm  >&5
configure:15712: $? = 0
configure:15712: result: yes
configure:15712: checking for kqueue
configure:15712: gcc -o conftest -Wall -Wmissing-prototypes -Wpointer-arith -Wdeclaration-after-statement -Werror=vla -Wendif-labels -Wmissing-format-attribute -Wimplicit-fallthrough=3 -Wcast-function-type -Wshadow=compatible-local -Wformat-security -fno-strict-aliasing -fwrapv -fexcess-precision=standard -Wno-format-truncation -Wno-stringop-truncation -O2  -D_GNU_SOURCE    conftest.c -lz  -lm  >&5
/usr/bin/ld: /tmp/cc2YBnf7.o: in function `main':
conftest.c:(.text.startup+0xb): undefined reference to `kqueue'
collect2: error: ld returned 1 exit status
configure:15712: $? = 1
configure: failed program was:
| /* confdefs.h */
| #define PACKAGE_NAME "PostgreSQL"
| #define PACKAGE_TARNAME "postgresql"
| #define PACKAGE_VERSION "16.6"
| #define PACKAGE_STRING "PostgreSQL 16.6"
| #define PACKAGE_BUGREPORT "pgsql-bugs@lists.postgresql.org"
| #define PACKAGE_URL "https://www.postgresql.org/"
| #define CONFIGURE_ARGS " '--prefix=/home/james/csi3130_project-1/.pg16-install' '--without-icu'"
| #define PG_MAJORVERSION "16"
| #define PG_MAJORVERSION_NUM 16
| #define PG_MINORVERSION_NUM 6
| #define PG_VERSION "16.6"
| #define DEF_PGPORT 5432
| #define DEF_PGPORT_STR "5432"
| #define BLCKSZ 8192
| #define RELSEG_SIZE 131072
| #define XLOG_BLCKSZ 8192
| #define HAVE_VISIBILITY_ATTRIBUTE 1
| #define DLSUFFIX ".so"
| #define ENABLE_THREAD_SAFETY 1
| #define PG_KRB_SRVNAM "postgres"
| #define STDC_HEADERS 1
| #define HAVE_SYS_TYPES_H 1
| #define HAVE_SYS_STAT_H 1
| #define HAVE_STDLIB_H 1
| #define HAVE_STRING_H 1
| #define HAVE_MEMORY_H 1
| #define HAVE_STRINGS_H 1
| #define HAVE_INTTYPES_H 1
| #define HAVE_STDINT_H 1
| #define HAVE_UNISTD_H 1
| #define HAVE_PTHREAD_PRIO_INHERIT 1
| #define HAVE_PTHREAD 1
| #define HAVE_STRERROR_R 1
| #define HAVE_LIBM 1
| #define HAVE_LIBREADLINE 1
| #define HAVE_LIBZ 1
| #define HAVE_SPINLOCKS 1
| #define HAVE_ATOMICS 1
| #define HAVE__BOOL 1
| #define HAVE_STDBOOL_H 1
| #define HAVE_EXECINFO_H 1
| #define HAVE_GETOPT_H 1
| #define HAVE_IFADDRS_H 1
| #define HAVE_LANGINFO_H 1
| #define HAVE_SYS_EPOLL_H 1
| #define HAVE_SYS_PERSONALITY_H 1
| #define HAVE_SYS_PRCTL_H 1
| #define HAVE_SYS_SIGNALFD_H 1
| #define HAVE_TERMIOS_H 1
| #define HAVE_READLINE_READLINE_H 1
| #define HAVE_READLINE_HISTORY_H 1
| #define PG_PRINTF_ATTRIBUTE gnu_printf
| #define HAVE__STATIC_ASSERT 1
| #define HAVE_TYPEOF 1
| #define HAVE__BUILTIN_TYPES_COMPATIBLE_P 1
| #define HAVE__BUILTIN_CONSTANT_P 1
| #define HAVE__BUILTIN_UNREACHABLE 1
| #define HAVE_COMPUTED_GOTO 1
| #define HAVE_STRUCT_TM_TM_ZONE 1
| #define HAVE_SOCKLEN_T 1
| #define HAVE_LOCALE_T 1
| #define restrict __restrict
| #define pg_restrict __restrict
| #define HAVE_STRUCT_OPTION 1
| #define HAVE_X86_64_POPCNTQ 1
| #define SIZEOF_OFF_T 8
| #define SIZEOF_BOOL 1
| #define PG_USE_STDBOOL 1
| #define HAVE_INT_TIMEZONE 1
| #define HAVE_BACKTRACE_SYMBOLS 1
| #define HAVE_GETIFADDRS 1
| #define HAVE_INET_PTON 1
| /* end confdefs.h.  */
| /* Define kqueue to an innocuous variant, in case <limits.h> declares kqueue.
|    For example, HP-UX 11i <limits.h> declares gettimeofday.  */
| #define kqueue innocuous_kqueue
| 
| /* System header to define __stub macros and hopefully few prototypes,
|     which can conflict with char kqueue (); below.
|     Prefer <limits.h> to <assert.h> if __STDC__ is defined, since
|     <limits.h> exists even on freestanding compilers.  */
| 
| #ifdef __STDC__
| # include <limits.h>
| #else
| # include <assert.h>
| #endif
| 
| #undef kqueue
| 
| /* Override any GCC internal prototype to avoid an error.
|    Use char because int might match the return type of a GCC
|    builtin and then its argument prototype would still apply.  */
| #ifdef __cplusplus
| extern "C"
| #endif
| char kqueue ();
| /* The GNU C library defines this for functions which it implements
|     to always fail with ENOSYS.  Some functions are actually named
|     something starting with __ and the normal name is an alias.  */
| #if defined __stub_kqueue || defined __stub___kqueue
| choke me
| #endif
| 
| int
| main ()
| {
| return kqueue ();
|   ;
|   return 0;
| }
configure:15712: result: no
configure:15712: checking for mbstowcs_l
configure:15712: gcc -o conftest -Wall -Wmissing-prototypes -Wpointer-arith -Wdeclaration-after-statement -Werror=vla -Wendif-labels -Wmissing-format-attribute -Wimplicit-fallthrough=3 -Wcast-function-type -Wshadow=compatible-local -Wformat-security -fno-strict-aliasing -fwrapv -fexcess-precision=standard -Wno-format-truncation -Wno-stringop-truncation -O2  -D_GNU_SOURCE    conftest.c -lz  -lm  >&5
/usr/bin/ld: /tmp/ccjT1P4r.o: in function `main':
conftest.c:(.text.startup+0xb): undefined reference to `mbstowcs_l'
collect2: error: ld returned 1 exit status
configure:15712: $? = 1
configure: failed program was:
| /* confdefs.h */
| #define PACKAGE_NAME "PostgreSQL"
| #define PACKAGE_TARNAME "postgresql"
| #define PACKAGE_VERSION "16.6"
| #define PACKAGE_STRING "PostgreSQL 16.6"
| #define PACKAGE_BUGREPORT "pgsql-bugs@lists.postgresql.org"
| #define PACKAGE_URL "https://www.postgresql.org/"
| #define CONFIGURE_ARGS " '--prefix=/home/james/csi3130_project-1/.pg16-install' '--without-icu'"
| #define PG_MAJORVERSION "16"
| #define PG_MAJORVERSION_NUM 16
| #define PG_MINORVERSION_NUM 6
| #define PG_VERSION "16.6"
| #define DEF_PGPORT 5432
| #define DEF_PGPORT_STR "5432"
| #define BLCKSZ 8192
| #define RELSEG_SIZE 131072
| #define XLOG_BLCKSZ 8192
| #define HAVE_VISIBILITY_ATTRIBUTE 1
| #define DLSUFFIX ".so"
| #define ENABLE_THREAD_SAFETY 1
| #define PG_KRB_SRVNAM "postgres"
| #define STDC_HEADERS 1
| #define HAVE_SYS_TYPES_H 1
| #define HAVE_SYS_STAT_H 1
| #define HAVE_STDLIB_H 1
| #define HAVE_STRING_H 1
| #define HAVE_MEMORY_H 1
| #define HAVE_STRINGS_H 1
| #define HAVE_INTTYPES_H 1
| #define HAVE_STDINT_H 1
| #define HAVE_UNISTD_H 1
| #define HAVE_PTHREAD_PRIO_INHERIT 1
| #define HAVE_PTHREAD 1
| #define HAVE_STRERROR_R 1
| #define HAVE_LIBM 1
| #define HAVE_LIBREADLINE 1
| #define HAVE_LIBZ 1
| #define HAVE_SPINLOCKS 1
| #define HAVE_ATOMICS 1
| #define HAVE__BOOL 1
| #define HAVE_STDBOOL_H 1
| #define HAVE_EXECINFO_H 1
| #define HAVE_GETOPT_H 1
| #define HAVE_IFADDRS_H 1
| #define HAVE_LANGINFO_H 1
| #define HAVE_SYS_EPOLL_H 1
| #define HAVE_SYS_PERSONALITY_H 1
| #define HAVE_SYS_PRCTL_H 1
| #define HAVE_SYS_SIGNALFD_H 1
| #define HAVE_TERMIOS_H 1
| #define HAVE_READLINE_READLINE_H 1
| #define HAVE_READLINE_HISTORY_H 1
| #define PG_PRINTF_ATTRIBUTE gnu_printf
| #define HAVE__STATIC_ASSERT 1
| #define HAVE_TYPEOF 1
| #define HAVE__BUILTIN_TYPES_COMPATIBLE_P 1
| #define HAVE__BUILTIN_CONSTANT_P 1
| #define HAVE__BUILTIN_UNREACHABLE 1
| #define HAVE_COMPUTED_GOTO 1
| #define HAVE_STRUCT_TM_TM_ZONE 1
| #define HAVE_SOCKLEN_T 1
| #define HAVE_LOCALE_T 1
| #define restrict __restrict
| #define pg_restrict __restrict
| #define HAVE_STRUCT_OPTION 1
| #define HAVE_X86_64_POPCNTQ 1
| #define SIZEOF_OFF_T 8
| #define SIZEOF_BOOL 1
| #define PG_USE_STDBOOL 1
| #define HAVE_INT_TIMEZONE 1
| #define HAVE_BACKTRACE_SYMBOLS 1
| #define HAVE_GETIFADDRS 1
| #define HAVE_INET_PTON 1
| /* end confdefs.h.  */
| /* Define mbstowcs_l to an innocuous variant, in case <limits.h> declares mbstowcs_l.
|    For example, HP-UX 11i <limits.h> declares gettimeofday.  */
| #define mbstowcs_l innocuous_mbstowcs_l
| 
| /* System header to define __stub macros and hopefully few prototypes,
|     which can conflict with char mbstowcs_l (); below.
|     Prefer <limits.h> to <assert.h> if __STDC__ is defined, since
|     <limits.h> exists even on freestanding compilers.  */
| 
| #ifdef __STDC__
| # include <limits.h>
| #else
| # include <assert.h>
| #endif
| 
| #undef mbstowcs_l
| 
| /* Override any GCC internal prototype to avoid an error.
|    Use char because int might match the return type of a GCC
|    builtin and then its argument prototype would still apply.  */
| #ifdef __cplusplus
| extern "C"
| #endif
| char mbstowcs_l ();
| /* The GNU C library defines this for functions which it implements
|     to always fail with ENOSYS.  Some functions are actually named
|     something starting with __ and the normal name is an alias.  */
| #if defined __stub_mbstowcs_l || defined __stub___mbstowcs_l
| choke me
| #endif
| 
| int
| main ()
| {
| return mbstowcs_l ();
|   ;
|   return 0;
| }
configure:15712: result: no
configure:15712: checking for memset_s
configure:15712: gcc -o conftest -Wall -Wmissing-prototypes -Wpointer-arith -Wdeclaration-after-statement -Werror=vla -Wendif-labels -Wmissing-format-attribute -Wimplicit-fallthrough=3 -Wcast-function-type -Wshadow=compatible-local -Wformat-security -fno-strict-aliasing -fwrapv -fexcess-precision=standard -Wno-format-truncation -Wno-stringop-truncation -O2  -D_GNU_SOURCE    conftest.c -lz  -lm  >&5
/usr/bin/ld: /tmp/cc0u1EBx.o: in function `main':
conftest.c:(.text.startup+0xb): undefined reference to `memset_s'
collect2: error: ld returned 1 exit status
configure:15712: $? = 1
configure: failed program was:
| /* confdefs.h */
| #define PACKAGE_NAME "PostgreSQL"
| #define PACKAGE_TARNAME "postgresql"
| #define PACKAGE_VERSION "16.6"
| #define PACKAGE_STRING "PostgreSQL 16.6"
| #define PACKAGE_BUGREPORT "pgsql-bugs@lists.postgresql.org"
| #define PACKAGE_URL "https://www.postgresql.org/"
| #define CONFIGURE_ARGS " '--prefix=/home/james/csi3130_project-1/.pg16-install' '--without-icu'"
| #define PG_MAJORVERSION "16"
| #define PG_MAJORVERSION_NUM 16
| #define PG_MINORVERSION_NUM 6
| #define PG_VERSION "16.6"
| #define DEF_PGPORT 5432
| #define DEF_PGPORT_STR "5432"
| #define BLCKSZ 8192
| #define RELSEG_SIZE 131072
| #define XLOG_BLCKSZ 8192
| #define HAVE_VISIBILITY_ATTRIBUTE 1
| #define DLSUFFIX ".so"
| #define ENABLE_THREAD_SAFETY 1
| #define PG_KRB_SRVNAM "postgres"
| #define STDC_HEADERS 1
| #define HAVE_SYS_TYPES_H 1
| #define HAVE_SYS_STAT_H 1
| #define HAVE_STDLIB_H 1
| #define HAVE_STRING_H 1
| #define HAVE_MEMORY_H 1
| #define HAVE_STRINGS_H 1
| #define HAVE_INTTYPES_H 1
| #define HAVE_STDINT_H 1
| #define HAVE_UNISTD_H 1
| #define HAVE_PTHREAD_PRIO_INHERIT 1
| #define HAVE_PTHREAD 1
| #define HAVE_STRERROR_R 1
| #define HAVE_LIBM 1
| #define HAVE_LIBREADLINE 1
| #define HAVE_LIBZ 1
| #define HAVE_SPINLOCKS 1
| #define HAVE_ATOMICS 1
| #define HAVE__BOOL 1
| #define HAVE_STDBOOL_H 1
| #define HAVE_EXECINFO_H 1
| #define HAVE_GETOPT_H 1
| #define HAVE_IFADDRS_H 1
| #define HAVE_LANGINFO_H 1
| #define HAVE_SYS_EPOLL_H 1
| #define HAVE_SYS_PERSONALITY_H 1
| #define HAVE_SYS_PRCTL_H 1
| #define HAVE_SYS_SIGNALFD_H 1
| #define HAVE_TERMIOS_H 1
| #define HAVE_READLINE_READLINE_H 1
| #define HAVE_READLINE_HISTORY_H 1
| #define PG_PRINTF_ATTRIBUTE gnu_printf
| #define HAVE__STATIC_ASSERT 1
| #define HAVE_TYPEOF 1
| #define HAVE__BUILTIN_TYPES_COMPATIBLE_P 1
| #define HAVE__BUILTIN_CONSTANT_P 1
| #define HAVE__BUILTIN_UNREACHABLE 1
| #define HAVE_COMPUTED_GOTO 1
| #define HAVE_STRUCT_TM_TM_ZONE 1
| #define HAVE_SOCKLEN_T 1
| #define HAVE_LOCALE_T 1
| #define restrict __restrict
| #define pg_restrict __restrict
| #define HAVE_STRUCT_OPTION 1
| #define HAVE_X86_64_POPCNTQ 1
| #define SIZEOF_OFF_T 8
| #define SIZEOF_BOOL 1
| #define PG_USE_STDBOOL 1
| #define HAVE_INT_TIMEZONE 1
| #define HAVE_BACKTRACE_SYMBOLS 1
| #define HAVE_GETIFADDRS 1
| #define HAVE_INET_PTON 1
| /* end confdefs.h.  */
| /* Define memset_s to an innocuous variant, in case <limits.h> declares memset_s.
|    For example, HP-UX 11i <limits.h> declares gettimeofday.  */
| #define memset_s innocuous_memset_s
| 
| /* System header to define __stub macros and hopefully few prototypes,
|     which can conflict with char memset_s (); below.
|     Prefer <limits.h> to <assert.h> if __STDC__ is defined, since
|     <limits.h> exists even on freestanding compilers.  */
| 
| #ifdef __STDC__
| # include <limits.h>
| #else
| # include <assert.h>
| #endif
| 
| #undef memset_s
| 
| /* Override any GCC internal prototype to avoid an error.
|    Use char because int might match the return type of a GCC
|    builtin and then its argument prototype would still apply.  */
| #ifdef __cplusplus
| extern "C"
| #endif
| char memset_s ();
| /* The GNU C library defines this for functions which it implements
|     to always fail with ENOSYS.  Some functions are actually named
|     something starting with __ and the normal name is an alias.  */
| #if defined __stub_memset_s || defined __stub___memset_s
| choke me
| #endif
| 
| int
| main ()
| {
| return memset_s ();
|   ;
|   return 0;
| }
configure:15712: result: no
configure:15712: checking for posix_fallocate
configure:15712: gcc -o conftest -Wall -Wmissing-prototypes -Wpointer-arith -Wdeclaration-after-statement -Werror=vla -Wendif-labels -Wmissing-format-attribute -Wimplicit-fallthrough=3 -Wcast-function-type -Wshadow=compatible-local -Wformat-security -fno-strict-aliasing -fwrapv -fexcess-precision=standard -Wno-format-truncation -Wno-stringop-truncation -O2  -D_GNU_SOURCE    conftest.c -lz  -lm  >&5
configure:15712: $? = 0
configure:15712: result: yes
configure:15712: checking for ppoll
configure:15712: gcc -o conftest -Wall -Wmissing-prototypes -Wpointer-arith -Wdeclaration-after-statement -Werror=vla -Wendif-labels -Wmissing-format-attribute -Wimplicit-fallthrough=3 -Wcast-function-type -Wshadow=compatible-local -Wformat-security -fno-strict-aliasing -fwrapv -fexcess-precision=standard -Wno-format-truncation -Wno-stringop-truncation -O2  -D_GNU_SOURCE    conftest.c -lz  -lm  >&5
configure:15712: $? = 0
configure:15712: result: yes
configure:15712: checking for pthread_is_threaded_np
configure:15712: gcc -o conftest -Wall -Wmissing-prototypes -Wpointer-arith -Wdeclaration-after-statement -Werror=vla -Wendif-labels -Wmissing-format-attribute -Wimplicit-fallthrough=3 -Wcast-function-type -Wshadow=compatible-local -Wformat-security -fno-strict-aliasing -fwrapv -fexcess-precision=standard -Wno-format-truncation -Wno-stringop-truncation -O2  -D_GNU_SOURCE    conftest.c -lz  -lm  >&5
/usr/bin/ld: /tmp/ccgD0TEO.o: in function `main':
conftest.c:(.text.startup+0xb): undefined reference to `pthread_is_threaded_np'
collect2: error: ld returned 1 exit status
configure:15712: $? = 1
configure: failed program was:
| /* confdefs.h */
| #define PACKAGE_NAME "PostgreSQL"
| #define PACKAGE_TARNAME "postgresql"
| #define PACKAGE_VERSION "16.6"
| #define PACKAGE_STRING "PostgreSQL 16.6"
| #define PACKAGE_BUGREPORT "pgsql-bugs@lists.postgresql.org"
| #define PACKAGE_URL "https://www.postgresql.org/"
| #define CONFIGURE_ARGS " '--prefix=/home/james/csi3130_project-1/.pg16-install' '--without-icu'"
| #define PG_MAJORVERSION "16"
| #define PG_MAJORVERSION_NUM 16
| #define PG_MINORVERSION_NUM 6
| #define PG_VERSION "16.6"
| #define DEF_PGPORT 5432
| #define DEF_PGPORT_STR "5432"
| #define BLCKSZ 8192
| #define RELSEG_SIZE 131072
| #define XLOG_BLCKSZ 8192
| #define HAVE_VISIBILITY_ATTRIBUTE 1
| #define DLSUFFIX ".so"
| #define ENABLE_THREAD_SAFETY 1
| #define PG_KRB_SRVNAM "postgres"
| #define STDC_HEADERS 1
| #define HAVE_SYS_TYPES_H 1
| #define HAVE_SYS_STAT_H 1
| #define HAVE_STDLIB_H 1
| #define HAVE_STRING_H 1
| #define HAVE_MEMORY_H 1
| #define HAVE_STRINGS_H 1
| #define HAVE_INTTYPES_H 1
| #define HAVE_STDINT_H 1
| #define HAVE_UNISTD_H 1
| #define HAVE_PTHREAD_PRIO_INHERIT 1
| #define HAVE_PTHREAD 1
| #define HAVE_STRERROR_R 1
| #define HAVE_LIBM 1
| #define HAVE_LIBREADLINE 1
| #define HAVE_LIBZ 1
| #define HAVE_SPINLOCKS 1
| #define HAVE_ATOMICS 1
| #define HAVE__BOOL 1
| #define HAVE_STDBOOL_H 1
| #define HAVE_EXECINFO_H 1
| #define HAVE_GETOPT_H 1
| #define HAVE_IFADDRS_H 1
| #define HAVE_LANGINFO_H 1
| #define HAVE_SYS_EPOLL_H 1
| #define HAVE_SYS_PERSONALITY_H 1
| #define HAVE_SYS_PRCTL_H 1
| #define HAVE_SYS_SIGNALFD_H 1
| #define HAVE_TERMIOS_H 1
| #define HAVE_READLINE_READLINE_H 1
| #define HAVE_READLINE_HISTORY_H 1
| #define PG_PRINTF_ATTRIBUTE gnu_printf
| #define HAVE__STATIC_ASSERT 1
| #define HAVE_TYPEOF 1
| #define HAVE__BUILTIN_TYPES_COMPATIBLE_P 1
| #define HAVE__BUILTIN_CONSTANT_P 1
| #define HAVE__BUILTIN_UNREACHABLE 1
| #define HAVE_COMPUTED_GOTO 1
| #define HAVE_STRUCT_TM_TM_ZONE 1
| #define HAVE_SOCKLEN_T 1
| #define HAVE_LOCALE_T 1
| #define restrict __restrict
| #define pg_restrict __restrict
| #define HAVE_STRUCT_OPTION 1
| #define HAVE_X86_64_POPCNTQ 1
| #define SIZEOF_OFF_T 8
| #define SIZEOF_BOOL 1
| #define PG_USE_STDBOOL 1
| #define HAVE_INT_TIMEZONE 1
| #define HAVE_BACKTRACE_SYMBOLS 1
| #define HAVE_GETIFADDRS 1
| #define HAVE_INET_PTON 1
| #define HAVE_POSIX_FALLOCATE 1
| #define HAVE_PPOLL 1
| /* end confdefs.h.  */
| /* Define pthread_is_threaded_np to an innocuous variant, in case <limits.h> declares pthread_is_threaded_np.
|    For example, HP-UX 11i <limits.h> declares gettimeofday.  */
| #define pthread_is_threaded_np innocuous_pthread_is_threaded_np
| 
| /* System header to define __stub macros and hopefully few prototypes,
|     which can conflict with char pthread_is_threaded_np (); below.
|     Prefer <limits.h> to <assert.h> if __STDC__ is defined, since
|     <limits.h> exists even on freestanding compilers.  */
| 
| #ifdef __STDC__
| # include <limits.h>
| #else
| # include <assert.h>
| #endif
| 
| #undef pthread_is_threaded_np
| 
| /* Override any GCC internal prototype to avoid an error.
|    Use char because int might match the return type of a GCC
|    builtin and then its argument prototype would still apply.  */
| #ifdef __cplusplus
| extern "C"
| #endif
| char pthread_is_threaded_np ();
| /* The GNU C library defines this for functions which it implements
|     to always fail with ENOSYS.  Some functions are actually named
|     something starting with __ and the normal name is an alias.  */
| #if defined __stub_pthread_is_threaded_np || defined __stub___pthread_is_threaded_np
| choke me
| #endif
| 
| int
| main ()
| {
| return pthread_is_threaded_np ();
|   ;
|   return 0;
| }
configure:15712: result: no
configure:15712: checking for setproctitle
configure:15712: gcc -o conftest -Wall -Wmissing-prototypes -Wpointer-arith -Wdeclaration-after-statement -Werror=vla -Wendif-labels -Wmissing-format-attribute -Wimplicit-fallthrough=3 -Wcast-function-type -Wshadow=compatible-local -Wformat-security -fno-strict-aliasing -fwrapv -fexcess-precision=standard -Wno-format-truncation -Wno-stringop-truncation -O2  -D_GNU_SOURCE    conftest.c -lz  -lm  >&5
/usr/bin/ld: /tmp/ccuiAjRY.o: in function `main':
conftest.c:(.text.startup+0xb): undefined reference to `setproctitle'
collect2: error: ld returned 1 exit status
configure:15712: $? = 1
configure: failed program was:
| /* confdefs.h */
| #define PACKAGE_NAME "PostgreSQL"
| #define PACKAGE_TARNAME "postgresql"
| #define PACKAGE_VERSION "16.6"
| #define PACKAGE_STRING "PostgreSQL 16.6"
| #define PACKAGE_BUGREPORT "pgsql-bugs@lists.postgresql.org"
| #define PACKAGE_URL "https://www.postgresql.org/"
| #define CONFIGURE_ARGS " '--prefix=/home/james/csi3130_project-1/.pg16-install' '--without-icu'"
| #define PG_MAJORVERSION "16"
| #define PG_MAJORVERSION_NUM 16
| #define PG_MINORVERSION_NUM 6
| #define PG_VERSION "16.6"
| #define DEF_PGPORT 5432
| #define DEF_PGPORT_STR "5432"
| #define BLCKSZ 8192
| #define RELSEG_SIZE 131072
| #define XLOG_BLCKSZ 8192
| #define HAVE_VISIBILITY_ATTRIBUTE 1
| #define DLSUFFIX ".so"
| #define ENABLE_THREAD_SAFETY 1
| #define PG_KRB_SRVNAM "postgres"
| #define STDC_HEADERS 1
| #define HAVE_SYS_TYPES_H 1
| #define HAVE_SYS_STAT_H 1
| #define HAVE_STDLIB_H 1
| #define HAVE_STRING_H 1
| #define HAVE_MEMORY_H 1
| #define HAVE_STRINGS_H 1
| #define HAVE_INTTYPES_H 1
| #define HAVE_STDINT_H 1
| #define HAVE_UNISTD_H 1
| #define HAVE_PTHREAD_PRIO_INHERIT 1
| #define HAVE_PTHREAD 1
| #define HAVE_STRERROR_R 1
| #define HAVE_LIBM 1
| #define HAVE_LIBREADLINE 1
| #define HAVE_LIBZ 1
| #define HAVE_SPINLOCKS 1
| #define HAVE_ATOMICS 1
| #define HAVE__BOOL 1
| #define HAVE_STDBOOL_H 1
| #define HAVE_EXECINFO_H 1
| #define HAVE_GETOPT_H 1
| #define HAVE_IFADDRS_H 1
| #define HAVE_LANGINFO_H 1
| #define HAVE_SYS_EPOLL_H 1
| #define HAVE_SYS_PERSONALITY_H 1
| #define HAVE_SYS_PRCTL_H 1
| #define HAVE_SYS_SIGNALFD_H 1
| #define HAVE_TERMIOS_H 1
| #define HAVE_READLINE_READLINE_H 1
| #define HAVE_READLINE_HISTORY_H 1
| #define PG_PRINTF_ATTRIBUTE gnu_printf
| #define HAVE__STATIC_ASSERT 1
| #define HAVE_TYPEOF 1
| #define HAVE__BUILTIN_TYPES_COMPATIBLE_P 1
| #define HAVE__BUILTIN_CONSTANT_P 1
| #define HAVE__BUILTIN_UNREACHABLE 1
| #define HAVE_COMPUTED_GOTO 1
| #define HAVE_STRUCT_TM_TM_ZONE 1
| #define HAVE_SOCKLEN_T 1
| #define HAVE_LOCALE_T 1
| #define restrict __restrict
| #define pg_restrict __restrict
| #define HAVE_STRUCT_OPTION 1
| #define HAVE_X86_64_POPCNTQ 1
| #define SIZEOF_OFF_T 8
| #define SIZEOF_BOOL 1
| #define PG_USE_STDBOOL 1
| #define HAVE_INT_TIMEZONE 1
| #define HAVE_BACKTRACE_SYMBOLS 1
| #define HAVE_GETIFADDRS 1
| #define HAVE_INET_PTON 1
| #define HAVE_POSIX_FALLOCATE 1
| #define HAVE_PPOLL 1
| /* end confdefs.h.  */
| /* Define setproctitle to an innocuous variant, in case <limits.h> declares setproctitle.
|    For example, HP-UX 11i <limits.h> declares gettimeofday.  */
| #define setproctitle innocuous_setproctitle
| 
| /* System header to define __stub macros and hopefully few prototypes,
|     which can conflict with char setproctitle (); below.
|     Prefer <limits.h> to <assert.h> if __STDC__ is defined, since
|     <limits.h> exists even on freestanding compilers.  */
| 
| #ifdef __STDC__
| # include <limits.h>
| #else
| # include <assert.h>
| #endif
| 
| #undef setproctitle
| 
| /* Override any GCC internal prototype to avoid an error.
|    Use char because int might match the return type of a GCC
|    builtin and then its argument prototype would still apply.  */
| #ifdef __cplusplus
| extern "C"
| #endif
| char setproctitle ();
| /* The GNU C library defines this for functions which it implements
|     to always fail with ENOSYS.  Some functions are actually named
|     something starting with __ and the normal name is an alias.  */
| #if defined __stub_setproctitle || defined __stub___setproctitle
| choke me
| #endif
| 
| int
| main ()
| {
| return setproctitle ();
|   ;
|   return 0;
| }
configure:15712: result: no
configure:15712: checking for setproctitle_fast
configure:15712: gcc -o conftest -Wall -Wmissing-prototypes -Wpointer-arith -Wdeclaration-after-statement -Werror=vla -Wendif-labels -Wmissing-format-attribute -Wimplicit-fallthrough=3 -Wcast-function-type -Wshadow=compatible-local -Wformat-security -fno-strict-aliasing -fwrapv -fexcess-precision=standard -Wno-format-truncation -Wno-stringop-truncation -O2  -D_GNU_SOURCE    conftest.c -lz  -lm  >&5
/usr/bin/ld: /tmp/cci6LVto.o: in function `main':
conftest.c:(.text.startup+0xb): undefined reference to `setproctitle_fast'
collect2: error: ld returned 1 exit status
configure:15712: $? = 1
configure: failed program was:
| /* confdefs.h */
| #define PACKAGE_NAME "PostgreSQL"
| #define PACKAGE_TARNAME "postgresql"
| #define PACKAGE_VERSION "16.6"
| #define PACKAGE_STRING "PostgreSQL 16.6"
| #define PACKAGE_BUGREPORT "pgsql-bugs@lists.postgresql.org"
| #define PACKAGE_URL "https://www.postgresql.org/"
| #define CONFIGURE_ARGS " '--prefix=/home/james/csi3130_project-1/.pg16-install' '--without-icu'"
| #define PG_MAJORVERSION "16"
| #define PG_MAJORVERSION_NUM 16
| #define PG_MINORVERSION_NUM 6
| #define PG_VERSION "16.6"
| #define DEF_PGPORT 5432
| #define DEF_PGPORT_STR "5432"
| #define BLCKSZ 8192
| #define RELSEG_SIZE 131072
| #define XLOG_BLCKSZ 8192
| #define HAVE_VISIBILITY_ATTRIBUTE 1
| #define DLSUFFIX ".so"
| #define ENABLE_THREAD_SAFETY 1
| #define PG_KRB_SRVNAM "postgres"
| #define STDC_HEADERS 1
| #define HAVE_SYS_TYPES_H 1
| #define HAVE_SYS_STAT_H 1
| #define HAVE_STDLIB_H 1
| #define HAVE_STRING_H 1
| #define HAVE_MEMORY_H 1
| #define HAVE_STRINGS_H 1
| #define HAVE_INTTYPES_H 1
| #define HAVE_STDINT_H 1
| #define HAVE_UNISTD_H 1
| #define HAVE_PTHREAD_PRIO_INHERIT 1
| #define HAVE_PTHREAD 1
| #define HAVE_STRERROR_R 1
| #define HAVE_LIBM 1
| #define HAVE_LIBREADLINE 1
| #define HAVE_LIBZ 1
| #define HAVE_SPINLOCKS 1
| #define HAVE_ATOMICS 1
| #define HAVE__BOOL 1
| #define HAVE_STDBOOL_H 1
| #define HAVE_EXECINFO_H 1
| #define HAVE_GETOPT_H 1
| #define HAVE_IFADDRS_H 1
| #define HAVE_LANGINFO_H 1
| #define HAVE_SYS_EPOLL_H 1
| #define HAVE_SYS_PERSONALITY_H 1
| #define HAVE_SYS_PRCTL_H 1
| #define HAVE_SYS_SIGNALFD_H 1
| #define HAVE_TERMIOS_H 1
| #define HAVE_READLINE_READLINE_H 1
| #define HAVE_READLINE_HISTORY_H 1
| #define PG_PRINTF_ATTRIBUTE gnu_printf
| #define HAVE__STATIC_ASSERT 1
| #define HAVE_TYPEOF 1
| #define HAVE__BUILTIN_TYPES_COMPATIBLE_P 1
| #define HAVE__BUILTIN_CONSTANT_P 1
| #define HAVE__BUILTIN_UNREACHABLE 1
| #define HAVE_COMPUTED_GOTO 1
| #define HAVE_STRUCT_TM_TM_ZONE 1
| #define HAVE_SOCKLEN_T 1
| #define HAVE_LOCALE_T 1
| #define restrict __restrict
| #define pg_restrict __restrict
| #define HAVE_STRUCT_OPTION 1
| #define HAVE_X86_64_POPCNTQ 1
| #define SIZEOF_OFF_T 8
| #define SIZEOF_BOOL 1
| #define PG_USE_STDBOOL 1
| #define HAVE_INT_TIMEZONE 1
| #define HAVE_BACKTRACE_SYMBOLS 1
| #define HAVE_GETIFADDRS 1
| #define HAVE_INET_PTON 1
| #define HAVE_POSIX_FALLOCATE 1
| #define HAVE_PPOLL 1
| /* end confdefs.h.  */
| /* Define setproctitle_fast to an innocuous variant, in case <limits.h> declares setproctitle_fast.
|    For example, HP-UX 11i <limits.h> declares gettimeofday.  */
| #define setproctitle_fast innocuous_setproctitle_fast
| 
| /* System header to define __stub macros and hopefully few prototypes,
|     which can conflict with char setproctitle_fast (); below.
|     Prefer <limits.h> to <assert.h> if __STDC__ is defined, since
|     <limits.h> exists even on freestanding compilers.  */
| 
| #ifdef __STDC__
| # include <limits.h>
| #else
| # include <assert.h>
| #endif
| 
| #undef setproctitle_fast
| 
| /* Override any GCC internal prototype to avoid an error.
|    Use char because int might match the return type of a GCC
|    builtin and then its argument prototype would still apply.  */
| #ifdef __cplusplus
| extern "C"
| #endif
| char setproctitle_fast ();
| /* The GNU C library defines this for functions which it implements
|     to always fail with ENOSYS.  Some functions are actually named
|     something starting with __ and the normal name is an alias.  */
| #if defined __stub_setproctitle_fast || defined __stub___setproctitle_fast
| choke me
| #endif
| 
| int
| main ()
| {
| return setproctitle_fast ();
|   ;
|   return 0;
| }
configure:15712: result: no
configure:15712: checking for strchrnul
configure:15712: gcc -o conftest -Wall -Wmissing-prototypes -Wpointer-arith -Wdeclaration-after-statement -Werror=vla -Wendif-labels -Wmissing-format-attribute -Wimplicit-fallthrough=3 -Wcast-function-type -Wshadow=compatible-local -Wformat-security -fno-strict-aliasing -fwrapv -fexcess-precision=standard -Wno-format-truncation -Wno-stringop-truncation -O2  -D_GNU_SOURCE    conftest.c -lz  -lm  >&5
configure:15712: $? = 0
configure:15712: result: yes
configure:15712: checking for strsignal
configure:15712: gcc -o conftest -Wall -Wmissing-prototypes -Wpointer-arith -Wdeclaration-after-statement -Werror=vla -Wendif-labels -Wmissing-format-attribute -Wimplicit-fallthrough=3 -Wcast-function-type -Wshadow=compatible-local -Wformat-security -fno-strict-aliasing -fwrapv -fexcess-precision=standard -Wno-format-truncation -Wno-stringop-truncation -O2  -D_GNU_SOURCE    conftest.c -lz  -lm  >&5
configure:15712: $? = 0
configure:15712: result: yes
configure:15712: checking for syncfs
configure:15712: gcc -o conftest -Wall -Wmissing-prototypes -Wpointer-arith -Wdeclaration-after-statement -Werror=vla -Wendif-labels -Wmissing-format-attribute -Wimplicit-fallthrough=3 -Wcast-function-type -Wshadow=compatible-local -Wformat-security -fno-strict-aliasing -fwrapv -fexcess-precision=standard -Wno-format-truncation -Wno-stringop-truncation -O2  -D_GNU_SOURCE    conftest.c -lz  -lm  >&5
configure:15712: $? = 0
configure:15712: result: yes
configure:15712: checking for sync_file_range
configure:15712: gcc -o conftest -Wall -Wmissing-prototypes -Wpointer-arith -Wdeclaration-after-statement -Werror=vla -Wendif-labels -Wmissing-format-attribute -Wimplicit-fallthrough=3 -Wcast-function-type -Wshadow=compatible-local -Wformat-security -fno-strict-aliasing -fwrapv -fexcess-precision=standard -Wno-format-truncation -Wno-stringop-truncation -O2  -D_GNU_SOURCE    conftest.c -lz  -lm  >&5
configure:15712: $? = 0
configure:15712: result: yes
configure:15712: checking for uselocale
configure:15712: gcc -o conftest -Wall -Wmissing-prototypes -Wpointer-arith -Wdeclaration-after-statement -Werror=vla -Wendif-labels -Wmissing-format-attribute -Wimplicit-fallthrough=3 -Wcast-function-type -Wshadow=compatible-local -Wformat-security -fno-strict-aliasing -fwrapv -fexcess-precision=standard -Wno-format-truncation -Wno-stringop-truncation -O2  -D_GNU_SOURCE    conftest.c -lz  -lm  >&5
configure:15712: $? = 0
configure:15712: result: yes
configure:15712: checking for wcstombs_l
configure:15712: gcc -o conftest -Wall -Wmissing-prototypes -Wpointer-arith -Wdeclaration-after-statement -Werror=vla -Wendif-labels -Wmissing-format-attribute -Wimplicit-fallthrough=3 -Wcast-function-type -Wshadow=compatible-local -Wformat-security -fno-strict-aliasing -fwrapv -fexcess-precision=standard -Wno-format-truncation -Wno-stringop-truncation -O2  -D_GNU_SOURCE    conftest.c -lz  -lm  >&5
/usr/bin/ld: /tmp/ccXfDREl.o: in function `main':
conftest.c:(.text.startup+0xb): undefined reference to `wcstombs_l'
collect2: error: ld returned 1 exit status
configure:15712: $? = 1
configure: failed program was:
| /* confdefs.h */
| #define PACKAGE_NAME "PostgreSQL"
| #define PACKAGE_TARNAME "postgresql"
| #define PACKAGE_VERSION "16.6"
| #define PACKAGE_STRING "PostgreSQL 16.6"
| #define PACKAGE_BUGREPORT "pgsql-bugs@lists.postgresql.org"
| #define PACKAGE_URL "https://www.postgresql.org/"
| #define CONFIGURE_ARGS " '--prefix=/home/james/csi3130_project-1/.pg16-install' '--without-icu'"
| #define PG_MAJORVERSION "16"
| #define PG_MAJORVERSION_NUM 16
| #define PG_MINORVERSION_NUM 6
| #define PG_VERSION "16.6"
| #define DEF_PGPORT 5432
| #define DEF_PGPORT_STR "5432"
| #define BLCKSZ 8192
| #define RELSEG_SIZE 131072
| #define XLOG_BLCKSZ 8192
| #define HAVE_VISIBILITY_ATTRIBUTE 1
| #define DLSUFFIX ".so"
| #define ENABLE_THREAD_SAFETY 1
| #define PG_KRB_SRVNAM "postgres"
| #define STDC_HEADERS 1
| #define HAVE_SYS_TYPES_H 1
| #define HAVE_SYS_STAT_H 1
| #define HAVE_STDLIB_H 1
| #define HAVE_STRING_H 1
| #define HAVE_MEMORY_H 1
| #define HAVE_STRINGS_H 1
| #define HAVE_INTTYPES_H 1
| #define HAVE_STDINT_H 1
| #define HAVE_UNISTD_H 1
| #define HAVE_PTHREAD_PRIO_INHERIT 1
| #define HAVE_PTHREAD 1
| #define HAVE_STRERROR_R 1
| #define HAVE_LIBM 1
| #define HAVE_LIBREADLINE 1
| #define HAVE_LIBZ 1
| #define HAVE_SPINLOCKS 1
| #define HAVE_ATOMICS 1
| #define HAVE__BOOL 1
| #define HAVE_STDBOOL_H 1
| #define HAVE_EXECINFO_H 1
| #define HAVE_GETOPT_H 1
| #define HAVE_IFADDRS_H 1
| #define HAVE_LANGINFO_H 1
| #define HAVE_SYS_EPOLL_H 1
| #define HAVE_SYS_PERSONALITY_H 1
| #define HAVE_SYS_PRCTL_H 1
| #define HAVE_SYS_SIGNALFD_H 1
| #define HAVE_TERMIOS_H 1
| #define HAVE_READLINE_READLINE_H 1
| #define HAVE_READLINE_HISTORY_H 1
| #define PG_PRINTF_ATTRIBUTE gnu_printf
| #define HAVE__STATIC_ASSERT 1
| #define HAVE_TYPEOF 1
| #define HAVE__BUILTIN_TYPES_COMPATIBLE_P 1
| #define HAVE__BUILTIN_CONSTANT_P 1
| #define HAVE__BUILTIN_UNREACHABLE 1
| #define HAVE_COMPUTED_GOTO 1
| #define HAVE_STRUCT_TM_TM_ZONE 1
| #define HAVE_SOCKLEN_T 1
| #define HAVE_LOCALE_T 1
| #define restrict __restrict
| #define pg_restrict __restrict
| #define HAVE_STRUCT_OPTION 1
| #define HAVE_X86_64_POPCNTQ 1
| #define SIZEOF_OFF_T 8
| #define SIZEOF_BOOL 1
| #define PG_USE_STDBOOL 1
| #define HAVE_INT_TIMEZONE 1
| #define HAVE_BACKTRACE_SYMBOLS 1
| #define HAVE_GETIFADDRS 1
| #define HAVE_INET_PTON 1
| #define HAVE_POSIX_FALLOCATE 1
| #define HAVE_PPOLL 1
| #define HAVE_STRCHRNUL 1
| #define HAVE_STRSIGNAL 1
| #define HAVE_SYNCFS 1
| #define HAVE_SYNC_FILE_RANGE 1
| #define HAVE_USELOCALE 1
| /* end confdefs.h.  */
| /* Define wcstombs_l to an innocuous variant, in case <limits.h> declares wcstombs_l.
|    For example, HP-UX 11i <limits.h> declares gettimeofday.  */
| #define wcstombs_l innocuous_wcstombs_l
| 
| /* System header to define __stub macros and hopefully few prototypes,
|     which can conflict with char wcstombs_l (); below.
|     Prefer <limits.h> to <assert.h> if __STDC__ is defined, since
|     <limits.h> exists even on freestanding compilers.  */
| 
| #ifdef __STDC__
| # include <limits.h>
| #else
| # include <assert.h>
| #endif
| 
| #undef wcstombs_l
| 
| /* Override any GCC internal prototype to avoid an error.
|    Use char because int might match the return type of a GCC
|    builtin and then its argument prototype would still apply.  */
| #ifdef __cplusplus
| extern "C"
| #endif
| char wcstombs_l ();
| /* The GNU C library defines this for functions which it implements
|     to always fail with ENOSYS.  Some functions are actually named
|     something starting with __ and the normal name is an alias.  */
| #if defined __stub_wcstombs_l || defined __stub___wcstombs_l
| choke me
| #endif
| 
| int
| main ()
| {
| return wcstombs_l ();
|   ;
|   return 0;
| }
configure:15712: result: no
configure:15723: checking for __builtin_bswap16
configure:15744: gcc -o conftest -Wall -Wmissing-prototypes -Wpointer-arith -Wdeclaration-after-statement -Werror=vla -Wendif-labels -Wmissing-format-attribute -Wimplicit-fallthrough=3 -Wcast-function-type -Wshadow=compatible-local -Wformat-security -fno-strict-aliasing -fwrapv -fexcess-precision=standard -Wno-format-truncation -Wno-stringop-truncation -O2  -D_GNU_SOURCE    conftest.c -lz  -lm  >&5
conftest.c:84:1: warning: no previous prototype for 'call__builtin_bswap16' [-Wmissing-prototypes]
   84 | call__builtin_bswap16(int x)
      | ^~~~~~~~~~~~~~~~~~~~~
configure:15744: $? = 0
configure:15752: result: yes
configure:15761: checking for __builtin_bswap32
configure:15782: gcc -o conftest -Wall -Wmissing-prototypes -Wpointer-arith -Wdeclaration-after-statement -Werror=vla -Wendif-labels -Wmissing-format-attribute -Wimplicit-fallthrough=3 -Wcast-function-type -Wshadow=compatible-local -Wformat-security -fno-strict-aliasing -fwrapv -fexcess-precision=standard -Wno-format-truncation -Wno-stringop-truncation -O2  -D_GNU_SOURCE    conftest.c -lz  -lm  >&5
conftest.c:85:1: warning: no previous prototype for 'call__builtin_bswap32' [-Wmissing-prototypes]
   85 | call__builtin_bswap32(int x)
      | ^~~~~~~~~~~~~~~~~~~~~
configure:15782: $? = 0
configure:15790: result: yes
configure:15799: checking for __builtin_bswap64
configure:15820: gcc -o conftest -Wall -Wmissing-prototypes -Wpointer-arith -Wdeclaration-after-statement -Werror=vla -Wendif-labels -Wmissing-format-attribute -Wimplicit-fallthrough=3 -Wcast-function-type -Wshadow=compatible-local -Wformat-security -fno-strict-aliasing -fwrapv -fexcess-precision=standard -Wno-format-truncation -Wno-stringop-truncation -O2  -D_GNU_SOURCE    conftest.c -lz  -lm  >&5
conftest.c:86:1: warning: no previous prototype for 'call__builtin_bswap64' [-Wmissing-prototypes]
   86 | call__builtin_bswap64(long int x)
      | ^~~~~~~~~~~~~~~~~~~~~
configure:15820: $? = 0
configure:15828: result: yes
configure:15838: checking for __builtin_clz
configure:15859: gcc -o conftest -Wall -Wmissing-prototypes -Wpointer-arith -Wdeclaration-after-statement -Werror=vla -Wendif-labels -Wmissing-format-attribute -Wimplicit-fallthrough=3 -Wcast-function-type -Wshadow=compatible-local -Wformat-security -fno-strict-aliasing -fwrapv -fexcess-precision=standard -Wno-format-truncation -Wno-stringop-truncation -O2  -D_GNU_SOURCE    conftest.c -lz  -lm  >&5
conftest.c:87:1: warning: no previous prototype for 'call__builtin_clz' [-Wmissing-prototypes]
   87 | call__builtin_clz(unsigned int x)
      | ^~~~~~~~~~~~~~~~~
configure:15859: $? = 0
configure:15867: result: yes
configure:15876: checking for __builtin_ctz
configure:15897: gcc -o conftest -Wall -Wmissing-prototypes -Wpointer-arith -Wdeclaration-after-statement -Werror=vla -Wendif-labels -Wmissing-format-attribute -Wimplicit-fallthrough=3 -Wcast-function-type -Wshadow=compatible-local -Wformat-security -fno-strict-aliasing -fwrapv -fexcess-precision=standard -Wno-format-truncation -Wno-stringop-truncation -O2  -D_GNU_SOURCE    conftest.c -lz  -lm  >&5
conftest.c:88:1: warning: no previous prototype for 'call__builtin_ctz' [-Wmissing-prototypes]
   88 | call__builtin_ctz(unsigned int x)
      | ^~~~~~~~~~~~~~~~~
configure:15897: $? = 0
configure:15905: result: yes
configure:15914: checking for __builtin_popcount
configure:15935: gcc -o conftest -Wall -Wmissing-prototypes -Wpointer-arith -Wdeclaration-after-statement -Werror=vla -Wendif-labels -Wmissing-format-attribute -Wimplicit-fallthrough=3 -Wcast-function-type -Wshadow=compatible-local -Wformat-security -fno-strict-aliasing -fwrapv -fexcess-precision=standard -Wno-format-truncation -Wno-stringop-truncation -O2  -D_GNU_SOURCE    conftest.c -lz  -lm  >&5
conftest.c:89:1: warning: no previous prototype for 'call__builtin_popcount' [-Wmissing-prototypes]
   89 | call__builtin_popcount(unsigned int x)
      | ^~~~~~~~~~~~~~~~~~~~~~
configure:15935: $? = 0
configure:15943: result: yes
configure:15954: checking for __builtin_frame_address
configure:15975: gcc -o conftest -Wall -Wmissing-prototypes -Wpointer-arith -Wdeclaration-after-statement -Werror=vla -Wendif-labels -Wmissing-format-attribute -Wimplicit-fallthrough=3 -Wcast-function-type -Wshadow=compatible-local -Wformat-security -fno-strict-aliasing -fwrapv -fexcess-precision=standard -Wno-format-truncation -Wno-stringop-truncation -O2  -D_GNU_SOURCE    conftest.c -lz  -lm  >&5
conftest.c:90:1: warning: no previous prototype for 'call__builtin_frame_address' [-Wmissing-prototypes]
   90 | call__builtin_frame_address(void)
      | ^~~~~~~~~~~~~~~~~~~~~~~~~~~
configure:15975: $? = 0
configure:15983: result: yes
configure:15995: checking for _LARGEFILE_SOURCE value needed for large files
configure:16014: gcc -o conftest -Wall -Wmissing-prototypes -Wpointer-arith -Wdeclaration-after-statement -Werror=vla -Wendif-labels -Wmissing-format-attribute -Wimplicit-fallthrough=3 -Wcast-function-type -Wshadow=compatible-local -Wformat-security -fno-strict-aliasing -fwrapv -fexcess-precision=standard -Wno-format-truncation -Wno-stringop-truncation -O2  -D_GNU_SOURCE    conftest.c -lz  -lm  >&5
configure:16014: $? = 0
configure:16042: result: no
configure:16076: checking how gcc reports undeclared, standard C functions
configure:16092: gcc -c -Wall -Wmissing-prototypes -Wpointer-arith -Wdeclaration-after-statement -Werror=vla -Wendif-labels -Wmissing-format-attribute -Wimplicit-fallthrough=3 -Wcast-function-type -Wshadow=compatible-local -Wformat-security -fno-strict-aliasing -fwrapv -fexcess-precision=standard -Wno-format-truncation -Wno-stringop-truncation -O2  -D_GNU_SOURCE  conftest.c >&5
conftest.c: In function 'main':
conftest.c:94:8: error: 'strchr' undeclared (first use in this function)
   94 | (void) strchr;
      |        ^~~~~~
conftest.c:1:1: note: 'strchr' is defined in header '<string.h>'; did you forget to '#include <string.h>'?
    1 | /* confdefs.h */
conftest.c:94:8: note: each undeclared identifier is reported only once for each function it appears in
   94 | (void) strchr;
      |        ^~~~~~
configure:16092: $? = 1
configure: failed program was:
| /* confdefs.h */
| #define PACKAGE_NAME "PostgreSQL"
| #define PACKAGE_TARNAME "postgresql"
| #define PACKAGE_VERSION "16.6"
| #define PACKAGE_STRING "PostgreSQL 16.6"
| #define PACKAGE_BUGREPORT "pgsql-bugs@lists.postgresql.org"
| #define PACKAGE_URL "https://www.postgresql.org/"
| #define CONFIGURE_ARGS " '--prefix=/home/james/csi3130_project-1/.pg16-install' '--without-icu'"
| #define PG_MAJORVERSION "16"
| #define PG_MAJORVERSION_NUM 16
| #define PG_MINORVERSION_NUM 6
| #define PG_VERSION "16.6"
| #define DEF_PGPORT 5432
| #define DEF_PGPORT_STR "5432"
| #define BLCKSZ 8192
| #define RELSEG_SIZE 131072
| #define XLOG_BLCKSZ 8192
| #define HAVE_VISIBILITY_ATTRIBUTE 1
| #define DLSUFFIX ".so"
| #define ENABLE_THREAD_SAFETY 1
| #define PG_KRB_SRVNAM "postgres"
| #define STDC_HEADERS 1
| #define HAVE_SYS_TYPES_H 1
| #define HAVE_SYS_STAT_H 1
| #define HAVE_STDLIB_H 1
| #define HAVE_STRING_H 1
| #define HAVE_MEMORY_H 1
| #define HAVE_STRINGS_H 1
| #define HAVE_INTTYPES_H 1
| #define HAVE_STDINT_H 1
| #define HAVE_UNISTD_H 1
| #define HAVE_PTHREAD_PRIO_INHERIT 1
| #define HAVE_PTHREAD 1
| #define HAVE_STRERROR_R 1
| #define HAVE_LIBM 1
| #define HAVE_LIBREADLINE 1
| #define HAVE_LIBZ 1
| #define HAVE_SPINLOCKS 1
| #define HAVE_ATOMICS 1
| #define HAVE__BOOL 1
| #define HAVE_STDBOOL_H 1
| #define HAVE_EXECINFO_H 1
| #define HAVE_GETOPT_H 1
| #define HAVE_IFADDRS_H 1
| #define HAVE_LANGINFO_H 1
| #define HAVE_SYS_EPOLL_H 1
| #define HAVE_SYS_PERSONALITY_H 1
| #define HAVE_SYS_PRCTL_H 1
| #define HAVE_SYS_SIGNALFD_H 1
| #define HAVE_TERMIOS_H 1
| #define HAVE_READLINE_READLINE_H 1
| #define HAVE_READLINE_HISTORY_H 1
| #define PG_PRINTF_ATTRIBUTE gnu_printf
| #define HAVE__STATIC_ASSERT 1
| #define HAVE_TYPEOF 1
| #define HAVE__BUILTIN_TYPES_COMPATIBLE_P 1
| #define HAVE__BUILTIN_CONSTANT_P 1
| #define HAVE__BUILTIN_UNREACHABLE 1
| #define HAVE_COMPUTED_GOTO 1
| #define HAVE_STRUCT_TM_TM_ZONE 1
| #define HAVE_SOCKLEN_T 1
| #define HAVE_LOCALE_T 1
| #define restrict __restrict
| #define pg_restrict __restrict
| #define HAVE_STRUCT_OPTION 1
| #define HAVE_X86_64_POPCNTQ 1
| #define SIZEOF_OFF_T 8
| #define SIZEOF_BOOL 1
| #define PG_USE_STDBOOL 1
| #define HAVE_INT_TIMEZONE 1
| #define HAVE_BACKTRACE_SYMBOLS 1
| #define HAVE_GETIFADDRS 1
| #define HAVE_INET_PTON 1
| #define HAVE_POSIX_FALLOCATE 1
| #define HAVE_PPOLL 1
| #define HAVE_STRCHRNUL 1
| #define HAVE_STRSIGNAL 1
| #define HAVE_SYNCFS 1
| #define HAVE_SYNC_FILE_RANGE 1
| #define HAVE_USELOCALE 1
| #define HAVE__BUILTIN_BSWAP16 1
| #define HAVE__BUILTIN_BSWAP32 1
| #define HAVE__BUILTIN_BSWAP64 1
| #define HAVE__BUILTIN_CLZ 1
| #define HAVE__BUILTIN_CTZ 1
| #define HAVE__BUILTIN_POPCOUNT 1
| #define HAVE__BUILTIN_FRAME_ADDRESS 1
| #define HAVE_FSEEKO 1
| /* end confdefs.h.  */
| 
| int
| main ()
| {
| (void) strchr;
|   ;
|   return 0;
| }
configure:16147: result: error
configure:16159: checking for posix_fadvise
configure:16159: gcc -o conftest -Wall -Wmissing-prototypes -Wpointer-arith -Wdeclaration-after-statement -Werror=vla -Wendif-labels -Wmissing-format-attribute -Wimplicit-fallthrough=3 -Wcast-function-type -Wshadow=compatible-local -Wformat-security -fno-strict-aliasing -fwrapv -fexcess-precision=standard -Wno-format-truncation -Wno-stringop-truncation -O2  -D_GNU_SOURCE    conftest.c -lz  -lm  >&5
configure:16159: $? = 0
configure:16159: result: yes
configure:16168: checking whether posix_fadvise is declared
configure:16168: gcc -c -Wall -Wmissing-prototypes -Wpointer-arith -Wdeclaration-after-statement -Werror=vla -Wendif-labels -Wmissing-format-attribute -Wimplicit-fallthrough=3 -Wcast-function-type -Wshadow=compatible-local -Wformat-security -fno-strict-aliasing -fwrapv -fexcess-precision=standard -Wno-format-truncation -Wno-stringop-truncation -O2  -D_GNU_SOURCE  conftest.c >&5
configure:16168: $? = 0
configure:16168: result: yes
configure:16183: checking whether fdatasync is declared
configure:16183: gcc -c -Wall -Wmissing-prototypes -Wpointer-arith -Wdeclaration-after-statement -Werror=vla -Wendif-labels -Wmissing-format-attribute -Wimplicit-fallthrough=3 -Wcast-function-type -Wshadow=compatible-local -Wformat-security -fno-strict-aliasing -fwrapv -fexcess-precision=standard -Wno-format-truncation -Wno-stringop-truncation -O2  -D_GNU_SOURCE  conftest.c >&5
configure:16183: $? = 0
configure:16183: result: yes
configure:16195: checking whether strlcat is declared
configure:16195: gcc -c -Wall -Wmissing-prototypes -Wpointer-arith -Wdeclaration-after-statement -Werror=vla -Wendif-labels -Wmissing-format-attribute -Wimplicit-fallthrough=3 -Wcast-function-type -Wshadow=compatible-local -Wformat-security -fno-strict-aliasing -fwrapv -fexcess-precision=standard -Wno-format-truncation -Wno-stringop-truncation -O2  -D_GNU_SOURCE  conftest.c >&5
conftest.c: In function 'main':
conftest.c:133:10: error: 'strlcat' undeclared (first use in this function); did you mean 'strncat'?
  133 |   (void) strlcat;
      |          ^~~~~~~
      |          strncat
conftest.c:133:10: note: each undeclared identifier is reported only once for each function it appears in
configure:16195: $? = 1
configure: failed program was:
| /* confdefs.h */
| #define PACKAGE_NAME "PostgreSQL"
| #define PACKAGE_TARNAME "postgresql"
| #define PACKAGE_VERSION "16.6"
| #define PACKAGE_STRING "PostgreSQL 16.6"
| #define PACKAGE_BUGREPORT "pgsql-bugs@lists.postgresql.org"
| #define PACKAGE_URL "https://www.postgresql.org/"
| #define CONFIGURE_ARGS " '--prefix=/home/james/csi3130_project-1/.pg16-install' '--without-icu'"
| #define PG_MAJORVERSION "16"
| #define PG_MAJORVERSION_NUM 16
| #define PG_MINORVERSION_NUM 6
| #define PG_VERSION "16.6"
| #define DEF_PGPORT 5432
| #define DEF_PGPORT_STR "5432"
| #define BLCKSZ 8192
| #define RELSEG_SIZE 131072
| #define XLOG_BLCKSZ 8192
| #define HAVE_VISIBILITY_ATTRIBUTE 1
| #define DLSUFFIX ".so"
| #define ENABLE_THREAD_SAFETY 1
| #define PG_KRB_SRVNAM "postgres"
| #define STDC_HEADERS 1
| #define HAVE_SYS_TYPES_H 1
| #define HAVE_SYS_STAT_H 1
| #define HAVE_STDLIB_H 1
| #define HAVE_STRING_H 1
| #define HAVE_MEMORY_H 1
| #define HAVE_STRINGS_H 1
| #define HAVE_INTTYPES_H 1
| #define HAVE_STDINT_H 1
| #define HAVE_UNISTD_H 1
| #define HAVE_PTHREAD_PRIO_INHERIT 1
| #define HAVE_PTHREAD 1
| #define HAVE_STRERROR_R 1
| #define HAVE_LIBM 1
| #define HAVE_LIBREADLINE 1
| #define HAVE_LIBZ 1
| #define HAVE_SPINLOCKS 1
| #define HAVE_ATOMICS 1
| #define HAVE__BOOL 1
| #define HAVE_STDBOOL_H 1
| #define HAVE_EXECINFO_H 1
| #define HAVE_GETOPT_H 1
| #define HAVE_IFADDRS_H 1
| #define HAVE_LANGINFO_H 1
| #define HAVE_SYS_EPOLL_H 1
| #define HAVE_SYS_PERSONALITY_H 1
| #define HAVE_SYS_PRCTL_H 1
| #define HAVE_SYS_SIGNALFD_H 1
| #define HAVE_TERMIOS_H 1
| #define HAVE_READLINE_READLINE_H 1
| #define HAVE_READLINE_HISTORY_H 1
| #define PG_PRINTF_ATTRIBUTE gnu_printf
| #define HAVE__STATIC_ASSERT 1
| #define HAVE_TYPEOF 1
| #define HAVE__BUILTIN_TYPES_COMPATIBLE_P 1
| #define HAVE__BUILTIN_CONSTANT_P 1
| #define HAVE__BUILTIN_UNREACHABLE 1
| #define HAVE_COMPUTED_GOTO 1
| #define HAVE_STRUCT_TM_TM_ZONE 1
| #define HAVE_SOCKLEN_T 1
| #define HAVE_LOCALE_T 1
| #define restrict __restrict
| #define pg_restrict __restrict
| #define HAVE_STRUCT_OPTION 1
| #define HAVE_X86_64_POPCNTQ 1
| #define SIZEOF_OFF_T 8
| #define SIZEOF_BOOL 1
| #define PG_USE_STDBOOL 1
| #define HAVE_INT_TIMEZONE 1
| #define HAVE_BACKTRACE_SYMBOLS 1
| #define HAVE_GETIFADDRS 1
| #define HAVE_INET_PTON 1
| #define HAVE_POSIX_FALLOCATE 1
| #define HAVE_PPOLL 1
| #define HAVE_STRCHRNUL 1
| #define HAVE_STRSIGNAL 1
| #define HAVE_SYNCFS 1
| #define HAVE_SYNC_FILE_RANGE 1
| #define HAVE_USELOCALE 1
| #define HAVE__BUILTIN_BSWAP16 1
| #define HAVE__BUILTIN_BSWAP32 1
| #define HAVE__BUILTIN_BSWAP64 1
| #define HAVE__BUILTIN_CLZ 1
| #define HAVE__BUILTIN_CTZ 1
| #define HAVE__BUILTIN_POPCOUNT 1
| #define HAVE__BUILTIN_FRAME_ADDRESS 1
| #define HAVE_FSEEKO 1
| #define HAVE_POSIX_FADVISE 1
| #define HAVE_DECL_POSIX_FADVISE 1
| #define HAVE_DECL_FDATASYNC 1
| /* end confdefs.h.  */
| #include <stdio.h>
| #ifdef HAVE_SYS_TYPES_H
| # include <sys/types.h>
| #endif
| #ifdef HAVE_SYS_STAT_H
| # include <sys/stat.h>
| #endif
| #ifdef STDC_HEADERS
| # include <stdlib.h>
| # include <stddef.h>
| #else
| # ifdef HAVE_STDLIB_H
| #  include <stdlib.h>
| # endif
| #endif
| #ifdef HAVE_STRING_H
| # if !defined STDC_HEADERS && defined HAVE_MEMORY_H
| #  include <memory.h>
| # endif
| # include <string.h>
| #endif
| #ifdef HAVE_STRINGS_H
| # include <strings.h>
| #endif
| #ifdef HAVE_INTTYPES_H
| # include <inttypes.h>
| #endif
| #ifdef HAVE_STDINT_H
| # include <stdint.h>
| #endif
| #ifdef HAVE_UNISTD_H
| # include <unistd.h>
| #endif
| int
| main ()
| {
| #ifndef strlcat
| #ifdef __cplusplus
|   (void) strlcat;
| #else
|   (void) strlcat;
| #endif
| #endif
| 
|   ;
|   return 0;
| }
configure:16195: result: no
configure:16205: checking whether strlcpy is declared
configure:16205: gcc -c -Wall -Wmissing-prototypes -Wpointer-arith -Wdeclaration-after-statement -Werror=vla -Wendif-labels -Wmissing-format-attribute -Wimplicit-fallthrough=3 -Wcast-function-type -Wshadow=compatible-local -Wformat-security -fno-strict-aliasing -fwrapv -fexcess-precision=standard -Wno-format-truncation -Wno-stringop-truncation -O2  -D_GNU_SOURCE  conftest.c >&5
conftest.c: In function 'main':
conftest.c:134:10: error: 'strlcpy' undeclared (first use in this function); did you mean 'strncpy'?
  134 |   (void) strlcpy;
      |          ^~~~~~~
      |          strncpy
conftest.c:134:10: note: each undeclared identifier is reported only once for each function it appears in
configure:16205: $? = 1
configure: failed program was:
| /* confdefs.h */
| #define PACKAGE_NAME "PostgreSQL"
| #define PACKAGE_TARNAME "postgresql"
| #define PACKAGE_VERSION "16.6"
| #define PACKAGE_STRING "PostgreSQL 16.6"
| #define PACKAGE_BUGREPORT "pgsql-bugs@lists.postgresql.org"
| #define PACKAGE_URL "https://www.postgresql.org/"
| #define CONFIGURE_ARGS " '--prefix=/home/james/csi3130_project-1/.pg16-install' '--without-icu'"
| #define PG_MAJORVERSION "16"
| #define PG_MAJORVERSION_NUM 16
| #define PG_MINORVERSION_NUM 6
| #define PG_VERSION "16.6"
| #define DEF_PGPORT 5432
| #define DEF_PGPORT_STR "5432"
| #define BLCKSZ 8192
| #define RELSEG_SIZE 131072
| #define XLOG_BLCKSZ 8192
| #define HAVE_VISIBILITY_ATTRIBUTE 1
| #define DLSUFFIX ".so"
| #define ENABLE_THREAD_SAFETY 1
| #define PG_KRB_SRVNAM "postgres"
| #define STDC_HEADERS 1
| #define HAVE_SYS_TYPES_H 1
| #define HAVE_SYS_STAT_H 1
| #define HAVE_STDLIB_H 1
| #define HAVE_STRING_H 1
| #define HAVE_MEMORY_H 1
| #define HAVE_STRINGS_H 1
| #define HAVE_INTTYPES_H 1
| #define HAVE_STDINT_H 1
| #define HAVE_UNISTD_H 1
| #define HAVE_PTHREAD_PRIO_INHERIT 1
| #define HAVE_PTHREAD 1
| #define HAVE_STRERROR_R 1
| #define HAVE_LIBM 1
| #define HAVE_LIBREADLINE 1
| #define HAVE_LIBZ 1
| #define HAVE_SPINLOCKS 1
| #define HAVE_ATOMICS 1
| #define HAVE__BOOL 1
| #define HAVE_STDBOOL_H 1
| #define HAVE_EXECINFO_H 1
| #define HAVE_GETOPT_H 1
| #define HAVE_IFADDRS_H 1
| #define HAVE_LANGINFO_H 1
| #define HAVE_SYS_EPOLL_H 1
| #define HAVE_SYS_PERSONALITY_H 1
| #define HAVE_SYS_PRCTL_H 1
| #define HAVE_SYS_SIGNALFD_H 1
| #define HAVE_TERMIOS_H 1
| #define HAVE_READLINE_READLINE_H 1
| #define HAVE_READLINE_HISTORY_H 1
| #define PG_PRINTF_ATTRIBUTE gnu_printf
| #define HAVE__STATIC_ASSERT 1
| #define HAVE_TYPEOF 1
| #define HAVE__BUILTIN_TYPES_COMPATIBLE_P 1
| #define HAVE__BUILTIN_CONSTANT_P 1
| #define HAVE__BUILTIN_UNREACHABLE 1
| #define HAVE_COMPUTED_GOTO 1
| #define HAVE_STRUCT_TM_TM_ZONE 1
| #define HAVE_SOCKLEN_T 1
| #define HAVE_LOCALE_T 1
| #define restrict __restrict
| #define pg_restrict __restrict
| #define HAVE_STRUCT_OPTION 1
| #define HAVE_X86_64_POPCNTQ 1
| #define SIZEOF_OFF_T 8
| #define SIZEOF_BOOL 1
| #define PG_USE_STDBOOL 1
| #define HAVE_INT_TIMEZONE 1
| #define HAVE_BACKTRACE_SYMBOLS 1
| #define HAVE_GETIFADDRS 1
| #define HAVE_INET_PTON 1
| #define HAVE_POSIX_FALLOCATE 1
| #define HAVE_PPOLL 1
| #define HAVE_STRCHRNUL 1
| #define HAVE_STRSIGNAL 1
| #define HAVE_SYNCFS 1
| #define HAVE_SYNC_FILE_RANGE 1
| #define HAVE_USELOCALE 1
| #define HAVE__BUILTIN_BSWAP16 1
| #define HAVE__BUILTIN_BSWAP32 1
| #define HAVE__BUILTIN_BSWAP64 1
| #define HAVE__BUILTIN_CLZ 1
| #define HAVE__BUILTIN_CTZ 1
| #define HAVE__BUILTIN_POPCOUNT 1
| #define HAVE__BUILTIN_FRAME_ADDRESS 1
| #define HAVE_FSEEKO 1
| #define HAVE_POSIX_FADVISE 1
| #define HAVE_DECL_POSIX_FADVISE 1
| #define HAVE_DECL_FDATASYNC 1
| #define HAVE_DECL_STRLCAT 0
| /* end confdefs.h.  */
| #include <stdio.h>
| #ifdef HAVE_SYS_TYPES_H
| # include <sys/types.h>
| #endif
| #ifdef HAVE_SYS_STAT_H
| # include <sys/stat.h>
| #endif
| #ifdef STDC_HEADERS
| # include <stdlib.h>
| # include <stddef.h>
| #else
| # ifdef HAVE_STDLIB_H
| #  include <stdlib.h>
| # endif
| #endif
| #ifdef HAVE_STRING_H
| # if !defined STDC_HEADERS && defined HAVE_MEMORY_H
| #  include <memory.h>
| # endif
| # include <string.h>
| #endif
| #ifdef HAVE_STRINGS_H
| # include <strings.h>
| #endif
| #ifdef HAVE_INTTYPES_H
| # include <inttypes.h>
| #endif
| #ifdef HAVE_STDINT_H
| # include <stdint.h>
| #endif
| #ifdef HAVE_UNISTD_H
| # include <unistd.h>
| #endif
| int
| main ()
| {
| #ifndef strlcpy
| #ifdef __cplusplus
|   (void) strlcpy;
| #else
|   (void) strlcpy;
| #endif
| #endif
| 
|   ;
|   return 0;
| }
configure:16205: result: no
configure:16215: checking whether strnlen is declared
configure:16215: gcc -c -Wall -Wmissing-prototypes -Wpointer-arith -Wdeclaration-after-statement -Werror=vla -Wendif-labels -Wmissing-format-attribute -Wimplicit-fallthrough=3 -Wcast-function-type -Wshadow=compatible-local -Wformat-security -fno-strict-aliasing -fwrapv -fexcess-precision=standard -Wno-format-truncation -Wno-stringop-truncation -O2  -D_GNU_SOURCE  conftest.c >&5
configure:16215: $? = 0
configure:16215: result: yes
configure:16229: checking whether preadv is declared
configure:16229: gcc -c -Wall -Wmissing-prototypes -Wpointer-arith -Wdeclaration-after-statement -Werror=vla -Wendif-labels -Wmissing-format-attribute -Wimplicit-fallthrough=3 -Wcast-function-type -Wshadow=compatible-local -Wformat-security -fno-strict-aliasing -fwrapv -fexcess-precision=standard -Wno-format-truncation -Wno-stringop-truncation -O2  -D_GNU_SOURCE  conftest.c >&5
configure:16229: $? = 0
configure:16229: result: yes
configure:16251: checking whether pwritev is declared
configure:16251: gcc -c -Wall -Wmissing-prototypes -Wpointer-arith -Wdeclaration-after-statement -Werror=vla -Wendif-labels -Wmissing-format-attribute -Wimplicit-fallthrough=3 -Wcast-function-type -Wshadow=compatible-local -Wformat-security -fno-strict-aliasing -fwrapv -fexcess-precision=standard -Wno-format-truncation -Wno-stringop-truncation -O2  -D_GNU_SOURCE  conftest.c >&5
configure:16251: $? = 0
configure:16251: result: yes
configure:16275: checking whether F_FULLFSYNC is declared
configure:16275: gcc -c -Wall -Wmissing-prototypes -Wpointer-arith -Wdeclaration-after-statement -Werror=vla -Wendif-labels -Wmissing-format-attribute -Wimplicit-fallthrough=3 -Wcast-function-type -Wshadow=compatible-local -Wformat-security -fno-strict-aliasing -fwrapv -fexcess-precision=standard -Wno-format-truncation -Wno-stringop-truncation -O2  -D_GNU_SOURCE  conftest.c >&5
conftest.c: In function 'main':
conftest.c:107:10: error: 'F_FULLFSYNC' undeclared (first use in this function)
  107 |   (void) F_FULLFSYNC;
      |          ^~~~~~~~~~~
conftest.c:107:10: note: each undeclared identifier is reported only once for each function it appears in
configure:16275: $? = 1
configure: failed program was:
| /* confdefs.h */
| #define PACKAGE_NAME "PostgreSQL"
| #define PACKAGE_TARNAME "postgresql"
| #define PACKAGE_VERSION "16.6"
| #define PACKAGE_STRING "PostgreSQL 16.6"
| #define PACKAGE_BUGREPORT "pgsql-bugs@lists.postgresql.org"
| #define PACKAGE_URL "https://www.postgresql.org/"
| #define CONFIGURE_ARGS " '--prefix=/home/james/csi3130_project-1/.pg16-install' '--without-icu'"
| #define PG_MAJORVERSION "16"
| #define PG_MAJORVERSION_NUM 16
| #define PG_MINORVERSION_NUM 6
| #define PG_VERSION "16.6"
| #define DEF_PGPORT 5432
| #define DEF_PGPORT_STR "5432"
| #define BLCKSZ 8192
| #define RELSEG_SIZE 131072
| #define XLOG_BLCKSZ 8192
| #define HAVE_VISIBILITY_ATTRIBUTE 1
| #define DLSUFFIX ".so"
| #define ENABLE_THREAD_SAFETY 1
| #define PG_KRB_SRVNAM "postgres"
| #define STDC_HEADERS 1
| #define HAVE_SYS_TYPES_H 1
| #define HAVE_SYS_STAT_H 1
| #define HAVE_STDLIB_H 1
| #define HAVE_STRING_H 1
| #define HAVE_MEMORY_H 1
| #define HAVE_STRINGS_H 1
| #define HAVE_INTTYPES_H 1
| #define HAVE_STDINT_H 1
| #define HAVE_UNISTD_H 1
| #define HAVE_PTHREAD_PRIO_INHERIT 1
| #define HAVE_PTHREAD 1
| #define HAVE_STRERROR_R 1
| #define HAVE_LIBM 1
| #define HAVE_LIBREADLINE 1
| #define HAVE_LIBZ 1
| #define HAVE_SPINLOCKS 1
| #define HAVE_ATOMICS 1
| #define HAVE__BOOL 1
| #define HAVE_STDBOOL_H 1
| #define HAVE_EXECINFO_H 1
| #define HAVE_GETOPT_H 1
| #define HAVE_IFADDRS_H 1
| #define HAVE_LANGINFO_H 1
| #define HAVE_SYS_EPOLL_H 1
| #define HAVE_SYS_PERSONALITY_H 1
| #define HAVE_SYS_PRCTL_H 1
| #define HAVE_SYS_SIGNALFD_H 1
| #define HAVE_TERMIOS_H 1
| #define HAVE_READLINE_READLINE_H 1
| #define HAVE_READLINE_HISTORY_H 1
| #define PG_PRINTF_ATTRIBUTE gnu_printf
| #define HAVE__STATIC_ASSERT 1
| #define HAVE_TYPEOF 1
| #define HAVE__BUILTIN_TYPES_COMPATIBLE_P 1
| #define HAVE__BUILTIN_CONSTANT_P 1
| #define HAVE__BUILTIN_UNREACHABLE 1
| #define HAVE_COMPUTED_GOTO 1
| #define HAVE_STRUCT_TM_TM_ZONE 1
| #define HAVE_SOCKLEN_T 1
| #define HAVE_LOCALE_T 1
| #define restrict __restrict
| #define pg_restrict __restrict
| #define HAVE_STRUCT_OPTION 1
| #define HAVE_X86_64_POPCNTQ 1
| #define SIZEOF_OFF_T 8
| #define SIZEOF_BOOL 1
| #define PG_USE_STDBOOL 1
| #define HAVE_INT_TIMEZONE 1
| #define HAVE_BACKTRACE_SYMBOLS 1
| #define HAVE_GETIFADDRS 1
| #define HAVE_INET_PTON 1
| #define HAVE_POSIX_FALLOCATE 1
| #define HAVE_PPOLL 1
| #define HAVE_STRCHRNUL 1
| #define HAVE_STRSIGNAL 1
| #define HAVE_SYNCFS 1
| #define HAVE_SYNC_FILE_RANGE 1
| #define HAVE_USELOCALE 1
| #define HAVE__BUILTIN_BSWAP16 1
| #define HAVE__BUILTIN_BSWAP32 1
| #define HAVE__BUILTIN_BSWAP64 1
| #define HAVE__BUILTIN_CLZ 1
| #define HAVE__BUILTIN_CTZ 1
| #define HAVE__BUILTIN_POPCOUNT 1
| #define HAVE__BUILTIN_FRAME_ADDRESS 1
| #define HAVE_FSEEKO 1
| #define HAVE_POSIX_FADVISE 1
| #define HAVE_DECL_POSIX_FADVISE 1
| #define HAVE_DECL_FDATASYNC 1
| #define HAVE_DECL_STRLCAT 0
| #define HAVE_DECL_STRLCPY 0
| #define HAVE_DECL_STRNLEN 1
| #define HAVE_DECL_PREADV 1
| #define HAVE_DECL_PWRITEV 1
| /* end confdefs.h.  */
| #include <fcntl.h>
| 
| int
| main ()
| {
| #ifndef F_FULLFSYNC
| #ifdef __cplusplus
|   (void) F_FULLFSYNC;
| #else
|   (void) F_FULLFSYNC;
| #endif
| #endif
| 
|   ;
|   return 0;
| }
configure:16275: result: no
configure:16288: checking for explicit_bzero
configure:16288: gcc -o conftest -Wall -Wmissing-prototypes -Wpointer-arith -Wdeclaration-after-statement -Werror=vla -Wendif-labels -Wmissing-format-attribute -Wimplicit-fallthrough=3 -Wcast-function-type -Wshadow=compatible-local -Wformat-security -fno-strict-aliasing -fwrapv -fexcess-precision=standard -Wno-format-truncation -Wno-stringop-truncation -O2  -D_GNU_SOURCE    conftest.c -lz  -lm  >&5
configure:16288: $? = 0
configure:16288: result: yes
configure:16301: checking for getopt
configure:16301: gcc -o conftest -Wall -Wmissing-prototypes -Wpointer-arith -Wdeclaration-after-statement -Werror=vla -Wendif-labels -Wmissing-format-attribute -Wimplicit-fallthrough=3 -Wcast-function-type -Wshadow=compatible-local -Wformat-security -fno-strict-aliasing -fwrapv -fexcess-precision=standard -Wno-format-truncation -Wno-stringop-truncation -O2  -D_GNU_SOURCE    conftest.c -lz  -lm  >&5
configure:16301: $? = 0
configure:16301: result: yes
configure:16314: checking for getpeereid
configure:16314: gcc -o conftest -Wall -Wmissing-prototypes -Wpointer-arith -Wdeclaration-after-statement -Werror=vla -Wendif-labels -Wmissing-format-attribute -Wimplicit-fallthrough=3 -Wcast-function-type -Wshadow=compatible-local -Wformat-security -fno-strict-aliasing -fwrapv -fexcess-precision=standard -Wno-format-truncation -Wno-stringop-truncation -O2  -D_GNU_SOURCE    conftest.c -lz  -lm  >&5
/usr/bin/ld: /tmp/ccOfczm4.o: in function `main':
conftest.c:(.text.startup+0xb): undefined reference to `getpeereid'
collect2: error: ld returned 1 exit status
configure:16314: $? = 1
configure: failed program was:
| /* confdefs.h */
| #define PACKAGE_NAME "PostgreSQL"
| #define PACKAGE_TARNAME "postgresql"
| #define PACKAGE_VERSION "16.6"
| #define PACKAGE_STRING "PostgreSQL 16.6"
| #define PACKAGE_BUGREPORT "pgsql-bugs@lists.postgresql.org"
| #define PACKAGE_URL "https://www.postgresql.org/"
| #define CONFIGURE_ARGS " '--prefix=/home/james/csi3130_project-1/.pg16-install' '--without-icu'"
| #define PG_MAJORVERSION "16"
| #define PG_MAJORVERSION_NUM 16
| #define PG_MINORVERSION_NUM 6
| #define PG_VERSION "16.6"
| #define DEF_PGPORT 5432
| #define DEF_PGPORT_STR "5432"
| #define BLCKSZ 8192
| #define RELSEG_SIZE 131072
| #define XLOG_BLCKSZ 8192
| #define HAVE_VISIBILITY_ATTRIBUTE 1
| #define DLSUFFIX ".so"
| #define ENABLE_THREAD_SAFETY 1
| #define PG_KRB_SRVNAM "postgres"
| #define STDC_HEADERS 1
| #define HAVE_SYS_TYPES_H 1
| #define HAVE_SYS_STAT_H 1
| #define HAVE_STDLIB_H 1
| #define HAVE_STRING_H 1
| #define HAVE_MEMORY_H 1
| #define HAVE_STRINGS_H 1
| #define HAVE_INTTYPES_H 1
| #define HAVE_STDINT_H 1
| #define HAVE_UNISTD_H 1
| #define HAVE_PTHREAD_PRIO_INHERIT 1
| #define HAVE_PTHREAD 1
| #define HAVE_STRERROR_R 1
| #define HAVE_LIBM 1
| #define HAVE_LIBREADLINE 1
| #define HAVE_LIBZ 1
| #define HAVE_SPINLOCKS 1
| #define HAVE_ATOMICS 1
| #define HAVE__BOOL 1
| #define HAVE_STDBOOL_H 1
| #define HAVE_EXECINFO_H 1
| #define HAVE_GETOPT_H 1
| #define HAVE_IFADDRS_H 1
| #define HAVE_LANGINFO_H 1
| #define HAVE_SYS_EPOLL_H 1
| #define HAVE_SYS_PERSONALITY_H 1
| #define HAVE_SYS_PRCTL_H 1
| #define HAVE_SYS_SIGNALFD_H 1
| #define HAVE_TERMIOS_H 1
| #define HAVE_READLINE_READLINE_H 1
| #define HAVE_READLINE_HISTORY_H 1
| #define PG_PRINTF_ATTRIBUTE gnu_printf
| #define HAVE__STATIC_ASSERT 1
| #define HAVE_TYPEOF 1
| #define HAVE__BUILTIN_TYPES_COMPATIBLE_P 1
| #define HAVE__BUILTIN_CONSTANT_P 1
| #define HAVE__BUILTIN_UNREACHABLE 1
| #define HAVE_COMPUTED_GOTO 1
| #define HAVE_STRUCT_TM_TM_ZONE 1
| #define HAVE_SOCKLEN_T 1
| #define HAVE_LOCALE_T 1
| #define restrict __restrict
| #define pg_restrict __restrict
| #define HAVE_STRUCT_OPTION 1
| #define HAVE_X86_64_POPCNTQ 1
| #define SIZEOF_OFF_T 8
| #define SIZEOF_BOOL 1
| #define PG_USE_STDBOOL 1
| #define HAVE_INT_TIMEZONE 1
| #define HAVE_BACKTRACE_SYMBOLS 1
| #define HAVE_GETIFADDRS 1
| #define HAVE_INET_PTON 1
| #define HAVE_POSIX_FALLOCATE 1
| #define HAVE_PPOLL 1
| #define HAVE_STRCHRNUL 1
| #define HAVE_STRSIGNAL 1
| #define HAVE_SYNCFS 1
| #define HAVE_SYNC_FILE_RANGE 1
| #define HAVE_USELOCALE 1
| #define HAVE__BUILTIN_BSWAP16 1
| #define HAVE__BUILTIN_BSWAP32 1
| #define HAVE__BUILTIN_BSWAP64 1
| #define HAVE__BUILTIN_CLZ 1
| #define HAVE__BUILTIN_CTZ 1
| #define HAVE__BUILTIN_POPCOUNT 1
| #define HAVE__BUILTIN_FRAME_ADDRESS 1
| #define HAVE_FSEEKO 1
| #define HAVE_POSIX_FADVISE 1
| #define HAVE_DECL_POSIX_FADVISE 1
| #define HAVE_DECL_FDATASYNC 1
| #define HAVE_DECL_STRLCAT 0
| #define HAVE_DECL_STRLCPY 0
| #define HAVE_DECL_STRNLEN 1
| #define HAVE_DECL_PREADV 1
| #define HAVE_DECL_PWRITEV 1
| #define HAVE_DECL_F_FULLFSYNC 0
| #define HAVE_EXPLICIT_BZERO 1
| #define HAVE_GETOPT 1
| /* end confdefs.h.  */
| /* Define getpeereid to an innocuous variant, in case <limits.h> declares getpeereid.
|    For example, HP-UX 11i <limits.h> declares gettimeofday.  */
| #define getpeereid innocuous_getpeereid
| 
| /* System header to define __stub macros and hopefully few prototypes,
|     which can conflict with char getpeereid (); below.
|     Prefer <limits.h> to <assert.h> if __STDC__ is defined, since
|     <limits.h> exists even on freestanding compilers.  */
| 
| #ifdef __STDC__
| # include <limits.h>
| #else
| # include <assert.h>
| #endif
| 
| #undef getpeereid
| 
| /* Override any GCC internal prototype to avoid an error.
|    Use char because int might match the return type of a GCC
|    builtin and then its argument prototype would still apply.  */
| #ifdef __cplusplus
| extern "C"
| #endif
| char getpeereid ();
| /* The GNU C library defines this for functions which it implements
|     to always fail with ENOSYS.  Some functions are actually named
|     something starting with __ and the normal name is an alias.  */
| #if defined __stub_getpeereid || defined __stub___getpeereid
| choke me
| #endif
| 
| int
| main ()
| {
| return getpeereid ();
|   ;
|   return 0;
| }
configure:16314: result: no
configure:16327: checking for inet_aton
configure:16327: gcc -o conftest -Wall -Wmissing-prototypes -Wpointer-arith -Wdeclaration-after-statement -Werror=vla -Wendif-labels -Wmissing-format-attribute -Wimplicit-fallthrough=3 -Wcast-function-type -Wshadow=compatible-local -Wformat-security -fno-strict-aliasing -fwrapv -fexcess-precision=standard -Wno-format-truncation -Wno-stringop-truncation -O2  -D_GNU_SOURCE    conftest.c -lz  -lm  >&5
configure:16327: $? = 0
configure:16327: result: yes
configure:16340: checking for mkdtemp
configure:16340: gcc -o conftest -Wall -Wmissing-prototypes -Wpointer-arith -Wdeclaration-after-statement -Werror=vla -Wendif-labels -Wmissing-format-attribute -Wimplicit-fallthrough=3 -Wcast-function-type -Wshadow=compatible-local -Wformat-security -fno-strict-aliasing -fwrapv -fexcess-precision=standard -Wno-format-truncation -Wno-stringop-truncation -O2  -D_GNU_SOURCE    conftest.c -lz  -lm  >&5
configure:16340: $? = 0
configure:16340: result: yes
configure:16353: checking for strlcat
configure:16353: gcc -o conftest -Wall -Wmissing-prototypes -Wpointer-arith -Wdeclaration-after-statement -Werror=vla -Wendif-labels -Wmissing-format-attribute -Wimplicit-fallthrough=3 -Wcast-function-type -Wshadow=compatible-local -Wformat-security -fno-strict-aliasing -fwrapv -fexcess-precision=standard -Wno-format-truncation -Wno-stringop-truncation -O2  -D_GNU_SOURCE    conftest.c -lz  -lm  >&5
/usr/bin/ld: /tmp/ccs7GIdK.o: in function `main':
conftest.c:(.text.startup+0xb): undefined reference to `strlcat'
collect2: error: ld returned 1 exit status
configure:16353: $? = 1
configure: failed program was:
| /* confdefs.h */
| #define PACKAGE_NAME "PostgreSQL"
| #define PACKAGE_TARNAME "postgresql"
| #define PACKAGE_VERSION "16.6"
| #define PACKAGE_STRING "PostgreSQL 16.6"
| #define PACKAGE_BUGREPORT "pgsql-bugs@lists.postgresql.org"
| #define PACKAGE_URL "https://www.postgresql.org/"
| #define CONFIGURE_ARGS " '--prefix=/home/james/csi3130_project-1/.pg16-install' '--without-icu'"
| #define PG_MAJORVERSION "16"
| #define PG_MAJORVERSION_NUM 16
| #define PG_MINORVERSION_NUM 6
| #define PG_VERSION "16.6"
| #define DEF_PGPORT 5432
| #define DEF_PGPORT_STR "5432"
| #define BLCKSZ 8192
| #define RELSEG_SIZE 131072
| #define XLOG_BLCKSZ 8192
| #define HAVE_VISIBILITY_ATTRIBUTE 1
| #define DLSUFFIX ".so"
| #define ENABLE_THREAD_SAFETY 1
| #define PG_KRB_SRVNAM "postgres"
| #define STDC_HEADERS 1
| #define HAVE_SYS_TYPES_H 1
| #define HAVE_SYS_STAT_H 1
| #define HAVE_STDLIB_H 1
| #define HAVE_STRING_H 1
| #define HAVE_MEMORY_H 1
| #define HAVE_STRINGS_H 1
| #define HAVE_INTTYPES_H 1
| #define HAVE_STDINT_H 1
| #define HAVE_UNISTD_H 1
| #define HAVE_PTHREAD_PRIO_INHERIT 1
| #define HAVE_PTHREAD 1
| #define HAVE_STRERROR_R 1
| #define HAVE_LIBM 1
| #define HAVE_LIBREADLINE 1
| #define HAVE_LIBZ 1
| #define HAVE_SPINLOCKS 1
| #define HAVE_ATOMICS 1
| #define HAVE__BOOL 1
| #define HAVE_STDBOOL_H 1
| #define HAVE_EXECINFO_H 1
| #define HAVE_GETOPT_H 1
| #define HAVE_IFADDRS_H 1
| #define HAVE_LANGINFO_H 1
| #define HAVE_SYS_EPOLL_H 1
| #define HAVE_SYS_PERSONALITY_H 1
| #define HAVE_SYS_PRCTL_H 1
| #define HAVE_SYS_SIGNALFD_H 1
| #define HAVE_TERMIOS_H 1
| #define HAVE_READLINE_READLINE_H 1
| #define HAVE_READLINE_HISTORY_H 1
| #define PG_PRINTF_ATTRIBUTE gnu_printf
| #define HAVE__STATIC_ASSERT 1
| #define HAVE_TYPEOF 1
| #define HAVE__BUILTIN_TYPES_COMPATIBLE_P 1
| #define HAVE__BUILTIN_CONSTANT_P 1
| #define HAVE__BUILTIN_UNREACHABLE 1
| #define HAVE_COMPUTED_GOTO 1
| #define HAVE_STRUCT_TM_TM_ZONE 1
| #define HAVE_SOCKLEN_T 1
| #define HAVE_LOCALE_T 1
| #define restrict __restrict
| #define pg_restrict __restrict
| #define HAVE_STRUCT_OPTION 1
| #define HAVE_X86_64_POPCNTQ 1
| #define SIZEOF_OFF_T 8
| #define SIZEOF_BOOL 1
| #define PG_USE_STDBOOL 1
| #define HAVE_INT_TIMEZONE 1
| #define HAVE_BACKTRACE_SYMBOLS 1
| #define HAVE_GETIFADDRS 1
| #define HAVE_INET_PTON 1
| #define HAVE_POSIX_FALLOCATE 1
| #define HAVE_PPOLL 1
| #define HAVE_STRCHRNUL 1
| #define HAVE_STRSIGNAL 1
| #define HAVE_SYNCFS 1
| #define HAVE_SYNC_FILE_RANGE 1
| #define HAVE_USELOCALE 1
| #define HAVE__BUILTIN_BSWAP16 1
| #define HAVE__BUILTIN_BSWAP32 1
| #define HAVE__BUILTIN_BSWAP64 1
| #define HAVE__BUILTIN_CLZ 1
| #define HAVE__BUILTIN_CTZ 1
| #define HAVE__BUILTIN_POPCOUNT 1
| #define HAVE__BUILTIN_FRAME_ADDRESS 1
| #define HAVE_FSEEKO 1
| #define HAVE_POSIX_FADVISE 1
| #define HAVE_DECL_POSIX_FADVISE 1
| #define HAVE_DECL_FDATASYNC 1
| #define HAVE_DECL_STRLCAT 0
| #define HAVE_DECL_STRLCPY 0
| #define HAVE_DECL_STRNLEN 1
| #define HAVE_DECL_PREADV 1
| #define HAVE_DECL_PWRITEV 1
| #define HAVE_DECL_F_FULLFSYNC 0
| #define HAVE_EXPLICIT_BZERO 1
| #define HAVE_GETOPT 1
| #define HAVE_INET_ATON 1
| #define HAVE_MKDTEMP 1
| /* end confdefs.h.  */
| /* Define strlcat to an innocuous variant, in case <limits.h> declares strlcat.
|    For example, HP-UX 11i <limits.h> declares gettimeofday.  */
| #define strlcat innocuous_strlcat
| 
| /* System header to define __stub macros and hopefully few prototypes,
|     which can conflict with char strlcat (); below.
|     Prefer <limits.h> to <assert.h> if __STDC__ is defined, since
|     <limits.h> exists even on freestanding compilers.  */
| 
| #ifdef __STDC__
| # include <limits.h>
| #else
| # include <assert.h>
| #endif
| 
| #undef strlcat
| 
| /* Override any GCC internal prototype to avoid an error.
|    Use char because int might match the return type of a GCC
|    builtin and then its argument prototype would still apply.  */
| #ifdef __cplusplus
| extern "C"
| #endif
| char strlcat ();
| /* The GNU C library defines this for functions which it implements
|     to always fail with ENOSYS.  Some functions are actually named
|     something starting with __ and the normal name is an alias.  */
| #if defined __stub_strlcat || defined __stub___strlcat
| choke me
| #endif
| 
| int
| main ()
| {
| return strlcat ();
|   ;
|   return 0;
| }
configure:16353: result: no
configure:16366: checking for strlcpy
configure:16366: gcc -o conftest -Wall -Wmissing-prototypes -Wpointer-arith -Wdeclaration-after-statement -Werror=vla -Wendif-labels -Wmissing-format-attribute -Wimplicit-fallthrough=3 -Wcast-function-type -Wshadow=compatible-local -Wformat-security -fno-strict-aliasing -fwrapv -fexcess-precision=standard -Wno-format-truncation -Wno-stringop-truncation -O2  -D_GNU_SOURCE    conftest.c -lz  -lm  >&5
/usr/bin/ld: /tmp/cchfpSZa.o: in function `main':
conftest.c:(.text.startup+0xb): undefined reference to `strlcpy'
collect2: error: ld returned 1 exit status
configure:16366: $? = 1
configure: failed program was:
| /* confdefs.h */
| #define PACKAGE_NAME "PostgreSQL"
| #define PACKAGE_TARNAME "postgresql"
| #define PACKAGE_VERSION "16.6"
| #define PACKAGE_STRING "PostgreSQL 16.6"
| #define PACKAGE_BUGREPORT "pgsql-bugs@lists.postgresql.org"
| #define PACKAGE_URL "https://www.postgresql.org/"
| #define CONFIGURE_ARGS " '--prefix=/home/james/csi3130_project-1/.pg16-install' '--without-icu'"
| #define PG_MAJORVERSION "16"
| #define PG_MAJORVERSION_NUM 16
| #define PG_MINORVERSION_NUM 6
| #define PG_VERSION "16.6"
| #define DEF_PGPORT 5432
| #define DEF_PGPORT_STR "5432"
| #define BLCKSZ 8192
| #define RELSEG_SIZE 131072
| #define XLOG_BLCKSZ 8192
| #define HAVE_VISIBILITY_ATTRIBUTE 1
| #define DLSUFFIX ".so"
| #define ENABLE_THREAD_SAFETY 1
| #define PG_KRB_SRVNAM "postgres"
| #define STDC_HEADERS 1
| #define HAVE_SYS_TYPES_H 1
| #define HAVE_SYS_STAT_H 1
| #define HAVE_STDLIB_H 1
| #define HAVE_STRING_H 1
| #define HAVE_MEMORY_H 1
| #define HAVE_STRINGS_H 1
| #define HAVE_INTTYPES_H 1
| #define HAVE_STDINT_H 1
| #define HAVE_UNISTD_H 1
| #define HAVE_PTHREAD_PRIO_INHERIT 1
| #define HAVE_PTHREAD 1
| #define HAVE_STRERROR_R 1
| #define HAVE_LIBM 1
| #define HAVE_LIBREADLINE 1
| #define HAVE_LIBZ 1
| #define HAVE_SPINLOCKS 1
| #define HAVE_ATOMICS 1
| #define HAVE__BOOL 1
| #define HAVE_STDBOOL_H 1
| #define HAVE_EXECINFO_H 1
| #define HAVE_GETOPT_H 1
| #define HAVE_IFADDRS_H 1
| #define HAVE_LANGINFO_H 1
| #define HAVE_SYS_EPOLL_H 1
| #define HAVE_SYS_PERSONALITY_H 1
| #define HAVE_SYS_PRCTL_H 1
| #define HAVE_SYS_SIGNALFD_H 1
| #define HAVE_TERMIOS_H 1
| #define HAVE_READLINE_READLINE_H 1
| #define HAVE_READLINE_HISTORY_H 1
| #define PG_PRINTF_ATTRIBUTE gnu_printf
| #define HAVE__STATIC_ASSERT 1
| #define HAVE_TYPEOF 1
| #define HAVE__BUILTIN_TYPES_COMPATIBLE_P 1
| #define HAVE__BUILTIN_CONSTANT_P 1
| #define HAVE__BUILTIN_UNREACHABLE 1
| #define HAVE_COMPUTED_GOTO 1
| #define HAVE_STRUCT_TM_TM_ZONE 1
| #define HAVE_SOCKLEN_T 1
| #define HAVE_LOCALE_T 1
| #define restrict __restrict
| #define pg_restrict __restrict
| #define HAVE_STRUCT_OPTION 1
| #define HAVE_X86_64_POPCNTQ 1
| #define SIZEOF_OFF_T 8
| #define SIZEOF_BOOL 1
| #define PG_USE_STDBOOL 1
| #define HAVE_INT_TIMEZONE 1
| #define HAVE_BACKTRACE_SYMBOLS 1
| #define HAVE_GETIFADDRS 1
| #define HAVE_INET_PTON 1
| #define HAVE_POSIX_FALLOCATE 1
| #define HAVE_PPOLL 1
| #define HAVE_STRCHRNUL 1
| #define HAVE_STRSIGNAL 1
| #define HAVE_SYNCFS 1
| #define HAVE_SYNC_FILE_RANGE 1
| #define HAVE_USELOCALE 1
| #define HAVE__BUILTIN_BSWAP16 1
| #define HAVE__BUILTIN_BSWAP32 1
| #define HAVE__BUILTIN_BSWAP64 1
| #define HAVE__BUILTIN_CLZ 1
| #define HAVE__BUILTIN_CTZ 1
| #define HAVE__BUILTIN_POPCOUNT 1
| #define HAVE__BUILTIN_FRAME_ADDRESS 1
| #define HAVE_FSEEKO 1
| #define HAVE_POSIX_FADVISE 1
| #define HAVE_DECL_POSIX_FADVISE 1
| #define HAVE_DECL_FDATASYNC 1
| #define HAVE_DECL_STRLCAT 0
| #define HAVE_DECL_STRLCPY 0
| #define HAVE_DECL_STRNLEN 1
| #define HAVE_DECL_PREADV 1
| #define HAVE_DECL_PWRITEV 1
| #define HAVE_DECL_F_FULLFSYNC 0
| #define HAVE_EXPLICIT_BZERO 1
| #define HAVE_GETOPT 1
| #define HAVE_INET_ATON 1
| #define HAVE_MKDTEMP 1
| /* end confdefs.h.  */
| /* Define strlcpy to an innocuous variant, in case <limits.h> declares strlcpy.
|    For example, HP-UX 11i <limits.h> declares gettimeofday.  */
| #define strlcpy innocuous_strlcpy
| 
| /* System header to define __stub macros and hopefully few prototypes,
|     which can conflict with char strlcpy (); below.
|     Prefer <limits.h> to <assert.h> if __STDC__ is defined, since
|     <limits.h> exists even on freestanding compilers.  */
| 
| #ifdef __STDC__
| # include <limits.h>
| #else
| # include <assert.h>
| #endif
| 
| #undef strlcpy
| 
| /* Override any GCC internal prototype to avoid an error.
|    Use char because int might match the return type of a GCC
|    builtin and then its argument prototype would still apply.  */
| #ifdef __cplusplus
| extern "C"
| #endif
| char strlcpy ();
| /* The GNU C library defines this for functions which it implements
|     to always fail with ENOSYS.  Some functions are actually named
|     something starting with __ and the normal name is an alias.  */
| #if defined __stub_strlcpy || defined __stub___strlcpy
| choke me
| #endif
| 
| int
| main ()
| {
| return strlcpy ();
|   ;
|   return 0;
| }
configure:16366: result: no
configure:16379: checking for strnlen
configure:16379: gcc -o conftest -Wall -Wmissing-prototypes -Wpointer-arith -Wdeclaration-after-statement -Werror=vla -Wendif-labels -Wmissing-format-attribute -Wimplicit-fallthrough=3 -Wcast-function-type -Wshadow=compatible-local -Wformat-security -fno-strict-aliasing -fwrapv -fexcess-precision=standard -Wno-format-truncation -Wno-stringop-truncation -O2  -D_GNU_SOURCE    conftest.c -lz  -lm  >&5
conftest.c:126:6: warning: conflicting types for built-in function 'strnlen'; expected 'long unsigned int(const char *, long unsigned int)' [-Wbuiltin-declaration-mismatch]
  126 | char strnlen ();
      |      ^~~~~~~
configure:16379: $? = 0
configure:16379: result: yes
configure:16395: checking for pthread_barrier_wait
configure:16395: gcc -o conftest -Wall -Wmissing-prototypes -Wpointer-arith -Wdeclaration-after-statement -Werror=vla -Wendif-labels -Wmissing-format-attribute -Wimplicit-fallthrough=3 -Wcast-function-type -Wshadow=compatible-local -Wformat-security -fno-strict-aliasing -fwrapv -fexcess-precision=standard -Wno-format-truncation -Wno-stringop-truncation -O2  -D_GNU_SOURCE    conftest.c -lz  -lm  >&5
configure:16395: $? = 0
configure:16395: result: yes
configure:16428: checking for getopt_long
configure:16428: gcc -o conftest -Wall -Wmissing-prototypes -Wpointer-arith -Wdeclaration-after-statement -Werror=vla -Wendif-labels -Wmissing-format-attribute -Wimplicit-fallthrough=3 -Wcast-function-type -Wshadow=compatible-local -Wformat-security -fno-strict-aliasing -fwrapv -fexcess-precision=standard -Wno-format-truncation -Wno-stringop-truncation -O2  -D_GNU_SOURCE    conftest.c -lz  -lm  >&5
configure:16428: $? = 0
configure:16428: result: yes
configure:16611: checking for syslog
configure:16611: gcc -o conftest -Wall -Wmissing-prototypes -Wpointer-arith -Wdeclaration-after-statement -Werror=vla -Wendif-labels -Wmissing-format-attribute -Wimplicit-fallthrough=3 -Wcast-function-type -Wshadow=compatible-local -Wformat-security -fno-strict-aliasing -fwrapv -fexcess-precision=standard -Wno-format-truncation -Wno-stringop-truncation -O2  -D_GNU_SOURCE    conftest.c -lz  -lm  >&5
configure:16611: $? = 0
configure:16611: result: yes
configure:16613: checking syslog.h usability
configure:16613: gcc -c -Wall -Wmissing-prototypes -Wpointer-arith -Wdeclaration-after-statement -Werror=vla -Wendif-labels -Wmissing-format-attribute -Wimplicit-fallthrough=3 -Wcast-function-type -Wshadow=compatible-local -Wformat-security -fno-strict-aliasing -fwrapv -fexcess-precision=standard -Wno-format-truncation -Wno-stringop-truncation -O2  -D_GNU_SOURCE  conftest.c >&5
configure:16613: $? = 0
configure:16613: result: yes
configure:16613: checking syslog.h presence
configure:16613: gcc -E  -D_GNU_SOURCE  conftest.c
configure:16613: $? = 0
configure:16613: result: yes
configure:16613: checking for syslog.h
configure:16613: result: yes
configure:16624: checking for opterr
configure:16640: gcc -o conftest -Wall -Wmissing-prototypes -Wpointer-arith -Wdeclaration-after-statement -Werror=vla -Wendif-labels -Wmissing-format-attribute -Wimplicit-fallthrough=3 -Wcast-function-type -Wshadow=compatible-local -Wformat-security -fno-strict-aliasing -fwrapv -fexcess-precision=standard -Wno-format-truncation -Wno-stringop-truncation -O2  -D_GNU_SOURCE    conftest.c -lz  -lm  >&5
configure:16640: $? = 0
configure:16648: result: yes
configure:16656: checking for optreset
configure:16672: gcc -o conftest -Wall -Wmissing-prototypes -Wpointer-arith -Wdeclaration-after-statement -Werror=vla -Wendif-labels -Wmissing-format-attribute -Wimplicit-fallthrough=3 -Wcast-function-type -Wshadow=compatible-local -Wformat-security -fno-strict-aliasing -fwrapv -fexcess-precision=standard -Wno-format-truncation -Wno-stringop-truncation -O2  -D_GNU_SOURCE    conftest.c -lz  -lm  >&5
/usr/bin/ld: /tmp/cc2OHy2s.o: warning: relocation against `optreset' in read-only section `.text.startup'
/usr/bin/ld: /tmp/cc2OHy2s.o: in function `main':
conftest.c:(.text.startup+0x6): undefined reference to `optreset'
/usr/bin/ld: warning: creating DT_TEXTREL in a PIE
collect2: error: ld returned 1 exit status
configure:16672: $? = 1
configure: failed program was:
| /* confdefs.h */
| #define PACKAGE_NAME "PostgreSQL"
| #define PACKAGE_TARNAME "postgresql"
| #define PACKAGE_VERSION "16.6"
| #define PACKAGE_STRING "PostgreSQL 16.6"
| #define PACKAGE_BUGREPORT "pgsql-bugs@lists.postgresql.org"
| #define PACKAGE_URL "https://www.postgresql.org/"
| #define CONFIGURE_ARGS " '--prefix=/home/james/csi3130_project-1/.pg16-install' '--without-icu'"
| #define PG_MAJORVERSION "16"
| #define PG_MAJORVERSION_NUM 16
| #define PG_MINORVERSION_NUM 6
| #define PG_VERSION "16.6"
| #define DEF_PGPORT 5432
| #define DEF_PGPORT_STR "5432"
| #define BLCKSZ 8192
| #define RELSEG_SIZE 131072
| #define XLOG_BLCKSZ 8192
| #define HAVE_VISIBILITY_ATTRIBUTE 1
| #define DLSUFFIX ".so"
| #define ENABLE_THREAD_SAFETY 1
| #define PG_KRB_SRVNAM "postgres"
| #define STDC_HEADERS 1
| #define HAVE_SYS_TYPES_H 1
| #define HAVE_SYS_STAT_H 1
| #define HAVE_STDLIB_H 1
| #define HAVE_STRING_H 1
| #define HAVE_MEMORY_H 1
| #define HAVE_STRINGS_H 1
| #define HAVE_INTTYPES_H 1
| #define HAVE_STDINT_H 1
| #define HAVE_UNISTD_H 1
| #define HAVE_PTHREAD_PRIO_INHERIT 1
| #define HAVE_PTHREAD 1
| #define HAVE_STRERROR_R 1
| #define HAVE_LIBM 1
| #define HAVE_LIBREADLINE 1
| #define HAVE_LIBZ 1
| #define HAVE_SPINLOCKS 1
| #define HAVE_ATOMICS 1
| #define HAVE__BOOL 1
| #define HAVE_STDBOOL_H 1
| #define HAVE_EXECINFO_H 1
| #define HAVE_GETOPT_H 1
| #define HAVE_IFADDRS_H 1
| #define HAVE_LANGINFO_H 1
| #define HAVE_SYS_EPOLL_H 1
| #define HAVE_SYS_PERSONALITY_H 1
| #define HAVE_SYS_PRCTL_H 1
| #define HAVE_SYS_SIGNALFD_H 1
| #define HAVE_TERMIOS_H 1
| #define HAVE_READLINE_READLINE_H 1
| #define HAVE_READLINE_HISTORY_H 1
| #define PG_PRINTF_ATTRIBUTE gnu_printf
| #define HAVE__STATIC_ASSERT 1
| #define HAVE_TYPEOF 1
| #define HAVE__BUILTIN_TYPES_COMPATIBLE_P 1
| #define HAVE__BUILTIN_CONSTANT_P 1
| #define HAVE__BUILTIN_UNREACHABLE 1
| #define HAVE_COMPUTED_GOTO 1
| #define HAVE_STRUCT_TM_TM_ZONE 1
| #define HAVE_SOCKLEN_T 1
| #define HAVE_LOCALE_T 1
| #define restrict __restrict
| #define pg_restrict __restrict
| #define HAVE_STRUCT_OPTION 1
| #define HAVE_X86_64_POPCNTQ 1
| #define SIZEOF_OFF_T 8
| #define SIZEOF_BOOL 1
| #define PG_USE_STDBOOL 1
| #define HAVE_INT_TIMEZONE 1
| #define HAVE_BACKTRACE_SYMBOLS 1
| #define HAVE_GETIFADDRS 1
| #define HAVE_INET_PTON 1
| #define HAVE_POSIX_FALLOCATE 1
| #define HAVE_PPOLL 1
| #define HAVE_STRCHRNUL 1
| #define HAVE_STRSIGNAL 1
| #define HAVE_SYNCFS 1
| #define HAVE_SYNC_FILE_RANGE 1
| #define HAVE_USELOCALE 1
| #define HAVE__BUILTIN_BSWAP16 1
| #define HAVE__BUILTIN_BSWAP32 1
| #define HAVE__BUILTIN_BSWAP64 1
| #define HAVE__BUILTIN_CLZ 1
| #define HAVE__BUILTIN_CTZ 1
| #define HAVE__BUILTIN_POPCOUNT 1
| #define HAVE__BUILTIN_FRAME_ADDRESS 1
| #define HAVE_FSEEKO 1
| #define HAVE_POSIX_FADVISE 1
| #define HAVE_DECL_POSIX_FADVISE 1
| #define HAVE_DECL_FDATASYNC 1
| #define HAVE_DECL_STRLCAT 0
| #define HAVE_DECL_STRLCPY 0
| #define HAVE_DECL_STRNLEN 1
| #define HAVE_DECL_PREADV 1
| #define HAVE_DECL_PWRITEV 1
| #define HAVE_DECL_F_FULLFSYNC 0
| #define HAVE_EXPLICIT_BZERO 1
| #define HAVE_GETOPT 1
| #define HAVE_INET_ATON 1
| #define HAVE_MKDTEMP 1
| #define HAVE_STRNLEN 1
| #define HAVE_PTHREAD_BARRIER_WAIT 1
| #define HAVE_GETOPT_LONG 1
| #define HAVE_SYSLOG 1
| #define HAVE_INT_OPTERR 1
| /* end confdefs.h.  */
| #include <unistd.h>
| int
| main ()
| {
| extern int optreset; optreset = 1;
|   ;
|   return 0;
| }
configure:16680: result: no
configure:16776: checking for rl_completion_suppress_quote
configure:16800: gcc -o conftest -Wall -Wmissing-prototypes -Wpointer-arith -Wdeclaration-after-statement -Werror=vla -Wendif-labels -Wmissing-format-attribute -Wimplicit-fallthrough=3 -Wcast-function-type -Wshadow=compatible-local -Wformat-security -fno-strict-aliasing -fwrapv -fexcess-precision=standard -Wno-format-truncation -Wno-stringop-truncation -O2  -D_GNU_SOURCE    conftest.c -lz -lreadline -lm  >&5
configure:16800: $? = 0
configure:16808: result: yes
configure:16815: checking for rl_filename_quote_characters
configure:16839: gcc -o conftest -Wall -Wmissing-prototypes -Wpointer-arith -Wdeclaration-after-statement -Werror=vla -Wendif-labels -Wmissing-format-attribute -Wimplicit-fallthrough=3 -Wcast-function-type -Wshadow=compatible-local -Wformat-security -fno-strict-aliasing -fwrapv -fexcess-precision=standard -Wno-format-truncation -Wno-stringop-truncation -O2  -D_GNU_SOURCE    conftest.c -lz -lreadline -lm  >&5
configure:16839: $? = 0
configure:16847: result: yes
configure:16854: checking for rl_filename_quoting_function
configure:16878: gcc -o conftest -Wall -Wmissing-prototypes -Wpointer-arith -Wdeclaration-after-statement -Werror=vla -Wendif-labels -Wmissing-format-attribute -Wimplicit-fallthrough=3 -Wcast-function-type -Wshadow=compatible-local -Wformat-security -fno-strict-aliasing -fwrapv -fexcess-precision=standard -Wno-format-truncation -Wno-stringop-truncation -O2  -D_GNU_SOURCE    conftest.c -lz -lreadline -lm  >&5
configure:16878: $? = 0
configure:16886: result: yes
configure:16897: checking for append_history
configure:16897: gcc -o conftest -Wall -Wmissing-prototypes -Wpointer-arith -Wdeclaration-after-statement -Werror=vla -Wendif-labels -Wmissing-format-attribute -Wimplicit-fallthrough=3 -Wcast-function-type -Wshadow=compatible-local -Wformat-security -fno-strict-aliasing -fwrapv -fexcess-precision=standard -Wno-format-truncation -Wno-stringop-truncation -O2  -D_GNU_SOURCE    conftest.c -lz -lreadline -lm  >&5
configure:16897: $? = 0
configure:16897: result: yes
configure:16897: checking for history_truncate_file
configure:16897: gcc -o conftest -Wall -Wmissing-prototypes -Wpointer-arith -Wdeclaration-after-statement -Werror=vla -Wendif-labels -Wmissing-format-attribute -Wimplicit-fallthrough=3 -Wcast-function-type -Wshadow=compatible-local -Wformat-security -fno-strict-aliasing -fwrapv -fexcess-precision=standard -Wno-format-truncation -Wno-stringop-truncation -O2  -D_GNU_SOURCE    conftest.c -lz -lreadline -lm  >&5
configure:16897: $? = 0
configure:16897: result: yes
configure:16897: checking for rl_completion_matches
configure:16897: gcc -o conftest -Wall -Wmissing-prototypes -Wpointer-arith -Wdeclaration-after-statement -Werror=vla -Wendif-labels -Wmissing-format-attribute -Wimplicit-fallthrough=3 -Wcast-function-type -Wshadow=compatible-local -Wformat-security -fno-strict-aliasing -fwrapv -fexcess-precision=standard -Wno-format-truncation -Wno-stringop-truncation -O2  -D_GNU_SOURCE    conftest.c -lz -lreadline -lm  >&5
configure:16897: $? = 0
configure:16897: result: yes
configure:16897: checking for rl_filename_completion_function
configure:16897: gcc -o conftest -Wall -Wmissing-prototypes -Wpointer-arith -Wdeclaration-after-statement -Werror=vla -Wendif-labels -Wmissing-format-attribute -Wimplicit-fallthrough=3 -Wcast-function-type -Wshadow=compatible-local -Wformat-security -fno-strict-aliasing -fwrapv -fexcess-precision=standard -Wno-format-truncation -Wno-stringop-truncation -O2  -D_GNU_SOURCE    conftest.c -lz -lreadline -lm  >&5
configure:16897: $? = 0
configure:16897: result: yes
configure:16897: checking for rl_reset_screen_size
configure:16897: gcc -o conftest -Wall -Wmissing-prototypes -Wpointer-arith -Wdeclaration-after-statement -Werror=vla -Wendif-labels -Wmissing-format-attribute -Wimplicit-fallthrough=3 -Wcast-function-type -Wshadow=compatible-local -Wformat-security -fno-strict-aliasing -fwrapv -fexcess-precision=standard -Wno-format-truncation -Wno-stringop-truncation -O2  -D_GNU_SOURCE    conftest.c -lz -lreadline -lm  >&5
configure:16897: $? = 0
configure:16897: result: yes
configure:16897: checking for rl_variable_bind
configure:16897: gcc -o conftest -Wall -Wmissing-prototypes -Wpointer-arith -Wdeclaration-after-statement -Werror=vla -Wendif-labels -Wmissing-format-attribute -Wimplicit-fallthrough=3 -Wcast-function-type -Wshadow=compatible-local -Wformat-security -fno-strict-aliasing -fwrapv -fexcess-precision=standard -Wno-format-truncation -Wno-stringop-truncation -O2  -D_GNU_SOURCE    conftest.c -lz -lreadline -lm  >&5
configure:16897: $? = 0
configure:16897: result: yes
configure:16913: checking test program
configure:16923: gcc -o conftest -Wall -Wmissing-prototypes -Wpointer-arith -Wdeclaration-after-statement -Werror=vla -Wendif-labels -Wmissing-format-attribute -Wimplicit-fallthrough=3 -Wcast-function-type -Wshadow=compatible-local -Wformat-security -fno-strict-aliasing -fwrapv -fexcess-precision=standard -Wno-format-truncation -Wno-stringop-truncation -O2  -D_GNU_SOURCE    conftest.c -lz -lreadline -lm  >&5
configure:16923: $? = 0
configure:16923: ./conftest
configure:16923: $? = 0
configure:16924: result: ok
configure:16944: checking whether long int is 64 bits
configure:17004: gcc -o conftest -Wall -Wmissing-prototypes -Wpointer-arith -Wdeclaration-after-statement -Werror=vla -Wendif-labels -Wmissing-format-attribute -Wimplicit-fallthrough=3 -Wcast-function-type -Wshadow=compatible-local -Wformat-security -fno-strict-aliasing -fwrapv -fexcess-precision=standard -Wno-format-truncation -Wno-stringop-truncation -O2  -D_GNU_SOURCE    conftest.c -lz -lreadline -lm  >&5
conftest.c:126:5: warning: no previous prototype for 'does_int64_work' [-Wmissing-prototypes]
  126 | int does_int64_work()
      |     ^~~~~~~~~~~~~~~
configure:17004: $? = 0
configure:17004: ./conftest
configure:17004: $? = 0
configure:17014: result: yes
configure:17136: checking for __builtin_mul_overflow
configure:17157: gcc -o conftest -Wall -Wmissing-prototypes -Wpointer-arith -Wdeclaration-after-statement -Werror=vla -Wendif-labels -Wmissing-format-attribute -Wimplicit-fallthrough=3 -Wcast-function-type -Wshadow=compatible-local -Wformat-security -fno-strict-aliasing -fwrapv -fexcess-precision=standard -Wno-format-truncation -Wno-stringop-truncation -O2  -D_GNU_SOURCE    conftest.c -lz -lreadline -lm  >&5
configure:17157: $? = 0
configure:17165: result: yes
configure:17178: checking size of void *
configure:17183: gcc -o conftest -Wall -Wmissing-prototypes -Wpointer-arith -Wdeclaration-after-statement -Werror=vla -Wendif-labels -Wmissing-format-attribute -Wimplicit-fallthrough=3 -Wcast-function-type -Wshadow=compatible-local -Wformat-security -fno-strict-aliasing -fwrapv -fexcess-precision=standard -Wno-format-truncation -Wno-stringop-truncation -O2  -D_GNU_SOURCE    conftest.c -lz -lreadline -lm  >&5
configure:17183: $? = 0
configure:17183: ./conftest
configure:17183: $? = 0
configure:17197: result: 8
configure:17211: checking size of size_t
configure:17216: gcc -o conftest -Wall -Wmissing-prototypes -Wpointer-arith -Wdeclaration-after-statement -Werror=vla -Wendif-labels -Wmissing-format-attribute -Wimplicit-fallthrough=3 -Wcast-function-type -Wshadow=compatible-local -Wformat-security -fno-strict-aliasing -fwrapv -fexcess-precision=standard -Wno-format-truncation -Wno-stringop-truncation -O2  -D_GNU_SOURCE    conftest.c -lz -lreadline -lm  >&5
configure:17216: $? = 0
configure:17216: ./conftest
configure:17216: $? = 0
configure:17230: result: 8
configure:17244: checking size of long
configure:17249: gcc -o conftest -Wall -Wmissing-prototypes -Wpointer-arith -Wdeclaration-after-statement -Werror=vla -Wendif-labels -Wmissing-format-attribute -Wimplicit-fallthrough=3 -Wcast-function-type -Wshadow=compatible-local -Wformat-security -fno-strict-aliasing -fwrapv -fexcess-precision=standard -Wno-format-truncation -Wno-stringop-truncation -O2  -D_GNU_SOURCE    conftest.c -lz -lreadline -lm  >&5
configure:17249: $? = 0
configure:17249: ./conftest
configure:17249: $? = 0
configure:17263: result: 8
configure:17278: checking alignment of short
configure:17283: gcc -o conftest -Wall -Wmissing-prototypes -Wpointer-arith -Wdeclaration-after-statement -Werror=vla -Wendif-labels -Wmissing-format-attribute -Wimplicit-fallthrough=3 -Wcast-function-type -Wshadow=compatible-local -Wformat-security -fno-strict-aliasing -fwrapv -fexcess-precision=standard -Wno-format-truncation -Wno-stringop-truncation -O2  -D_GNU_SOURCE    conftest.c -lz -lreadline -lm  >&5
configure:17283: $? = 0
configure:17283: ./conftest
configure:17283: $? = 0
configure:17301: result: 2
configure:17313: checking alignment of int
configure:17318: gcc -o conftest -Wall -Wmissing-prototypes -Wpointer-arith -Wdeclaration-after-statement -Werror=vla -Wendif-labels -Wmissing-format-attribute -Wimplicit-fallthrough=3 -Wcast-function-type -Wshadow=compatible-local -Wformat-security -fno-strict-aliasing -fwrapv -fexcess-precision=standard -Wno-format-truncation -Wno-stringop-truncation -O2  -D_GNU_SOURCE    conftest.c -lz -lreadline -lm  >&5
configure:17318: $? = 0
configure:17318: ./conftest
configure:17318: $? = 0
configure:17336: result: 4
configure:17348: checking alignment of long
configure:17353: gcc -o conftest -Wall -Wmissing-prototypes -Wpointer-arith -Wdeclaration-after-statement -Werror=vla -Wendif-labels -Wmissing-format-attribute -Wimplicit-fallthrough=3 -Wcast-function-type -Wshadow=compatible-local -Wformat-security -fno-strict-aliasing -fwrapv -fexcess-precision=standard -Wno-format-truncation -Wno-stringop-truncation -O2  -D_GNU_SOURCE    conftest.c -lz -lreadline -lm  >&5
configure:17353: $? = 0
configure:17353: ./conftest
configure:17353: $? = 0
configure:17371: result: 8
configure:17420: checking alignment of double
configure:17425: gcc -o conftest -Wall -Wmissing-prototypes -Wpointer-arith -Wdeclaration-after-statement -Werror=vla -Wendif-labels -Wmissing-format-attribute -Wimplicit-fallthrough=3 -Wcast-function-type -Wshadow=compatible-local -Wformat-security -fno-strict-aliasing -fwrapv -fexcess-precision=standard -Wno-format-truncation -Wno-stringop-truncation -O2  -D_GNU_SOURCE    conftest.c -lz -lreadline -lm  >&5
configure:17425: $? = 0
configure:17425: ./conftest
configure:17425: $? = 0
configure:17443: result: 8
configure:17477: checking for int8
configure:17477: gcc -c -Wall -Wmissing-prototypes -Wpointer-arith -Wdeclaration-after-statement -Werror=vla -Wendif-labels -Wmissing-format-attribute -Wimplicit-fallthrough=3 -Wcast-function-type -Wshadow=compatible-local -Wformat-security -fno-strict-aliasing -fwrapv -fexcess-precision=standard -Wno-format-truncation -Wno-stringop-truncation -O2  -D_GNU_SOURCE  conftest.c >&5
conftest.c: In function 'main':
conftest.c:134:13: error: 'int8' undeclared (first use in this function); did you mean 'int'?
  134 | if (sizeof (int8))
      |             ^~~~
      |             int
conftest.c:134:13: note: each undeclared identifier is reported only once for each function it appears in
configure:17477: $? = 1
configure: failed program was:
| /* confdefs.h */
| #define PACKAGE_NAME "PostgreSQL"
| #define PACKAGE_TARNAME "postgresql"
| #define PACKAGE_VERSION "16.6"
| #define PACKAGE_STRING "PostgreSQL 16.6"
| #define PACKAGE_BUGREPORT "pgsql-bugs@lists.postgresql.org"
| #define PACKAGE_URL "https://www.postgresql.org/"
| #define CONFIGURE_ARGS " '--prefix=/home/james/csi3130_project-1/.pg16-install' '--without-icu'"
| #define PG_MAJORVERSION "16"
| #define PG_MAJORVERSION_NUM 16
| #define PG_MINORVERSION_NUM 6
| #define PG_VERSION "16.6"
| #define DEF_PGPORT 5432
| #define DEF_PGPORT_STR "5432"
| #define BLCKSZ 8192
| #define RELSEG_SIZE 131072
| #define XLOG_BLCKSZ 8192
| #define HAVE_VISIBILITY_ATTRIBUTE 1
| #define DLSUFFIX ".so"
| #define ENABLE_THREAD_SAFETY 1
| #define PG_KRB_SRVNAM "postgres"
| #define STDC_HEADERS 1
| #define HAVE_SYS_TYPES_H 1
| #define HAVE_SYS_STAT_H 1
| #define HAVE_STDLIB_H 1
| #define HAVE_STRING_H 1
| #define HAVE_MEMORY_H 1
| #define HAVE_STRINGS_H 1
| #define HAVE_INTTYPES_H 1
| #define HAVE_STDINT_H 1
| #define HAVE_UNISTD_H 1
| #define HAVE_PTHREAD_PRIO_INHERIT 1
| #define HAVE_PTHREAD 1
| #define HAVE_STRERROR_R 1
| #define HAVE_LIBM 1
| #define HAVE_LIBREADLINE 1
| #define HAVE_LIBZ 1
| #define HAVE_SPINLOCKS 1
| #define HAVE_ATOMICS 1
| #define HAVE__BOOL 1
| #define HAVE_STDBOOL_H 1
| #define HAVE_EXECINFO_H 1
| #define HAVE_GETOPT_H 1
| #define HAVE_IFADDRS_H 1
| #define HAVE_LANGINFO_H 1
| #define HAVE_SYS_EPOLL_H 1
| #define HAVE_SYS_PERSONALITY_H 1
| #define HAVE_SYS_PRCTL_H 1
| #define HAVE_SYS_SIGNALFD_H 1
| #define HAVE_TERMIOS_H 1
| #define HAVE_READLINE_READLINE_H 1
| #define HAVE_READLINE_HISTORY_H 1
| #define PG_PRINTF_ATTRIBUTE gnu_printf
| #define HAVE__STATIC_ASSERT 1
| #define HAVE_TYPEOF 1
| #define HAVE__BUILTIN_TYPES_COMPATIBLE_P 1
| #define HAVE__BUILTIN_CONSTANT_P 1
| #define HAVE__BUILTIN_UNREACHABLE 1
| #define HAVE_COMPUTED_GOTO 1
| #define HAVE_STRUCT_TM_TM_ZONE 1
| #define HAVE_SOCKLEN_T 1
| #define HAVE_LOCALE_T 1
| #define restrict __restrict
| #define pg_restrict __restrict
| #define HAVE_STRUCT_OPTION 1
| #define HAVE_X86_64_POPCNTQ 1
| #define SIZEOF_OFF_T 8
| #define SIZEOF_BOOL 1
| #define PG_USE_STDBOOL 1
| #define HAVE_INT_TIMEZONE 1
| #define HAVE_BACKTRACE_SYMBOLS 1
| #define HAVE_GETIFADDRS 1
| #define HAVE_INET_PTON 1
| #define HAVE_POSIX_FALLOCATE 1
| #define HAVE_PPOLL 1
| #define HAVE_STRCHRNUL 1
| #define HAVE_STRSIGNAL 1
| #define HAVE_SYNCFS 1
| #define HAVE_SYNC_FILE_RANGE 1
| #define HAVE_USELOCALE 1
| #define HAVE__BUILTIN_BSWAP16 1
| #define HAVE__BUILTIN_BSWAP32 1
| #define HAVE__BUILTIN_BSWAP64 1
| #define HAVE__BUILTIN_CLZ 1
| #define HAVE__BUILTIN_CTZ 1
| #define HAVE__BUILTIN_POPCOUNT 1
| #define HAVE__BUILTIN_FRAME_ADDRESS 1
| #define HAVE_FSEEKO 1
| #define HAVE_POSIX_FADVISE 1
| #define HAVE_DECL_POSIX_FADVISE 1
| #define HAVE_DECL_FDATASYNC 1
| #define HAVE_DECL_STRLCAT 0
| #define HAVE_DECL_STRLCPY 0
| #define HAVE_DECL_STRNLEN 1
| #define HAVE_DECL_PREADV 1
| #define HAVE_DECL_PWRITEV 1
| #define HAVE_DECL_F_FULLFSYNC 0
| #define HAVE_EXPLICIT_BZERO 1
| #define HAVE_GETOPT 1
| #define HAVE_INET_ATON 1
| #define HAVE_MKDTEMP 1
| #define HAVE_STRNLEN 1
| #define HAVE_PTHREAD_BARRIER_WAIT 1
| #define HAVE_GETOPT_LONG 1
| #define HAVE_SYSLOG 1
| #define HAVE_INT_OPTERR 1
| #define HAVE_RL_COMPLETION_SUPPRESS_QUOTE 1
| #define HAVE_RL_FILENAME_QUOTE_CHARACTERS 1
| #define HAVE_RL_FILENAME_QUOTING_FUNCTION 1
| #define HAVE_APPEND_HISTORY 1
| #define HAVE_HISTORY_TRUNCATE_FILE 1
| #define HAVE_RL_COMPLETION_MATCHES 1
| #define HAVE_RL_FILENAME_COMPLETION_FUNCTION 1
| #define HAVE_RL_RESET_SCREEN_SIZE 1
| #define HAVE_RL_VARIABLE_BIND 1
| #define HAVE_LONG_INT_64 1
| #define PG_INT64_TYPE long int
| #define INT64_MODIFIER "l"
| #define HAVE__BUILTIN_OP_OVERFLOW 1
| #define SIZEOF_VOID_P 8
| #define SIZEOF_SIZE_T 8
| #define SIZEOF_LONG 8
| #define ALIGNOF_SHORT 2
| #define ALIGNOF_INT 4
| #define ALIGNOF_LONG 8
| #define ALIGNOF_DOUBLE 8
| #define MAXIMUM_ALIGNOF 8
| /* end confdefs.h.  */
| #include <stdio.h>
| 
| int
| main ()
| {
| if (sizeof (int8))
| 	 return 0;
|   ;
|   return 0;
| }
configure:17477: result: no
configure:17487: checking for uint8
configure:17487: gcc -c -Wall -Wmissing-prototypes -Wpointer-arith -Wdeclaration-after-statement -Werror=vla -Wendif-labels -Wmissing-format-attribute -Wimplicit-fallthrough=3 -Wcast-function-type -Wshadow=compatible-local -Wformat-security -fno-strict-aliasing -fwrapv -fexcess-precision=standard -Wno-format-truncation -Wno-stringop-truncation -O2  -D_GNU_SOURCE  conftest.c >&5
conftest.c: In function 'main':
conftest.c:134:13: error: 'uint8' undeclared (first use in this function); did you mean 'int'?
  134 | if (sizeof (uint8))
      |             ^~~~~
      |             int
conftest.c:134:13: note: each undeclared identifier is reported only once for each function it appears in
configure:17487: $? = 1
configure: failed program was:
| /* confdefs.h */
| #define PACKAGE_NAME "PostgreSQL"
| #define PACKAGE_TARNAME "postgresql"
| #define PACKAGE_VERSION "16.6"
| #define PACKAGE_STRING "PostgreSQL 16.6"
| #define PACKAGE_BUGREPORT "pgsql-bugs@lists.postgresql.org"
| #define PACKAGE_URL "https://www.postgresql.org/"
| #define CONFIGURE_ARGS " '--prefix=/home/james/csi3130_project-1/.pg16-install' '--without-icu'"
| #define PG_MAJORVERSION "16"
| #define PG_MAJORVERSION_NUM 16
| #define PG_MINORVERSION_NUM 6
| #define PG_VERSION "16.6"
| #define DEF_PGPORT 5432
| #define DEF_PGPORT_STR "5432"
| #define BLCKSZ 8192
| #define RELSEG_SIZE 131072
| #define XLOG_BLCKSZ 8192
| #define HAVE_VISIBILITY_ATTRIBUTE 1
| #define DLSUFFIX ".so"
| #define ENABLE_THREAD_SAFETY 1
| #define PG_KRB_SRVNAM "postgres"
| #define STDC_HEADERS 1
| #define HAVE_SYS_TYPES_H 1
| #define HAVE_SYS_STAT_H 1
| #define HAVE_STDLIB_H 1
| #define HAVE_STRING_H 1
| #define HAVE_MEMORY_H 1
| #define HAVE_STRINGS_H 1
| #define HAVE_INTTYPES_H 1
| #define HAVE_STDINT_H 1
| #define HAVE_UNISTD_H 1
| #define HAVE_PTHREAD_PRIO_INHERIT 1
| #define HAVE_PTHREAD 1
| #define HAVE_STRERROR_R 1
| #define HAVE_LIBM 1
| #define HAVE_LIBREADLINE 1
| #define HAVE_LIBZ 1
| #define HAVE_SPINLOCKS 1
| #define HAVE_ATOMICS 1
| #define HAVE__BOOL 1
| #define HAVE_STDBOOL_H 1
| #define HAVE_EXECINFO_H 1
| #define HAVE_GETOPT_H 1
| #define HAVE_IFADDRS_H 1
| #define HAVE_LANGINFO_H 1
| #define HAVE_SYS_EPOLL_H 1
| #define HAVE_SYS_PERSONALITY_H 1
| #define HAVE_SYS_PRCTL_H 1
| #define HAVE_SYS_SIGNALFD_H 1
| #define HAVE_TERMIOS_H 1
| #define HAVE_READLINE_READLINE_H 1
| #define HAVE_READLINE_HISTORY_H 1
| #define PG_PRINTF_ATTRIBUTE gnu_printf
| #define HAVE__STATIC_ASSERT 1
| #define HAVE_TYPEOF 1
| #define HAVE__BUILTIN_TYPES_COMPATIBLE_P 1
| #define HAVE__BUILTIN_CONSTANT_P 1
| #define HAVE__BUILTIN_UNREACHABLE 1
| #define HAVE_COMPUTED_GOTO 1
| #define HAVE_STRUCT_TM_TM_ZONE 1
| #define HAVE_SOCKLEN_T 1
| #define HAVE_LOCALE_T 1
| #define restrict __restrict
| #define pg_restrict __restrict
| #define HAVE_STRUCT_OPTION 1
| #define HAVE_X86_64_POPCNTQ 1
| #define SIZEOF_OFF_T 8
| #define SIZEOF_BOOL 1
| #define PG_USE_STDBOOL 1
| #define HAVE_INT_TIMEZONE 1
| #define HAVE_BACKTRACE_SYMBOLS 1
| #define HAVE_GETIFADDRS 1
| #define HAVE_INET_PTON 1
| #define HAVE_POSIX_FALLOCATE 1
| #define HAVE_PPOLL 1
| #define HAVE_STRCHRNUL 1
| #define HAVE_STRSIGNAL 1
| #define HAVE_SYNCFS 1
| #define HAVE_SYNC_FILE_RANGE 1
| #define HAVE_USELOCALE 1
| #define HAVE__BUILTIN_BSWAP16 1
| #define HAVE__BUILTIN_BSWAP32 1
| #define HAVE__BUILTIN_BSWAP64 1
| #define HAVE__BUILTIN_CLZ 1
| #define HAVE__BUILTIN_CTZ 1
| #define HAVE__BUILTIN_POPCOUNT 1
| #define HAVE__BUILTIN_FRAME_ADDRESS 1
| #define HAVE_FSEEKO 1
| #define HAVE_POSIX_FADVISE 1
| #define HAVE_DECL_POSIX_FADVISE 1
| #define HAVE_DECL_FDATASYNC 1
| #define HAVE_DECL_STRLCAT 0
| #define HAVE_DECL_STRLCPY 0
| #define HAVE_DECL_STRNLEN 1
| #define HAVE_DECL_PREADV 1
| #define HAVE_DECL_PWRITEV 1
| #define HAVE_DECL_F_FULLFSYNC 0
| #define HAVE_EXPLICIT_BZERO 1
| #define HAVE_GETOPT 1
| #define HAVE_INET_ATON 1
| #define HAVE_MKDTEMP 1
| #define HAVE_STRNLEN 1
| #define HAVE_PTHREAD_BARRIER_WAIT 1
| #define HAVE_GETOPT_LONG 1
| #define HAVE_SYSLOG 1
| #define HAVE_INT_OPTERR 1
| #define HAVE_RL_COMPLETION_SUPPRESS_QUOTE 1
| #define HAVE_RL_FILENAME_QUOTE_CHARACTERS 1
| #define HAVE_RL_FILENAME_QUOTING_FUNCTION 1
| #define HAVE_APPEND_HISTORY 1
| #define HAVE_HISTORY_TRUNCATE_FILE 1
| #define HAVE_RL_COMPLETION_MATCHES 1
| #define HAVE_RL_FILENAME_COMPLETION_FUNCTION 1
| #define HAVE_RL_RESET_SCREEN_SIZE 1
| #define HAVE_RL_VARIABLE_BIND 1
| #define HAVE_LONG_INT_64 1
| #define PG_INT64_TYPE long int
| #define INT64_MODIFIER "l"
| #define HAVE__BUILTIN_OP_OVERFLOW 1
| #define SIZEOF_VOID_P 8
| #define SIZEOF_SIZE_T 8
| #define SIZEOF_LONG 8
| #define ALIGNOF_SHORT 2
| #define ALIGNOF_INT 4
| #define ALIGNOF_LONG 8
| #define ALIGNOF_DOUBLE 8
| #define MAXIMUM_ALIGNOF 8
| /* end confdefs.h.  */
| #include <stdio.h>
| 
| int
| main ()
| {
| if (sizeof (uint8))
| 	 return 0;
|   ;
|   return 0;
| }
configure:17487: result: no
configure:17497: checking for int64
configure:17497: gcc -c -Wall -Wmissing-prototypes -Wpointer-arith -Wdeclaration-after-statement -Werror=vla -Wendif-labels -Wmissing-format-attribute -Wimplicit-fallthrough=3 -Wcast-function-type -Wshadow=compatible-local -Wformat-security -fno-strict-aliasing -fwrapv -fexcess-precision=standard -Wno-format-truncation -Wno-stringop-truncation -O2  -D_GNU_SOURCE  conftest.c >&5
conftest.c: In function 'main':
conftest.c:134:13: error: 'int64' undeclared (first use in this function); did you mean 'int'?
  134 | if (sizeof (int64))
      |             ^~~~~
      |             int
conftest.c:134:13: note: each undeclared identifier is reported only once for each function it appears in
configure:17497: $? = 1
configure: failed program was:
| /* confdefs.h */
| #define PACKAGE_NAME "PostgreSQL"
| #define PACKAGE_TARNAME "postgresql"
| #define PACKAGE_VERSION "16.6"
| #define PACKAGE_STRING "PostgreSQL 16.6"
| #define PACKAGE_BUGREPORT "pgsql-bugs@lists.postgresql.org"
| #define PACKAGE_URL "https://www.postgresql.org/"
| #define CONFIGURE_ARGS " '--prefix=/home/james/csi3130_project-1/.pg16-install' '--without-icu'"
| #define PG_MAJORVERSION "16"
| #define PG_MAJORVERSION_NUM 16
| #define PG_MINORVERSION_NUM 6
| #define PG_VERSION "16.6"
| #define DEF_PGPORT 5432
| #define DEF_PGPORT_STR "5432"
| #define BLCKSZ 8192
| #define RELSEG_SIZE 131072
| #define XLOG_BLCKSZ 8192
| #define HAVE_VISIBILITY_ATTRIBUTE 1
| #define DLSUFFIX ".so"
| #define ENABLE_THREAD_SAFETY 1
| #define PG_KRB_SRVNAM "postgres"
| #define STDC_HEADERS 1
| #define HAVE_SYS_TYPES_H 1
| #define HAVE_SYS_STAT_H 1
| #define HAVE_STDLIB_H 1
| #define HAVE_STRING_H 1
| #define HAVE_MEMORY_H 1
| #define HAVE_STRINGS_H 1
| #define HAVE_INTTYPES_H 1
| #define HAVE_STDINT_H 1
| #define HAVE_UNISTD_H 1
| #define HAVE_PTHREAD_PRIO_INHERIT 1
| #define HAVE_PTHREAD 1
| #define HAVE_STRERROR_R 1
| #define HAVE_LIBM 1
| #define HAVE_LIBREADLINE 1
| #define HAVE_LIBZ 1
| #define HAVE_SPINLOCKS 1
| #define HAVE_ATOMICS 1
| #define HAVE__BOOL 1
| #define HAVE_STDBOOL_H 1
| #define HAVE_EXECINFO_H 1
| #define HAVE_GETOPT_H 1
| #define HAVE_IFADDRS_H 1
| #define HAVE_LANGINFO_H 1
| #define HAVE_SYS_EPOLL_H 1
| #define HAVE_SYS_PERSONALITY_H 1
| #define HAVE_SYS_PRCTL_H 1
| #define HAVE_SYS_SIGNALFD_H 1
| #define HAVE_TERMIOS_H 1
| #define HAVE_READLINE_READLINE_H 1
| #define HAVE_READLINE_HISTORY_H 1
| #define PG_PRINTF_ATTRIBUTE gnu_printf
| #define HAVE__STATIC_ASSERT 1
| #define HAVE_TYPEOF 1
| #define HAVE__BUILTIN_TYPES_COMPATIBLE_P 1
| #define HAVE__BUILTIN_CONSTANT_P 1
| #define HAVE__BUILTIN_UNREACHABLE 1
| #define HAVE_COMPUTED_GOTO 1
| #define HAVE_STRUCT_TM_TM_ZONE 1
| #define HAVE_SOCKLEN_T 1
| #define HAVE_LOCALE_T 1
| #define restrict __restrict
| #define pg_restrict __restrict
| #define HAVE_STRUCT_OPTION 1
| #define HAVE_X86_64_POPCNTQ 1
| #define SIZEOF_OFF_T 8
| #define SIZEOF_BOOL 1
| #define PG_USE_STDBOOL 1
| #define HAVE_INT_TIMEZONE 1
| #define HAVE_BACKTRACE_SYMBOLS 1
| #define HAVE_GETIFADDRS 1
| #define HAVE_INET_PTON 1
| #define HAVE_POSIX_FALLOCATE 1
| #define HAVE_PPOLL 1
| #define HAVE_STRCHRNUL 1
| #define HAVE_STRSIGNAL 1
| #define HAVE_SYNCFS 1
| #define HAVE_SYNC_FILE_RANGE 1
| #define HAVE_USELOCALE 1
| #define HAVE__BUILTIN_BSWAP16 1
| #define HAVE__BUILTIN_BSWAP32 1
| #define HAVE__BUILTIN_BSWAP64 1
| #define HAVE__BUILTIN_CLZ 1
| #define HAVE__BUILTIN_CTZ 1
| #define HAVE__BUILTIN_POPCOUNT 1
| #define HAVE__BUILTIN_FRAME_ADDRESS 1
| #define HAVE_FSEEKO 1
| #define HAVE_POSIX_FADVISE 1
| #define HAVE_DECL_POSIX_FADVISE 1
| #define HAVE_DECL_FDATASYNC 1
| #define HAVE_DECL_STRLCAT 0
| #define HAVE_DECL_STRLCPY 0
| #define HAVE_DECL_STRNLEN 1
| #define HAVE_DECL_PREADV 1
| #define HAVE_DECL_PWRITEV 1
| #define HAVE_DECL_F_FULLFSYNC 0
| #define HAVE_EXPLICIT_BZERO 1
| #define HAVE_GETOPT 1
| #define HAVE_INET_ATON 1
| #define HAVE_MKDTEMP 1
| #define HAVE_STRNLEN 1
| #define HAVE_PTHREAD_BARRIER_WAIT 1
| #define HAVE_GETOPT_LONG 1
| #define HAVE_SYSLOG 1
| #define HAVE_INT_OPTERR 1
| #define HAVE_RL_COMPLETION_SUPPRESS_QUOTE 1
| #define HAVE_RL_FILENAME_QUOTE_CHARACTERS 1
| #define HAVE_RL_FILENAME_QUOTING_FUNCTION 1
| #define HAVE_APPEND_HISTORY 1
| #define HAVE_HISTORY_TRUNCATE_FILE 1
| #define HAVE_RL_COMPLETION_MATCHES 1
| #define HAVE_RL_FILENAME_COMPLETION_FUNCTION 1
| #define HAVE_RL_RESET_SCREEN_SIZE 1
| #define HAVE_RL_VARIABLE_BIND 1
| #define HAVE_LONG_INT_64 1
| #define PG_INT64_TYPE long int
| #define INT64_MODIFIER "l"
| #define HAVE__BUILTIN_OP_OVERFLOW 1
| #define SIZEOF_VOID_P 8
| #define SIZEOF_SIZE_T 8
| #define SIZEOF_LONG 8
| #define ALIGNOF_SHORT 2
| #define ALIGNOF_INT 4
| #define ALIGNOF_LONG 8
| #define ALIGNOF_DOUBLE 8
| #define MAXIMUM_ALIGNOF 8
| /* end confdefs.h.  */
| #include <stdio.h>
| 
| int
| main ()
| {
| if (sizeof (int64))
| 	 return 0;
|   ;
|   return 0;
| }
configure:17497: result: no
configure:17507: checking for uint64
configure:17507: gcc -c -Wall -Wmissing-prototypes -Wpointer-arith -Wdeclaration-after-statement -Werror=vla -Wendif-labels -Wmissing-format-attribute -Wimplicit-fallthrough=3 -Wcast-function-type -Wshadow=compatible-local -Wformat-security -fno-strict-aliasing -fwrapv -fexcess-precision=standard -Wno-format-truncation -Wno-stringop-truncation -O2  -D_GNU_SOURCE  conftest.c >&5
conftest.c: In function 'main':
conftest.c:134:13: error: 'uint64' undeclared (first use in this function)
  134 | if (sizeof (uint64))
      |             ^~~~~~
conftest.c:134:13: note: each undeclared identifier is reported only once for each function it appears in
configure:17507: $? = 1
configure: failed program was:
| /* confdefs.h */
| #define PACKAGE_NAME "PostgreSQL"
| #define PACKAGE_TARNAME "postgresql"
| #define PACKAGE_VERSION "16.6"
| #define PACKAGE_STRING "PostgreSQL 16.6"
| #define PACKAGE_BUGREPORT "pgsql-bugs@lists.postgresql.org"
| #define PACKAGE_URL "https://www.postgresql.org/"
| #define CONFIGURE_ARGS " '--prefix=/home/james/csi3130_project-1/.pg16-install' '--without-icu'"
| #define PG_MAJORVERSION "16"
| #define PG_MAJORVERSION_NUM 16
| #define PG_MINORVERSION_NUM 6
| #define PG_VERSION "16.6"
| #define DEF_PGPORT 5432
| #define DEF_PGPORT_STR "5432"
| #define BLCKSZ 8192
| #define RELSEG_SIZE 131072
| #define XLOG_BLCKSZ 8192
| #define HAVE_VISIBILITY_ATTRIBUTE 1
| #define DLSUFFIX ".so"
| #define ENABLE_THREAD_SAFETY 1
| #define PG_KRB_SRVNAM "postgres"
| #define STDC_HEADERS 1
| #define HAVE_SYS_TYPES_H 1
| #define HAVE_SYS_STAT_H 1
| #define HAVE_STDLIB_H 1
| #define HAVE_STRING_H 1
| #define HAVE_MEMORY_H 1
| #define HAVE_STRINGS_H 1
| #define HAVE_INTTYPES_H 1
| #define HAVE_STDINT_H 1
| #define HAVE_UNISTD_H 1
| #define HAVE_PTHREAD_PRIO_INHERIT 1
| #define HAVE_PTHREAD 1
| #define HAVE_STRERROR_R 1
| #define HAVE_LIBM 1
| #define HAVE_LIBREADLINE 1
| #define HAVE_LIBZ 1
| #define HAVE_SPINLOCKS 1
| #define HAVE_ATOMICS 1
| #define HAVE__BOOL 1
| #define HAVE_STDBOOL_H 1
| #define HAVE_EXECINFO_H 1
| #define HAVE_GETOPT_H 1
| #define HAVE_IFADDRS_H 1
| #define HAVE_LANGINFO_H 1
| #define HAVE_SYS_EPOLL_H 1
| #define HAVE_SYS_PERSONALITY_H 1
| #define HAVE_SYS_PRCTL_H 1
| #define HAVE_SYS_SIGNALFD_H 1
| #define HAVE_TERMIOS_H 1
| #define HAVE_READLINE_READLINE_H 1
| #define HAVE_READLINE_HISTORY_H 1
| #define PG_PRINTF_ATTRIBUTE gnu_printf
| #define HAVE__STATIC_ASSERT 1
| #define HAVE_TYPEOF 1
| #define HAVE__BUILTIN_TYPES_COMPATIBLE_P 1
| #define HAVE__BUILTIN_CONSTANT_P 1
| #define HAVE__BUILTIN_UNREACHABLE 1
| #define HAVE_COMPUTED_GOTO 1
| #define HAVE_STRUCT_TM_TM_ZONE 1
| #define HAVE_SOCKLEN_T 1
| #define HAVE_LOCALE_T 1
| #define restrict __restrict
| #define pg_restrict __restrict
| #define HAVE_STRUCT_OPTION 1
| #define HAVE_X86_64_POPCNTQ 1
| #define SIZEOF_OFF_T 8
| #define SIZEOF_BOOL 1
| #define PG_USE_STDBOOL 1
| #define HAVE_INT_TIMEZONE 1
| #define HAVE_BACKTRACE_SYMBOLS 1
| #define HAVE_GETIFADDRS 1
| #define HAVE_INET_PTON 1
| #define HAVE_POSIX_FALLOCATE 1
| #define HAVE_PPOLL 1
| #define HAVE_STRCHRNUL 1
| #define HAVE_STRSIGNAL 1
| #define HAVE_SYNCFS 1
| #define HAVE_SYNC_FILE_RANGE 1
| #define HAVE_USELOCALE 1
| #define HAVE__BUILTIN_BSWAP16 1
| #define HAVE__BUILTIN_BSWAP32 1
| #define HAVE__BUILTIN_BSWAP64 1
| #define HAVE__BUILTIN_CLZ 1
| #define HAVE__BUILTIN_CTZ 1
| #define HAVE__BUILTIN_POPCOUNT 1
| #define HAVE__BUILTIN_FRAME_ADDRESS 1
| #define HAVE_FSEEKO 1
| #define HAVE_POSIX_FADVISE 1
| #define HAVE_DECL_POSIX_FADVISE 1
| #define HAVE_DECL_FDATASYNC 1
| #define HAVE_DECL_STRLCAT 0
| #define HAVE_DECL_STRLCPY 0
| #define HAVE_DECL_STRNLEN 1
| #define HAVE_DECL_PREADV 1
| #define HAVE_DECL_PWRITEV 1
| #define HAVE_DECL_F_FULLFSYNC 0
| #define HAVE_EXPLICIT_BZERO 1
| #define HAVE_GETOPT 1
| #define HAVE_INET_ATON 1
| #define HAVE_MKDTEMP 1
| #define HAVE_STRNLEN 1
| #define HAVE_PTHREAD_BARRIER_WAIT 1
| #define HAVE_GETOPT_LONG 1
| #define HAVE_SYSLOG 1
| #define HAVE_INT_OPTERR 1
| #define HAVE_RL_COMPLETION_SUPPRESS_QUOTE 1
| #define HAVE_RL_FILENAME_QUOTE_CHARACTERS 1
| #define HAVE_RL_FILENAME_QUOTING_FUNCTION 1
| #define HAVE_APPEND_HISTORY 1
| #define HAVE_HISTORY_TRUNCATE_FILE 1
| #define HAVE_RL_COMPLETION_MATCHES 1
| #define HAVE_RL_FILENAME_COMPLETION_FUNCTION 1
| #define HAVE_RL_RESET_SCREEN_SIZE 1
| #define HAVE_RL_VARIABLE_BIND 1
| #define HAVE_LONG_INT_64 1
| #define PG_INT64_TYPE long int
| #define INT64_MODIFIER "l"
| #define HAVE__BUILTIN_OP_OVERFLOW 1
| #define SIZEOF_VOID_P 8
| #define SIZEOF_SIZE_T 8
| #define SIZEOF_LONG 8
| #define ALIGNOF_SHORT 2
| #define ALIGNOF_INT 4
| #define ALIGNOF_LONG 8
| #define ALIGNOF_DOUBLE 8
| #define MAXIMUM_ALIGNOF 8
| /* end confdefs.h.  */
| #include <stdio.h>
| 
| int
| main ()
| {
| if (sizeof (uint64))
| 	 return 0;
|   ;
|   return 0;
| }
configure:17507: result: no
configure:17520: checking for __int128
configure:17557: gcc -o conftest -Wall -Wmissing-prototypes -Wpointer-arith -Wdeclaration-after-statement -Werror=vla -Wendif-labels -Wmissing-format-attribute -Wimplicit-fallthrough=3 -Wcast-function-type -Wshadow=compatible-local -Wformat-security -fno-strict-aliasing -fwrapv -fexcess-precision=standard -Wno-format-truncation -Wno-stringop-truncation -O2  -D_GNU_SOURCE    conftest.c -lz -lreadline -lm  >&5
configure:17557: $? = 0
configure:17565: result: yes
configure:17572: checking for __int128 alignment bug
configure:17612: gcc -o conftest -Wall -Wmissing-prototypes -Wpointer-arith -Wdeclaration-after-statement -Werror=vla -Wendif-labels -Wmissing-format-attribute -Wimplicit-fallthrough=3 -Wcast-function-type -Wshadow=compatible-local -Wformat-security -fno-strict-aliasing -fwrapv -fexcess-precision=standard -Wno-format-truncation -Wno-stringop-truncation -O2  -D_GNU_SOURCE    conftest.c -lz -lreadline -lm  >&5
conftest.c:142:6: warning: no previous prototype for 'pass_by_val' [-Wmissing-prototypes]
  142 | void pass_by_val(void *buffer, int128a par) { holder = par; }
      |      ^~~~~~~~~~~
configure:17612: $? = 0
configure:17612: ./conftest
configure:17612: $? = 0
configure:17622: result: ok
configure:17630: checking alignment of PG_INT128_TYPE
configure:17635: gcc -o conftest -Wall -Wmissing-prototypes -Wpointer-arith -Wdeclaration-after-statement -Werror=vla -Wendif-labels -Wmissing-format-attribute -Wimplicit-fallthrough=3 -Wcast-function-type -Wshadow=compatible-local -Wformat-security -fno-strict-aliasing -fwrapv -fexcess-precision=standard -Wno-format-truncation -Wno-stringop-truncation -O2  -D_GNU_SOURCE    conftest.c -lz -lreadline -lm  >&5
configure:17635: $? = 0
configure:17635: ./conftest
configure:17635: $? = 0
configure:17653: result: 16
configure:17668: checking for builtin __sync char locking functions
configure:17686: gcc -o conftest -Wall -Wmissing-prototypes -Wpointer-arith -Wdeclaration-after-statement -Werror=vla -Wendif-labels -Wmissing-format-attribute -Wimplicit-fallthrough=3 -Wcast-function-type -Wshadow=compatible-local -Wformat-security -fno-strict-aliasing -fwrapv -fexcess-precision=standard -Wno-format-truncation -Wno-stringop-truncation -O2  -D_GNU_SOURCE    conftest.c -lz -lreadline -lm  >&5
configure:17686: $? = 0
configure:17694: result: yes
configure:17701: checking for builtin __sync int32 locking functions
configure:17719: gcc -o conftest -Wall -Wmissing-prototypes -Wpointer-arith -Wdeclaration-after-statement -Werror=vla -Wendif-labels -Wmissing-format-attribute -Wimplicit-fallthrough=3 -Wcast-function-type -Wshadow=compatible-local -Wformat-security -fno-strict-aliasing -fwrapv -fexcess-precision=standard -Wno-format-truncation -Wno-stringop-truncation -O2  -D_GNU_SOURCE    conftest.c -lz -lreadline -lm  >&5
configure:17719: $? = 0
configure:17727: result: yes
configure:17734: checking for builtin __sync int32 atomic operations
configure:17751: gcc -o conftest -Wall -Wmissing-prototypes -Wpointer-arith -Wdeclaration-after-statement -Werror=vla -Wendif-labels -Wmissing-format-attribute -Wimplicit-fallthrough=3 -Wcast-function-type -Wshadow=compatible-local -Wformat-security -fno-strict-aliasing -fwrapv -fexcess-precision=standard -Wno-format-truncation -Wno-stringop-truncation -O2  -D_GNU_SOURCE    conftest.c -lz -lreadline -lm  >&5
configure:17751: $? = 0
configure:17759: result: yes
configure:17766: checking for builtin __sync int64 atomic operations
configure:17783: gcc -o conftest -Wall -Wmissing-prototypes -Wpointer-arith -Wdeclaration-after-statement -Werror=vla -Wendif-labels -Wmissing-format-attribute -Wimplicit-fallthrough=3 -Wcast-function-type -Wshadow=compatible-local -Wformat-security -fno-strict-aliasing -fwrapv -fexcess-precision=standard -Wno-format-truncation -Wno-stringop-truncation -O2  -D_GNU_SOURCE    conftest.c -lz -lreadline -lm  >&5
configure:17783: $? = 0
configure:17791: result: yes
configure:17798: checking for builtin __atomic int32 atomic operations
configure:17816: gcc -o conftest -Wall -Wmissing-prototypes -Wpointer-arith -Wdeclaration-after-statement -Werror=vla -Wendif-labels -Wmissing-format-attribute -Wimplicit-fallthrough=3 -Wcast-function-type -Wshadow=compatible-local -Wformat-security -fno-strict-aliasing -fwrapv -fexcess-precision=standard -Wno-format-truncation -Wno-stringop-truncation -O2  -D_GNU_SOURCE    conftest.c -lz -lreadline -lm  >&5
configure:17816: $? = 0
configure:17824: result: yes
configure:17831: checking for builtin __atomic int64 atomic operations
configure:17849: gcc -o conftest -Wall -Wmissing-prototypes -Wpointer-arith -Wdeclaration-after-statement -Werror=vla -Wendif-labels -Wmissing-format-attribute -Wimplicit-fallthrough=3 -Wcast-function-type -Wshadow=compatible-local -Wformat-security -fno-strict-aliasing -fwrapv -fexcess-precision=standard -Wno-format-truncation -Wno-stringop-truncation -O2  -D_GNU_SOURCE    conftest.c -lz -lreadline -lm  >&5
configure:17849: $? = 0
configure:17857: result: yes
configure:17867: checking for __get_cpuid
configure:17885: gcc -o conftest -Wall -Wmissing-prototypes -Wpointer-arith -Wdeclaration-after-statement -Werror=vla -Wendif-labels -Wmissing-format-attribute -Wimplicit-fallthrough=3 -Wcast-function-type -Wshadow=compatible-local -Wformat-security -fno-strict-aliasing -fwrapv -fexcess-precision=standard -Wno-format-truncation -Wno-stringop-truncation -O2  -D_GNU_SOURCE    conftest.c -lz -lreadline -lm  >&5
configure:17885: $? = 0
configure:17893: result: yes
configure:17901: checking for __cpuid
configure:17919: gcc -o conftest -Wall -Wmissing-prototypes -Wpointer-arith -Wdeclaration-after-statement -Werror=vla -Wendif-labels -Wmissing-format-attribute -Wimplicit-fallthrough=3 -Wcast-function-type -Wshadow=compatible-local -Wformat-security -fno-strict-aliasing -fwrapv -fexcess-precision=standard -Wno-format-truncation -Wno-stringop-truncation -O2  -D_GNU_SOURCE    conftest.c -lz -lreadline -lm  >&5
conftest.c:138:10: fatal error: intrin.h: No such file or directory
  138 | #include <intrin.h>
      |          ^~~~~~~~~~
compilation terminated.
configure:17919: $? = 1
configure: failed program was:
| /* confdefs.h */
| #define PACKAGE_NAME "PostgreSQL"
| #define PACKAGE_TARNAME "postgresql"
| #define PACKAGE_VERSION "16.6"
| #define PACKAGE_STRING "PostgreSQL 16.6"
| #define PACKAGE_BUGREPORT "pgsql-bugs@lists.postgresql.org"
| #define PACKAGE_URL "https://www.postgresql.org/"
| #define CONFIGURE_ARGS " '--prefix=/home/james/csi3130_project-1/.pg16-install' '--without-icu'"
| #define PG_MAJORVERSION "16"
| #define PG_MAJORVERSION_NUM 16
| #define PG_MINORVERSION_NUM 6
| #define PG_VERSION "16.6"
| #define DEF_PGPORT 5432
| #define DEF_PGPORT_STR "5432"
| #define BLCKSZ 8192
| #define RELSEG_SIZE 131072
| #define XLOG_BLCKSZ 8192
| #define HAVE_VISIBILITY_ATTRIBUTE 1
| #define DLSUFFIX ".so"
| #define ENABLE_THREAD_SAFETY 1
| #define PG_KRB_SRVNAM "postgres"
| #define STDC_HEADERS 1
| #define HAVE_SYS_TYPES_H 1
| #define HAVE_SYS_STAT_H 1
| #define HAVE_STDLIB_H 1
| #define HAVE_STRING_H 1
| #define HAVE_MEMORY_H 1
| #define HAVE_STRINGS_H 1
| #define HAVE_INTTYPES_H 1
| #define HAVE_STDINT_H 1
| #define HAVE_UNISTD_H 1
| #define HAVE_PTHREAD_PRIO_INHERIT 1
| #define HAVE_PTHREAD 1
| #define HAVE_STRERROR_R 1
| #define HAVE_LIBM 1
| #define HAVE_LIBREADLINE 1
| #define HAVE_LIBZ 1
| #define HAVE_SPINLOCKS 1
| #define HAVE_ATOMICS 1
| #define HAVE__BOOL 1
| #define HAVE_STDBOOL_H 1
| #define HAVE_EXECINFO_H 1
| #define HAVE_GETOPT_H 1
| #define HAVE_IFADDRS_H 1
| #define HAVE_LANGINFO_H 1
| #define HAVE_SYS_EPOLL_H 1
| #define HAVE_SYS_PERSONALITY_H 1
| #define HAVE_SYS_PRCTL_H 1
| #define HAVE_SYS_SIGNALFD_H 1
| #define HAVE_TERMIOS_H 1
| #define HAVE_READLINE_READLINE_H 1
| #define HAVE_READLINE_HISTORY_H 1
| #define PG_PRINTF_ATTRIBUTE gnu_printf
| #define HAVE__STATIC_ASSERT 1
| #define HAVE_TYPEOF 1
| #define HAVE__BUILTIN_TYPES_COMPATIBLE_P 1
| #define HAVE__BUILTIN_CONSTANT_P 1
| #define HAVE__BUILTIN_UNREACHABLE 1
| #define HAVE_COMPUTED_GOTO 1
| #define HAVE_STRUCT_TM_TM_ZONE 1
| #define HAVE_SOCKLEN_T 1
| #define HAVE_LOCALE_T 1
| #define restrict __restrict
| #define pg_restrict __restrict
| #define HAVE_STRUCT_OPTION 1
| #define HAVE_X86_64_POPCNTQ 1
| #define SIZEOF_OFF_T 8
| #define SIZEOF_BOOL 1
| #define PG_USE_STDBOOL 1
| #define HAVE_INT_TIMEZONE 1
| #define HAVE_BACKTRACE_SYMBOLS 1
| #define HAVE_GETIFADDRS 1
| #define HAVE_INET_PTON 1
| #define HAVE_POSIX_FALLOCATE 1
| #define HAVE_PPOLL 1
| #define HAVE_STRCHRNUL 1
| #define HAVE_STRSIGNAL 1
| #define HAVE_SYNCFS 1
| #define HAVE_SYNC_FILE_RANGE 1
| #define HAVE_USELOCALE 1
| #define HAVE__BUILTIN_BSWAP16 1
| #define HAVE__BUILTIN_BSWAP32 1
| #define HAVE__BUILTIN_BSWAP64 1
| #define HAVE__BUILTIN_CLZ 1
| #define HAVE__BUILTIN_CTZ 1
| #define HAVE__BUILTIN_POPCOUNT 1
| #define HAVE__BUILTIN_FRAME_ADDRESS 1
| #define HAVE_FSEEKO 1
| #define HAVE_POSIX_FADVISE 1
| #define HAVE_DECL_POSIX_FADVISE 1
| #define HAVE_DECL_FDATASYNC 1
| #define HAVE_DECL_STRLCAT 0
| #define HAVE_DECL_STRLCPY 0
| #define HAVE_DECL_STRNLEN 1
| #define HAVE_DECL_PREADV 1
| #define HAVE_DECL_PWRITEV 1
| #define HAVE_DECL_F_FULLFSYNC 0
| #define HAVE_EXPLICIT_BZERO 1
| #define HAVE_GETOPT 1
| #define HAVE_INET_ATON 1
| #define HAVE_MKDTEMP 1
| #define HAVE_STRNLEN 1
| #define HAVE_PTHREAD_BARRIER_WAIT 1
| #define HAVE_GETOPT_LONG 1
| #define HAVE_SYSLOG 1
| #define HAVE_INT_OPTERR 1
| #define HAVE_RL_COMPLETION_SUPPRESS_QUOTE 1
| #define HAVE_RL_FILENAME_QUOTE_CHARACTERS 1
| #define HAVE_RL_FILENAME_QUOTING_FUNCTION 1
| #define HAVE_APPEND_HISTORY 1
| #define HAVE_HISTORY_TRUNCATE_FILE 1
| #define HAVE_RL_COMPLETION_MATCHES 1
| #define HAVE_RL_FILENAME_COMPLETION_FUNCTION 1
| #define HAVE_RL_RESET_SCREEN_SIZE 1
| #define HAVE_RL_VARIABLE_BIND 1
| #define HAVE_LONG_INT_64 1
| #define PG_INT64_TYPE long int
| #define INT64_MODIFIER "l"
| #define HAVE__BUILTIN_OP_OVERFLOW 1
| #define SIZEOF_VOID_P 8
| #define SIZEOF_SIZE_T 8
| #define SIZEOF_LONG 8
| #define ALIGNOF_SHORT 2
| #define ALIGNOF_INT 4
| #define ALIGNOF_LONG 8
| #define ALIGNOF_DOUBLE 8
| #define MAXIMUM_ALIGNOF 8
| #define PG_INT128_TYPE __int128
| #define ALIGNOF_PG_INT128_TYPE 16
| #define HAVE_GCC__SYNC_CHAR_TAS 1
| #define HAVE_GCC__SYNC_INT32_TAS 1
| #define HAVE_GCC__SYNC_INT32_CAS 1
| #define HAVE_GCC__SYNC_INT64_CAS 1
| #define HAVE_GCC__ATOMIC_INT32_CAS 1
| #define HAVE_GCC__ATOMIC_INT64_CAS 1
| #define HAVE__GET_CPUID 1
| /* end confdefs.h.  */
| #include <intrin.h>
| int
| main ()
| {
| unsigned int exx[4] = {0, 0, 0, 0};
|   __get_cpuid(exx[0], 1);
| 
|   ;
|   return 0;
| }
configure:17927: result: no
configure:17940: checking for _mm_crc32_u8 and _mm_crc32_u32 with CFLAGS=
configure:17962: gcc -o conftest -Wall -Wmissing-prototypes -Wpointer-arith -Wdeclaration-after-statement -Werror=vla -Wendif-labels -Wmissing-format-attribute -Wimplicit-fallthrough=3 -Wcast-function-type -Wshadow=compatible-local -Wformat-security -fno-strict-aliasing -fwrapv -fexcess-precision=standard -Wno-format-truncation -Wno-stringop-truncation -O2   -D_GNU_SOURCE    conftest.c -lz -lreadline -lm  >&5
In file included from /usr/lib/gcc/x86_64-linux-gnu/11/include/nmmintrin.h:31,
                 from conftest.c:138:
conftest.c: In function 'main':
/usr/lib/gcc/x86_64-linux-gnu/11/include/smmintrin.h:840:1: error: inlining failed in call to 'always_inline' '_mm_crc32_u32': target specific option mismatch
  840 | _mm_crc32_u32 (unsigned int __C, unsigned int __V)
      | ^~~~~~~~~~~~~
conftest.c:144:10: note: called from here
  144 |    crc = _mm_crc32_u32(crc, 0);
      |          ^~~~~~~~~~~~~~~~~~~~~
In file included from /usr/lib/gcc/x86_64-linux-gnu/11/include/nmmintrin.h:31,
                 from conftest.c:138:
/usr/lib/gcc/x86_64-linux-gnu/11/include/smmintrin.h:828:1: error: inlining failed in call to 'always_inline' '_mm_crc32_u8': target specific option mismatch
  828 | _mm_crc32_u8 (unsigned int __C, unsigned char __V)
      | ^~~~~~~~~~~~
conftest.c:143:10: note: called from here
  143 |    crc = _mm_crc32_u8(crc, 0);
      |          ^~~~~~~~~~~~~~~~~~~~
configure:17962: $? = 1
configure: failed program was:
| /* confdefs.h */
| #define PACKAGE_NAME "PostgreSQL"
| #define PACKAGE_TARNAME "postgresql"
| #define PACKAGE_VERSION "16.6"
| #define PACKAGE_STRING "PostgreSQL 16.6"
| #define PACKAGE_BUGREPORT "pgsql-bugs@lists.postgresql.org"
| #define PACKAGE_URL "https://www.postgresql.org/"
| #define CONFIGURE_ARGS " '--prefix=/home/james/csi3130_project-1/.pg16-install' '--without-icu'"
| #define PG_MAJORVERSION "16"
| #define PG_MAJORVERSION_NUM 16
| #define PG_MINORVERSION_NUM 6
| #define PG_VERSION "16.6"
| #define DEF_PGPORT 5432
| #define DEF_PGPORT_STR "5432"
| #define BLCKSZ 8192
| #define RELSEG_SIZE 131072
| #define XLOG_BLCKSZ 8192
| #define HAVE_VISIBILITY_ATTRIBUTE 1
| #define DLSUFFIX ".so"
| #define ENABLE_THREAD_SAFETY 1
| #define PG_KRB_SRVNAM "postgres"
| #define STDC_HEADERS 1
| #define HAVE_SYS_TYPES_H 1
| #define HAVE_SYS_STAT_H 1
| #define HAVE_STDLIB_H 1
| #define HAVE_STRING_H 1
| #define HAVE_MEMORY_H 1
| #define HAVE_STRINGS_H 1
| #define HAVE_INTTYPES_H 1
| #define HAVE_STDINT_H 1
| #define HAVE_UNISTD_H 1
| #define HAVE_PTHREAD_PRIO_INHERIT 1
| #define HAVE_PTHREAD 1
| #define HAVE_STRERROR_R 1
| #define HAVE_LIBM 1
| #define HAVE_LIBREADLINE 1
| #define HAVE_LIBZ 1
| #define HAVE_SPINLOCKS 1
| #define HAVE_ATOMICS 1
| #define HAVE__BOOL 1
| #define HAVE_STDBOOL_H 1
| #define HAVE_EXECINFO_H 1
| #define HAVE_GETOPT_H 1
| #define HAVE_IFADDRS_H 1
| #define HAVE_LANGINFO_H 1
| #define HAVE_SYS_EPOLL_H 1
| #define HAVE_SYS_PERSONALITY_H 1
| #define HAVE_SYS_PRCTL_H 1
| #define HAVE_SYS_SIGNALFD_H 1
| #define HAVE_TERMIOS_H 1
| #define HAVE_READLINE_READLINE_H 1
| #define HAVE_READLINE_HISTORY_H 1
| #define PG_PRINTF_ATTRIBUTE gnu_printf
| #define HAVE__STATIC_ASSERT 1
| #define HAVE_TYPEOF 1
| #define HAVE__BUILTIN_TYPES_COMPATIBLE_P 1
| #define HAVE__BUILTIN_CONSTANT_P 1
| #define HAVE__BUILTIN_UNREACHABLE 1
| #define HAVE_COMPUTED_GOTO 1
| #define HAVE_STRUCT_TM_TM_ZONE 1
| #define HAVE_SOCKLEN_T 1
| #define HAVE_LOCALE_T 1
| #define restrict __restrict
| #define pg_restrict __restrict
| #define HAVE_STRUCT_OPTION 1
| #define HAVE_X86_64_POPCNTQ 1
| #define SIZEOF_OFF_T 8
| #define SIZEOF_BOOL 1
| #define PG_USE_STDBOOL 1
| #define HAVE_INT_TIMEZONE 1
| #define HAVE_BACKTRACE_SYMBOLS 1
| #define HAVE_GETIFADDRS 1
| #define HAVE_INET_PTON 1
| #define HAVE_POSIX_FALLOCATE 1
| #define HAVE_PPOLL 1
| #define HAVE_STRCHRNUL 1
| #define HAVE_STRSIGNAL 1
| #define HAVE_SYNCFS 1
| #define HAVE_SYNC_FILE_RANGE 1
| #define HAVE_USELOCALE 1
| #define HAVE__BUILTIN_BSWAP16 1
| #define HAVE__BUILTIN_BSWAP32 1
| #define HAVE__BUILTIN_BSWAP64 1
| #define HAVE__BUILTIN_CLZ 1
| #define HAVE__BUILTIN_CTZ 1
| #define HAVE__BUILTIN_POPCOUNT 1
| #define HAVE__BUILTIN_FRAME_ADDRESS 1
| #define HAVE_FSEEKO 1
| #define HAVE_POSIX_FADVISE 1
| #define HAVE_DECL_POSIX_FADVISE 1
| #define HAVE_DECL_FDATASYNC 1
| #define HAVE_DECL_STRLCAT 0
| #define HAVE_DECL_STRLCPY 0
| #define HAVE_DECL_STRNLEN 1
| #define HAVE_DECL_PREADV 1
| #define HAVE_DECL_PWRITEV 1
| #define HAVE_DECL_F_FULLFSYNC 0
| #define HAVE_EXPLICIT_BZERO 1
| #define HAVE_GETOPT 1
| #define HAVE_INET_ATON 1
| #define HAVE_MKDTEMP 1
| #define HAVE_STRNLEN 1
| #define HAVE_PTHREAD_BARRIER_WAIT 1
| #define HAVE_GETOPT_LONG 1
| #define HAVE_SYSLOG 1
| #define HAVE_INT_OPTERR 1
| #define HAVE_RL_COMPLETION_SUPPRESS_QUOTE 1
| #define HAVE_RL_FILENAME_QUOTE_CHARACTERS 1
| #define HAVE_RL_FILENAME_QUOTING_FUNCTION 1
| #define HAVE_APPEND_HISTORY 1
| #define HAVE_HISTORY_TRUNCATE_FILE 1
| #define HAVE_RL_COMPLETION_MATCHES 1
| #define HAVE_RL_FILENAME_COMPLETION_FUNCTION 1
| #define HAVE_RL_RESET_SCREEN_SIZE 1
| #define HAVE_RL_VARIABLE_BIND 1
| #define HAVE_LONG_INT_64 1
| #define PG_INT64_TYPE long int
| #define INT64_MODIFIER "l"
| #define HAVE__BUILTIN_OP_OVERFLOW 1
| #define SIZEOF_VOID_P 8
| #define SIZEOF_SIZE_T 8
| #define SIZEOF_LONG 8
| #define ALIGNOF_SHORT 2
| #define ALIGNOF_INT 4
| #define ALIGNOF_LONG 8
| #define ALIGNOF_DOUBLE 8
| #define MAXIMUM_ALIGNOF 8
| #define PG_INT128_TYPE __int128
| #define ALIGNOF_PG_INT128_TYPE 16
| #define HAVE_GCC__SYNC_CHAR_TAS 1
| #define HAVE_GCC__SYNC_INT32_TAS 1
| #define HAVE_GCC__SYNC_INT32_CAS 1
| #define HAVE_GCC__SYNC_INT64_CAS 1
| #define HAVE_GCC__ATOMIC_INT32_CAS 1
| #define HAVE_GCC__ATOMIC_INT64_CAS 1
| #define HAVE__GET_CPUID 1
| /* end confdefs.h.  */
| #include <nmmintrin.h>
| int
| main ()
| {
| unsigned int crc = 0;
|    crc = _mm_crc32_u8(crc, 0);
|    crc = _mm_crc32_u32(crc, 0);
|    /* return computed value, to prevent the above being optimized away */
|    return crc == 0;
|   ;
|   return 0;
| }
configure:17971: result: no
configure:17979: checking for _mm_crc32_u8 and _mm_crc32_u32 with CFLAGS=-msse4.2
configure:18001: gcc -o conftest -Wall -Wmissing-prototypes -Wpointer-arith -Wdeclaration-after-statement -Werror=vla -Wendif-labels -Wmissing-format-attribute -Wimplicit-fallthrough=3 -Wcast-function-type -Wshadow=compatible-local -Wformat-security -fno-strict-aliasing -fwrapv -fexcess-precision=standard -Wno-format-truncation -Wno-stringop-truncation -O2 -msse4.2  -D_GNU_SOURCE    conftest.c -lz -lreadline -lm  >&5
configure:18001: $? = 0
configure:18010: result: yes
configure:18036: gcc -c -Wall -Wmissing-prototypes -Wpointer-arith -Wdeclaration-after-statement -Werror=vla -Wendif-labels -Wmissing-format-attribute -Wimplicit-fallthrough=3 -Wcast-function-type -Wshadow=compatible-local -Wformat-security -fno-strict-aliasing -fwrapv -fexcess-precision=standard -Wno-format-truncation -Wno-stringop-truncation -O2  -D_GNU_SOURCE  conftest.c >&5
conftest.c: In function 'main':
conftest.c:144:2: error: #error __SSE4_2__ not defined
  144 | #error __SSE4_2__ not defined
      |  ^~~~~
configure:18036: $? = 1
configure: failed program was:
| /* confdefs.h */
| #define PACKAGE_NAME "PostgreSQL"
| #define PACKAGE_TARNAME "postgresql"
| #define PACKAGE_VERSION "16.6"
| #define PACKAGE_STRING "PostgreSQL 16.6"
| #define PACKAGE_BUGREPORT "pgsql-bugs@lists.postgresql.org"
| #define PACKAGE_URL "https://www.postgresql.org/"
| #define CONFIGURE_ARGS " '--prefix=/home/james/csi3130_project-1/.pg16-install' '--without-icu'"
| #define PG_MAJORVERSION "16"
| #define PG_MAJORVERSION_NUM 16
| #define PG_MINORVERSION_NUM 6
| #define PG_VERSION "16.6"
| #define DEF_PGPORT 5432
| #define DEF_PGPORT_STR "5432"
| #define BLCKSZ 8192
| #define RELSEG_SIZE 131072
| #define XLOG_BLCKSZ 8192
| #define HAVE_VISIBILITY_ATTRIBUTE 1
| #define DLSUFFIX ".so"
| #define ENABLE_THREAD_SAFETY 1
| #define PG_KRB_SRVNAM "postgres"
| #define STDC_HEADERS 1
| #define HAVE_SYS_TYPES_H 1
| #define HAVE_SYS_STAT_H 1
| #define HAVE_STDLIB_H 1
| #define HAVE_STRING_H 1
| #define HAVE_MEMORY_H 1
| #define HAVE_STRINGS_H 1
| #define HAVE_INTTYPES_H 1
| #define HAVE_STDINT_H 1
| #define HAVE_UNISTD_H 1
| #define HAVE_PTHREAD_PRIO_INHERIT 1
| #define HAVE_PTHREAD 1
| #define HAVE_STRERROR_R 1
| #define HAVE_LIBM 1
| #define HAVE_LIBREADLINE 1
| #define HAVE_LIBZ 1
| #define HAVE_SPINLOCKS 1
| #define HAVE_ATOMICS 1
| #define HAVE__BOOL 1
| #define HAVE_STDBOOL_H 1
| #define HAVE_EXECINFO_H 1
| #define HAVE_GETOPT_H 1
| #define HAVE_IFADDRS_H 1
| #define HAVE_LANGINFO_H 1
| #define HAVE_SYS_EPOLL_H 1
| #define HAVE_SYS_PERSONALITY_H 1
| #define HAVE_SYS_PRCTL_H 1
| #define HAVE_SYS_SIGNALFD_H 1
| #define HAVE_TERMIOS_H 1
| #define HAVE_READLINE_READLINE_H 1
| #define HAVE_READLINE_HISTORY_H 1
| #define PG_PRINTF_ATTRIBUTE gnu_printf
| #define HAVE__STATIC_ASSERT 1
| #define HAVE_TYPEOF 1
| #define HAVE__BUILTIN_TYPES_COMPATIBLE_P 1
| #define HAVE__BUILTIN_CONSTANT_P 1
| #define HAVE__BUILTIN_UNREACHABLE 1
| #define HAVE_COMPUTED_GOTO 1
| #define HAVE_STRUCT_TM_TM_ZONE 1
| #define HAVE_SOCKLEN_T 1
| #define HAVE_LOCALE_T 1
| #define restrict __restrict
| #define pg_restrict __restrict
| #define HAVE_STRUCT_OPTION 1
| #define HAVE_X86_64_POPCNTQ 1
| #define SIZEOF_OFF_T 8
| #define SIZEOF_BOOL 1
| #define PG_USE_STDBOOL 1
| #define HAVE_INT_TIMEZONE 1
| #define HAVE_BACKTRACE_SYMBOLS 1
| #define HAVE_GETIFADDRS 1
| #define HAVE_INET_PTON 1
| #define HAVE_POSIX_FALLOCATE 1
| #define HAVE_PPOLL 1
| #define HAVE_STRCHRNUL 1
| #define HAVE_STRSIGNAL 1
| #define HAVE_SYNCFS 1
| #define HAVE_SYNC_FILE_RANGE 1
| #define HAVE_USELOCALE 1
| #define HAVE__BUILTIN_BSWAP16 1
| #define HAVE__BUILTIN_BSWAP32 1
| #define HAVE__BUILTIN_BSWAP64 1
| #define HAVE__BUILTIN_CLZ 1
| #define HAVE__BUILTIN_CTZ 1
| #define HAVE__BUILTIN_POPCOUNT 1
| #define HAVE__BUILTIN_FRAME_ADDRESS 1
| #define HAVE_FSEEKO 1
| #define HAVE_POSIX_FADVISE 1
| #define HAVE_DECL_POSIX_FADVISE 1
| #define HAVE_DECL_FDATASYNC 1
| #define HAVE_DECL_STRLCAT 0
| #define HAVE_DECL_STRLCPY 0
| #define HAVE_DECL_STRNLEN 1
| #define HAVE_DECL_PREADV 1
| #define HAVE_DECL_PWRITEV 1
| #define HAVE_DECL_F_FULLFSYNC 0
| #define HAVE_EXPLICIT_BZERO 1
| #define HAVE_GETOPT 1
| #define HAVE_INET_ATON 1
| #define HAVE_MKDTEMP 1
| #define HAVE_STRNLEN 1
| #define HAVE_PTHREAD_BARRIER_WAIT 1
| #define HAVE_GETOPT_LONG 1
| #define HAVE_SYSLOG 1
| #define HAVE_INT_OPTERR 1
| #define HAVE_RL_COMPLETION_SUPPRESS_QUOTE 1
| #define HAVE_RL_FILENAME_QUOTE_CHARACTERS 1
| #define HAVE_RL_FILENAME_QUOTING_FUNCTION 1
| #define HAVE_APPEND_HISTORY 1
| #define HAVE_HISTORY_TRUNCATE_FILE 1
| #define HAVE_RL_COMPLETION_MATCHES 1
| #define HAVE_RL_FILENAME_COMPLETION_FUNCTION 1
| #define HAVE_RL_RESET_SCREEN_SIZE 1
| #define HAVE_RL_VARIABLE_BIND 1
| #define HAVE_LONG_INT_64 1
| #define PG_INT64_TYPE long int
| #define INT64_MODIFIER "l"
| #define HAVE__BUILTIN_OP_OVERFLOW 1
| #define SIZEOF_VOID_P 8
| #define SIZEOF_SIZE_T 8
| #define SIZEOF_LONG 8
| #define ALIGNOF_SHORT 2
| #define ALIGNOF_INT 4
| #define ALIGNOF_LONG 8
| #define ALIGNOF_DOUBLE 8
| #define MAXIMUM_ALIGNOF 8
| #define PG_INT128_TYPE __int128
| #define ALIGNOF_PG_INT128_TYPE 16
| #define HAVE_GCC__SYNC_CHAR_TAS 1
| #define HAVE_GCC__SYNC_INT32_TAS 1
| #define HAVE_GCC__SYNC_INT32_CAS 1
| #define HAVE_GCC__SYNC_INT64_CAS 1
| #define HAVE_GCC__ATOMIC_INT32_CAS 1
| #define HAVE_GCC__ATOMIC_INT64_CAS 1
| #define HAVE__GET_CPUID 1
| /* end confdefs.h.  */
| 
| int
| main ()
| {
| 
| #ifndef __SSE4_2__
| #error __SSE4_2__ not defined
| #endif
| 
|   ;
|   return 0;
| }
configure:18046: checking for __crc32cb, __crc32ch, __crc32cw, and __crc32cd with CFLAGS=
configure:18070: gcc -o conftest -Wall -Wmissing-prototypes -Wpointer-arith -Wdeclaration-after-statement -Werror=vla -Wendif-labels -Wmissing-format-attribute -Wimplicit-fallthrough=3 -Wcast-function-type -Wshadow=compatible-local -Wformat-security -fno-strict-aliasing -fwrapv -fexcess-precision=standard -Wno-format-truncation -Wno-stringop-truncation -O2   -D_GNU_SOURCE    conftest.c -lz -lreadline -lm  >&5
conftest.c:138:10: fatal error: arm_acle.h: No such file or directory
  138 | #include <arm_acle.h>
      |          ^~~~~~~~~~~~
compilation terminated.
configure:18070: $? = 1
configure: failed program was:
| /* confdefs.h */
| #define PACKAGE_NAME "PostgreSQL"
| #define PACKAGE_TARNAME "postgresql"
| #define PACKAGE_VERSION "16.6"
| #define PACKAGE_STRING "PostgreSQL 16.6"
| #define PACKAGE_BUGREPORT "pgsql-bugs@lists.postgresql.org"
| #define PACKAGE_URL "https://www.postgresql.org/"
| #define CONFIGURE_ARGS " '--prefix=/home/james/csi3130_project-1/.pg16-install' '--without-icu'"
| #define PG_MAJORVERSION "16"
| #define PG_MAJORVERSION_NUM 16
| #define PG_MINORVERSION_NUM 6
| #define PG_VERSION "16.6"
| #define DEF_PGPORT 5432
| #define DEF_PGPORT_STR "5432"
| #define BLCKSZ 8192
| #define RELSEG_SIZE 131072
| #define XLOG_BLCKSZ 8192
| #define HAVE_VISIBILITY_ATTRIBUTE 1
| #define DLSUFFIX ".so"
| #define ENABLE_THREAD_SAFETY 1
| #define PG_KRB_SRVNAM "postgres"
| #define STDC_HEADERS 1
| #define HAVE_SYS_TYPES_H 1
| #define HAVE_SYS_STAT_H 1
| #define HAVE_STDLIB_H 1
| #define HAVE_STRING_H 1
| #define HAVE_MEMORY_H 1
| #define HAVE_STRINGS_H 1
| #define HAVE_INTTYPES_H 1
| #define HAVE_STDINT_H 1
| #define HAVE_UNISTD_H 1
| #define HAVE_PTHREAD_PRIO_INHERIT 1
| #define HAVE_PTHREAD 1
| #define HAVE_STRERROR_R 1
| #define HAVE_LIBM 1
| #define HAVE_LIBREADLINE 1
| #define HAVE_LIBZ 1
| #define HAVE_SPINLOCKS 1
| #define HAVE_ATOMICS 1
| #define HAVE__BOOL 1
| #define HAVE_STDBOOL_H 1
| #define HAVE_EXECINFO_H 1
| #define HAVE_GETOPT_H 1
| #define HAVE_IFADDRS_H 1
| #define HAVE_LANGINFO_H 1
| #define HAVE_SYS_EPOLL_H 1
| #define HAVE_SYS_PERSONALITY_H 1
| #define HAVE_SYS_PRCTL_H 1
| #define HAVE_SYS_SIGNALFD_H 1
| #define HAVE_TERMIOS_H 1
| #define HAVE_READLINE_READLINE_H 1
| #define HAVE_READLINE_HISTORY_H 1
| #define PG_PRINTF_ATTRIBUTE gnu_printf
| #define HAVE__STATIC_ASSERT 1
| #define HAVE_TYPEOF 1
| #define HAVE__BUILTIN_TYPES_COMPATIBLE_P 1
| #define HAVE__BUILTIN_CONSTANT_P 1
| #define HAVE__BUILTIN_UNREACHABLE 1
| #define HAVE_COMPUTED_GOTO 1
| #define HAVE_STRUCT_TM_TM_ZONE 1
| #define HAVE_SOCKLEN_T 1
| #define HAVE_LOCALE_T 1
| #define restrict __restrict
| #define pg_restrict __restrict
| #define HAVE_STRUCT_OPTION 1
| #define HAVE_X86_64_POPCNTQ 1
| #define SIZEOF_OFF_T 8
| #define SIZEOF_BOOL 1
| #define PG_USE_STDBOOL 1
| #define HAVE_INT_TIMEZONE 1
| #define HAVE_BACKTRACE_SYMBOLS 1
| #define HAVE_GETIFADDRS 1
| #define HAVE_INET_PTON 1
| #define HAVE_POSIX_FALLOCATE 1
| #define HAVE_PPOLL 1
| #define HAVE_STRCHRNUL 1
| #define HAVE_STRSIGNAL 1
| #define HAVE_SYNCFS 1
| #define HAVE_SYNC_FILE_RANGE 1
| #define HAVE_USELOCALE 1
| #define HAVE__BUILTIN_BSWAP16 1
| #define HAVE__BUILTIN_BSWAP32 1
| #define HAVE__BUILTIN_BSWAP64 1
| #define HAVE__BUILTIN_CLZ 1
| #define HAVE__BUILTIN_CTZ 1
| #define HAVE__BUILTIN_POPCOUNT 1
| #define HAVE__BUILTIN_FRAME_ADDRESS 1
| #define HAVE_FSEEKO 1
| #define HAVE_POSIX_FADVISE 1
| #define HAVE_DECL_POSIX_FADVISE 1
| #define HAVE_DECL_FDATASYNC 1
| #define HAVE_DECL_STRLCAT 0
| #define HAVE_DECL_STRLCPY 0
| #define HAVE_DECL_STRNLEN 1
| #define HAVE_DECL_PREADV 1
| #define HAVE_DECL_PWRITEV 1
| #define HAVE_DECL_F_FULLFSYNC 0
| #define HAVE_EXPLICIT_BZERO 1
| #define HAVE_GETOPT 1
| #define HAVE_INET_ATON 1
| #define HAVE_MKDTEMP 1
| #define HAVE_STRNLEN 1
| #define HAVE_PTHREAD_BARRIER_WAIT 1
| #define HAVE_GETOPT_LONG 1
| #define HAVE_SYSLOG 1
| #define HAVE_INT_OPTERR 1
| #define HAVE_RL_COMPLETION_SUPPRESS_QUOTE 1
| #define HAVE_RL_FILENAME_QUOTE_CHARACTERS 1
| #define HAVE_RL_FILENAME_QUOTING_FUNCTION 1
| #define HAVE_APPEND_HISTORY 1
| #define HAVE_HISTORY_TRUNCATE_FILE 1
| #define HAVE_RL_COMPLETION_MATCHES 1
| #define HAVE_RL_FILENAME_COMPLETION_FUNCTION 1
| #define HAVE_RL_RESET_SCREEN_SIZE 1
| #define HAVE_RL_VARIABLE_BIND 1
| #define HAVE_LONG_INT_64 1
| #define PG_INT64_TYPE long int
| #define INT64_MODIFIER "l"
| #define HAVE__BUILTIN_OP_OVERFLOW 1
| #define SIZEOF_VOID_P 8
| #define SIZEOF_SIZE_T 8
| #define SIZEOF_LONG 8
| #define ALIGNOF_SHORT 2
| #define ALIGNOF_INT 4
| #define ALIGNOF_LONG 8
| #define ALIGNOF_DOUBLE 8
| #define MAXIMUM_ALIGNOF 8
| #define PG_INT128_TYPE __int128
| #define ALIGNOF_PG_INT128_TYPE 16
| #define HAVE_GCC__SYNC_CHAR_TAS 1
| #define HAVE_GCC__SYNC_INT32_TAS 1
| #define HAVE_GCC__SYNC_INT32_CAS 1
| #define HAVE_GCC__SYNC_INT64_CAS 1
| #define HAVE_GCC__ATOMIC_INT32_CAS 1
| #define HAVE_GCC__ATOMIC_INT64_CAS 1
| #define HAVE__GET_CPUID 1
| /* end confdefs.h.  */
| #include <arm_acle.h>
| int
| main ()
| {
| unsigned int crc = 0;
|    crc = __crc32cb(crc, 0);
|    crc = __crc32ch(crc, 0);
|    crc = __crc32cw(crc, 0);
|    crc = __crc32cd(crc, 0);
|    /* return computed value, to prevent the above being optimized away */
|    return crc == 0;
|   ;
|   return 0;
| }
configure:18079: result: no
configure:18087: checking for __crc32cb, __crc32ch, __crc32cw, and __crc32cd with CFLAGS=-march=armv8-a+crc
configure:18111: gcc -o conftest -Wall -Wmissing-prototypes -Wpointer-arith -Wdeclaration-after-statement -Werror=vla -Wendif-labels -Wmissing-format-attribute -Wimplicit-fallthrough=3 -Wcast-function-type -Wshadow=compatible-local -Wformat-security -fno-strict-aliasing -fwrapv -fexcess-precision=standard -Wno-format-truncation -Wno-stringop-truncation -O2 -march=armv8-a+crc  -D_GNU_SOURCE    conftest.c -lz -lreadline -lm  >&5
cc1: error: bad value ('armv8-a+crc') for '-march=' switch
cc1: note: valid arguments to '-march=' switch are: nocona core2 nehalem corei7 westmere sandybridge corei7-avx ivybridge core-avx-i haswell core-avx2 broadwell skylake skylake-avx512 cannonlake icelake-client rocketlake icelake-server cascadelake tigerlake cooperlake sapphirerapids alderlake bonnell atom silvermont slm goldmont goldmont-plus tremont knl knm x86-64 x86-64-v2 x86-64-v3 x86-64-v4 eden-x2 nano nano-1000 nano-2000 nano-3000 nano-x2 eden-x4 nano-x4 k8 k8-sse3 opteron opteron-sse3 athlon64 athlon64-sse3 athlon-fx amdfam10 barcelona bdver1 bdver2 bdver3 bdver4 znver1 znver2 znver3 btver1 btver2 native
configure:18111: $? = 1
configure: failed program was:
| /* confdefs.h */
| #define PACKAGE_NAME "PostgreSQL"
| #define PACKAGE_TARNAME "postgresql"
| #define PACKAGE_VERSION "16.6"
| #define PACKAGE_STRING "PostgreSQL 16.6"
| #define PACKAGE_BUGREPORT "pgsql-bugs@lists.postgresql.org"
| #define PACKAGE_URL "https://www.postgresql.org/"
| #define CONFIGURE_ARGS " '--prefix=/home/james/csi3130_project-1/.pg16-install' '--without-icu'"
| #define PG_MAJORVERSION "16"
| #define PG_MAJORVERSION_NUM 16
| #define PG_MINORVERSION_NUM 6
| #define PG_VERSION "16.6"
| #define DEF_PGPORT 5432
| #define DEF_PGPORT_STR "5432"
| #define BLCKSZ 8192
| #define RELSEG_SIZE 131072
| #define XLOG_BLCKSZ 8192
| #define HAVE_VISIBILITY_ATTRIBUTE 1
| #define DLSUFFIX ".so"
| #define ENABLE_THREAD_SAFETY 1
| #define PG_KRB_SRVNAM "postgres"
| #define STDC_HEADERS 1
| #define HAVE_SYS_TYPES_H 1
| #define HAVE_SYS_STAT_H 1
| #define HAVE_STDLIB_H 1
| #define HAVE_STRING_H 1
| #define HAVE_MEMORY_H 1
| #define HAVE_STRINGS_H 1
| #define HAVE_INTTYPES_H 1
| #define HAVE_STDINT_H 1
| #define HAVE_UNISTD_H 1
| #define HAVE_PTHREAD_PRIO_INHERIT 1
| #define HAVE_PTHREAD 1
| #define HAVE_STRERROR_R 1
| #define HAVE_LIBM 1
| #define HAVE_LIBREADLINE 1
| #define HAVE_LIBZ 1
| #define HAVE_SPINLOCKS 1
| #define HAVE_ATOMICS 1
| #define HAVE__BOOL 1
| #define HAVE_STDBOOL_H 1
| #define HAVE_EXECINFO_H 1
| #define HAVE_GETOPT_H 1
| #define HAVE_IFADDRS_H 1
| #define HAVE_LANGINFO_H 1
| #define HAVE_SYS_EPOLL_H 1
| #define HAVE_SYS_PERSONALITY_H 1
| #define HAVE_SYS_PRCTL_H 1
| #define HAVE_SYS_SIGNALFD_H 1
| #define HAVE_TERMIOS_H 1
| #define HAVE_READLINE_READLINE_H 1
| #define HAVE_READLINE_HISTORY_H 1
| #define PG_PRINTF_ATTRIBUTE gnu_printf
| #define HAVE__STATIC_ASSERT 1
| #define HAVE_TYPEOF 1
| #define HAVE__BUILTIN_TYPES_COMPATIBLE_P 1
| #define HAVE__BUILTIN_CONSTANT_P 1
| #define HAVE__BUILTIN_UNREACHABLE 1
| #define HAVE_COMPUTED_GOTO 1
| #define HAVE_STRUCT_TM_TM_ZONE 1
| #define HAVE_SOCKLEN_T 1
| #define HAVE_LOCALE_T 1
| #define restrict __restrict
| #define pg_restrict __restrict
| #define HAVE_STRUCT_OPTION 1
| #define HAVE_X86_64_POPCNTQ 1
| #define SIZEOF_OFF_T 8
| #define SIZEOF_BOOL 1
| #define PG_USE_STDBOOL 1
| #define HAVE_INT_TIMEZONE 1
| #define HAVE_BACKTRACE_SYMBOLS 1
| #define HAVE_GETIFADDRS 1
| #define HAVE_INET_PTON 1
| #define HAVE_POSIX_FALLOCATE 1
| #define HAVE_PPOLL 1
| #define HAVE_STRCHRNUL 1
| #define HAVE_STRSIGNAL 1
| #define HAVE_SYNCFS 1
| #define HAVE_SYNC_FILE_RANGE 1
| #define HAVE_USELOCALE 1
| #define HAVE__BUILTIN_BSWAP16 1
| #define HAVE__BUILTIN_BSWAP32 1
| #define HAVE__BUILTIN_BSWAP64 1
| #define HAVE__BUILTIN_CLZ 1
| #define HAVE__BUILTIN_CTZ 1
| #define HAVE__BUILTIN_POPCOUNT 1
| #define HAVE__BUILTIN_FRAME_ADDRESS 1
| #define HAVE_FSEEKO 1
| #define HAVE_POSIX_FADVISE 1
| #define HAVE_DECL_POSIX_FADVISE 1
| #define HAVE_DECL_FDATASYNC 1
| #define HAVE_DECL_STRLCAT 0
| #define HAVE_DECL_STRLCPY 0
| #define HAVE_DECL_STRNLEN 1
| #define HAVE_DECL_PREADV 1
| #define HAVE_DECL_PWRITEV 1
| #define HAVE_DECL_F_FULLFSYNC 0
| #define HAVE_EXPLICIT_BZERO 1
| #define HAVE_GETOPT 1
| #define HAVE_INET_ATON 1
| #define HAVE_MKDTEMP 1
| #define HAVE_STRNLEN 1
| #define HAVE_PTHREAD_BARRIER_WAIT 1
| #define HAVE_GETOPT_LONG 1
| #define HAVE_SYSLOG 1
| #define HAVE_INT_OPTERR 1
| #define HAVE_RL_COMPLETION_SUPPRESS_QUOTE 1
| #define HAVE_RL_FILENAME_QUOTE_CHARACTERS 1
| #define HAVE_RL_FILENAME_QUOTING_FUNCTION 1
| #define HAVE_APPEND_HISTORY 1
| #define HAVE_HISTORY_TRUNCATE_FILE 1
| #define HAVE_RL_COMPLETION_MATCHES 1
| #define HAVE_RL_FILENAME_COMPLETION_FUNCTION 1
| #define HAVE_RL_RESET_SCREEN_SIZE 1
| #define HAVE_RL_VARIABLE_BIND 1
| #define HAVE_LONG_INT_64 1
| #define PG_INT64_TYPE long int
| #define INT64_MODIFIER "l"
| #define HAVE__BUILTIN_OP_OVERFLOW 1
| #define SIZEOF_VOID_P 8
| #define SIZEOF_SIZE_T 8
| #define SIZEOF_LONG 8
| #define ALIGNOF_SHORT 2
| #define ALIGNOF_INT 4
| #define ALIGNOF_LONG 8
| #define ALIGNOF_DOUBLE 8
| #define MAXIMUM_ALIGNOF 8
| #define PG_INT128_TYPE __int128
| #define ALIGNOF_PG_INT128_TYPE 16
| #define HAVE_GCC__SYNC_CHAR_TAS 1
| #define HAVE_GCC__SYNC_INT32_TAS 1
| #define HAVE_GCC__SYNC_INT32_CAS 1
| #define HAVE_GCC__SYNC_INT64_CAS 1
| #define HAVE_GCC__ATOMIC_INT32_CAS 1
| #define HAVE_GCC__ATOMIC_INT64_CAS 1
| #define HAVE__GET_CPUID 1
| /* end confdefs.h.  */
| #include <arm_acle.h>
| int
| main ()
| {
| unsigned int crc = 0;
|    crc = __crc32cb(crc, 0);
|    crc = __crc32ch(crc, 0);
|    crc = __crc32cw(crc, 0);
|    crc = __crc32cd(crc, 0);
|    /* return computed value, to prevent the above being optimized away */
|    return crc == 0;
|   ;
|   return 0;
| }
configure:18120: result: no
configure:18175: checking which CRC-32C implementation to use
configure:18190: result: SSE 4.2 with runtime check
configure:18285: checking for library containing sem_init
configure:18316: gcc -o conftest -Wall -Wmissing-prototypes -Wpointer-arith -Wdeclaration-after-statement -Werror=vla -Wendif-labels -Wmissing-format-attribute -Wimplicit-fallthrough=3 -Wcast-function-type -Wshadow=compatible-local -Wformat-security -fno-strict-aliasing -fwrapv -fexcess-precision=standard -Wno-format-truncation -Wno-stringop-truncation -O2  -D_GNU_SOURCE    conftest.c -lz -lreadline -lm  >&5
configure:18316: $? = 0
configure:18333: result: none required
configure:18342: checking which semaphore API to use
configure:18365: result: unnamed POSIX
configure:18391: checking which random number source to use
configure:18403: result: /dev/urandom
configure:18405: checking for /dev/urandom
configure:18418: result: yes
configure:18891: checking for xmllint
configure:18924: result: no
configure:18945: checking for xsltproc
configure:18978: result: no
configure:18999: checking for fop
configure:19032: result: no
configure:19053: checking for dbtoepub
configure:19086: result: no
configure:19278: checking whether gcc supports -Wl,--as-needed, for LDFLAGS
configure:19299: gcc -o conftest -Wall -Wmissing-prototypes -Wpointer-arith -Wdeclaration-after-statement -Werror=vla -Wendif-labels -Wmissing-format-attribute -Wimplicit-fallthrough=3 -Wcast-function-type -Wshadow=compatible-local -Wformat-security -fno-strict-aliasing -fwrapv -fexcess-precision=standard -Wno-format-truncation -Wno-stringop-truncation -O2  -D_GNU_SOURCE    -Wl,--as-needed conftest.c -lz -lreadline -lm  >&5
configure:19299: $? = 0
configure:19299: ./conftest
configure:19299: $? = 0
configure:19310: result: yes
configure:19322: checking whether gcc supports -Wl,--export-dynamic, for LDFLAGS_EX_BE
configure:19343: gcc -o conftest -Wall -Wmissing-prototypes -Wpointer-arith -Wdeclaration-after-statement -Werror=vla -Wendif-labels -Wmissing-format-attribute -Wimplicit-fallthrough=3 -Wcast-function-type -Wshadow=compatible-local -Wformat-security -fno-strict-aliasing -fwrapv -fexcess-precision=standard -Wno-format-truncation -Wno-stringop-truncation -O2  -D_GNU_SOURCE    -Wl,--as-needed -Wl,--export-dynamic conftest.c -lz -lreadline -lm  >&5
configure:19343: $? = 0
configure:19343: ./conftest
configure:19343: $? = 0
configure:19354: result: yes
configure:19403: using compiler=gcc (Ubuntu 11.4.0-1ubuntu1~22.04.3) 11.4.0
configure:19405: using CFLAGS=-Wall -Wmissing-prototypes -Wpointer-arith -Wdeclaration-after-statement -Werror=vla -Wendif-labels -Wmissing-format-attribute -Wimplicit-fallthrough=3 -Wcast-function-type -Wshadow=compatible-local -Wformat-security -fno-strict-aliasing -fwrapv -fexcess-precision=standard -Wno-format-truncation -Wno-stringop-truncation -O2
configure:19407: using CPPFLAGS= -D_GNU_SOURCE 
configure:19409: using LDFLAGS=  -Wl,--as-needed
configure:19572: creating ./config.status

## ---------------------- ##
## Running config.status. ##
## ---------------------- ##

This file was extended by PostgreSQL config.status 16.6, which was
generated by GNU Autoconf 2.69.  Invocation command line was

  CONFIG_FILES    = 
  CONFIG_HEADERS  = 
  CONFIG_LINKS    = 
  CONFIG_COMMANDS = 
  $ ./config.status 

on JamesTLaptop

config.status:1094: creating GNUmakefile
config.status:1094: creating src/Makefile.global
config.status:1094: creating src/include/pg_config.h
config.status:1094: creating src/include/pg_config_ext.h
config.status:1094: creating src/interfaces/ecpg/include/ecpg_config.h
config.status:1301: linking src/backend/port/tas/dummy.s to src/backend/port/tas.s
config.status:1301: linking src/backend/port/posix_sema.c to src/backend/port/pg_sema.c
config.status:1301: linking src/backend/port/sysv_shmem.c to src/backend/port/pg_shmem.c
config.status:1301: linking src/include/port/linux.h to src/include/pg_config_os.h
config.status:1301: linking src/makefiles/Makefile.linux to src/Makefile.port

## ---------------- ##
## Cache variables. ##
## ---------------- ##

ac_cv_alignof_PG_INT128_TYPE=16
ac_cv_alignof_double=8
ac_cv_alignof_int=4
ac_cv_alignof_long=8
ac_cv_alignof_short=2
ac_cv_build=x86_64-pc-linux-gnu
ac_cv_c_bigendian=no
ac_cv_c_compiler_gnu=yes
ac_cv_c_decl_report=error
ac_cv_c_inline=inline
ac_cv_c_restrict=__restrict
ac_cv_cxx_compiler_gnu=yes
ac_cv_env_CCC_set=
ac_cv_env_CCC_value=
ac_cv_env_CC_set=
ac_cv_env_CC_value=
ac_cv_env_CFLAGS_set=
ac_cv_env_CFLAGS_value=
ac_cv_env_CLANG_set=
ac_cv_env_CLANG_value=
ac_cv_env_CPPFLAGS_set=
ac_cv_env_CPPFLAGS_value=
ac_cv_env_CPP_set=
ac_cv_env_CPP_value=
ac_cv_env_CXXFLAGS_set=
ac_cv_env_CXXFLAGS_value=
ac_cv_env_CXX_set=
ac_cv_env_CXX_value=
ac_cv_env_ICU_CFLAGS_set=
ac_cv_env_ICU_CFLAGS_value=
ac_cv_env_ICU_LIBS_set=
ac_cv_env_ICU_LIBS_value=
ac_cv_env_LDFLAGS_EX_set=
ac_cv_env_LDFLAGS_EX_value=
ac_cv_env_LDFLAGS_SL_set=
ac_cv_env_LDFLAGS_SL_value=
ac_cv_env_LDFLAGS_set=
ac_cv_env_LDFLAGS_value=
ac_cv_env_LIBS_set=
ac_cv_env_LIBS_value=
ac_cv_env_LLVM_CONFIG_set=
ac_cv_env_LLVM_CONFIG_value=
ac_cv_env_LZ4_CFLAGS_set=
ac_cv_env_LZ4_CFLAGS_value=
ac_cv_env_LZ4_LIBS_set=
ac_cv_env_LZ4_LIBS_value=
ac_cv_env_MSGFMT_set=
ac_cv_env_MSGFMT_value=
ac_cv_env_PERL_set=
ac_cv_env_PERL_value=
ac_cv_env_PKG_CONFIG_LIBDIR_set=
ac_cv_env_PKG_CONFIG_LIBDIR_value=
ac_cv_env_PKG_CONFIG_PATH_set=
ac_cv_env_PKG_CONFIG_PATH_value=
ac_cv_env_PKG_CONFIG_set=
ac_cv_env_PKG_CONFIG_value=
ac_cv_env_PYTHON_set=
ac_cv_env_PYTHON_value=
ac_cv_env_TCLSH_set=
ac_cv_env_TCLSH_value=
ac_cv_env_XML2_CFLAGS_set=
ac_cv_env_XML2_CFLAGS_value=
ac_cv_env_XML2_CONFIG_set=
ac_cv_env_XML2_CONFIG_value=
ac_cv_env_XML2_LIBS_set=
ac_cv_env_XML2_LIBS_value=
ac_cv_env_ZSTD_CFLAGS_set=
ac_cv_env_ZSTD_CFLAGS_value=
ac_cv_env_ZSTD_LIBS_set=
ac_cv_env_ZSTD_LIBS_value=
ac_cv_env_build_alias_set=
ac_cv_env_build_alias_value=
ac_cv_env_host_alias_set=
ac_cv_env_host_alias_value=
ac_cv_env_target_alias_set=
ac_cv_env_target_alias_value=
ac_cv_file__dev_urandom=yes
ac_cv_func_append_history=yes
ac_cv_func_backtrace_symbols=yes
ac_cv_func_copyfile=no
ac_cv_func_explicit_bzero=yes
ac_cv_func_getifaddrs=yes
ac_cv_func_getopt=yes
ac_cv_func_getopt_long=yes
ac_cv_func_getpeereid=no
ac_cv_func_getpeerucred=no
ac_cv_func_history_truncate_file=yes
ac_cv_func_inet_aton=yes
ac_cv_func_inet_pton=yes
ac_cv_func_kqueue=no
ac_cv_func_mbstowcs_l=no
ac_cv_func_memset_s=no
ac_cv_func_mkdtemp=yes
ac_cv_func_posix_fadvise=yes
ac_cv_func_posix_fallocate=yes
ac_cv_func_ppoll=yes
ac_cv_func_pthread_barrier_wait=yes
ac_cv_func_pthread_is_threaded_np=no
ac_cv_func_rl_completion_matches=yes
ac_cv_func_rl_filename_completion_function=yes
ac_cv_func_rl_reset_screen_size=yes
ac_cv_func_rl_variable_bind=yes
ac_cv_func_setproctitle=no
ac_cv_func_setproctitle_fast=no
ac_cv_func_strchrnul=yes
ac_cv_func_strerror_r=yes
ac_cv_func_strlcat=no
ac_cv_func_strlcpy=no
ac_cv_func_strnlen=yes
ac_cv_func_strsignal=yes
ac_cv_func_sync_file_range=yes
ac_cv_func_syncfs=yes
ac_cv_func_syslog=yes
ac_cv_func_uselocale=yes
ac_cv_func_wcstombs_l=no
ac_cv_have_decl_F_FULLFSYNC=no
ac_cv_have_decl_fdatasync=yes
ac_cv_have_decl_posix_fadvise=yes
ac_cv_have_decl_preadv=yes
ac_cv_have_decl_pwritev=yes
ac_cv_have_decl_strlcat=no
ac_cv_have_decl_strlcpy=no
ac_cv_have_decl_strnlen=yes
ac_cv_header_atomic_h=no
ac_cv_header_copyfile_h=no
ac_cv_header_execinfo_h=yes
ac_cv_header_getopt_h=yes
ac_cv_header_ifaddrs_h=yes
ac_cv_header_inttypes_h=yes
ac_cv_header_langinfo_h=yes
ac_cv_header_mbarrier_h=no
ac_cv_header_memory_h=yes
ac_cv_header_pthread_h=yes
ac_cv_header_readline_history_h=yes
ac_cv_header_readline_readline_h=yes
ac_cv_header_stdbool_h=yes
ac_cv_header_stdc=yes
ac_cv_header_stdint_h=yes
ac_cv_header_stdlib_h=yes
ac_cv_header_string_h=yes
ac_cv_header_strings_h=yes
ac_cv_header_sys_epoll_h=yes
ac_cv_header_sys_event_h=no
ac_cv_header_sys_personality_h=yes
ac_cv_header_sys_prctl_h=yes
ac_cv_header_sys_procctl_h=no
ac_cv_header_sys_signalfd_h=yes
ac_cv_header_sys_stat_h=yes
ac_cv_header_sys_types_h=yes
ac_cv_header_sys_ucred_h=no
ac_cv_header_syslog_h=yes
ac_cv_header_termios_h=yes
ac_cv_header_ucred_h=no
ac_cv_header_unistd_h=yes
ac_cv_header_zlib_h=yes
ac_cv_host=x86_64-pc-linux-gnu
ac_cv_lib_m_main=yes
ac_cv_lib_z_inflate=yes
ac_cv_member_struct_sockaddr_sa_len=no
ac_cv_member_struct_tm_tm_zone=yes
ac_cv_objext=o
ac_cv_path_BISON=/usr/bin/bison
ac_cv_path_EGREP='/usr/bin/grep -E'
ac_cv_path_GREP=/usr/bin/grep
ac_cv_path_OPENSSL=/usr/bin/openssl
ac_cv_path_PERL=/usr/bin/perl
ac_cv_path_SED=/usr/bin/sed
ac_cv_path_TAR=/usr/bin/tar
ac_cv_path_install='/usr/bin/install -c'
ac_cv_path_mkdir=/usr/bin/mkdir
ac_cv_prog_AWK=gawk
ac_cv_prog_CPP='gcc -E'
ac_cv_prog_ac_ct_AR=ar
ac_cv_prog_ac_ct_CC=gcc
ac_cv_prog_ac_ct_CXX=g++
ac_cv_prog_ac_ct_STRIP=strip
ac_cv_prog_cc_c89=
ac_cv_prog_cc_c99=
ac_cv_prog_cc_g=yes
ac_cv_prog_cxx_g=yes
ac_cv_search_backtrace_symbols='none required'
ac_cv_search_clock_gettime='none required'
ac_cv_search_dlsym='none required'
ac_cv_search_fdatasync='none required'
ac_cv_search_getopt_long='none required'
ac_cv_search_pthread_barrier_wait='none required'
ac_cv_search_sem_init='none required'
ac_cv_search_setproctitle=no
ac_cv_search_shm_open='none required'
ac_cv_search_shm_unlink='none required'
ac_cv_search_shmget='none required'
ac_cv_search_socket='none required'
ac_cv_sizeof_bool=1
ac_cv_sizeof_long=8
ac_cv_sizeof_off_t=8
ac_cv_sizeof_size_t=8
ac_cv_sizeof_void_p=8
ac_cv_sys_file_offset_bits=no
ac_cv_sys_largefile_CC=no
ac_cv_sys_largefile_source=no
ac_cv_type__Bool=yes
ac_cv_type_int64=no
ac_cv_type_int8=no
ac_cv_type_socklen_t=yes
ac_cv_type_struct_option=yes
ac_cv_type_uint64=no
ac_cv_type_uint8=no
ac_cv_type_union_semun=no
ac_cv_type_z_streamp=yes
ax_cv_PTHREAD_CLANG=no
ax_cv_PTHREAD_JOINABLE_ATTR=PTHREAD_CREATE_JOINABLE
ax_cv_PTHREAD_PRIO_INHERIT=yes
ax_cv_PTHREAD_SPECIAL_FLAGS=no
pgac_cv__128bit_int=yes
pgac_cv__128bit_int_bug=ok
pgac_cv__builtin_bswap16=yes
pgac_cv__builtin_bswap32=yes
pgac_cv__builtin_bswap64=yes
pgac_cv__builtin_clz=yes
pgac_cv__builtin_constant_p=yes
pgac_cv__builtin_ctz=yes
pgac_cv__builtin_frame_address=yes
pgac_cv__builtin_op_overflow=yes
pgac_cv__builtin_popcount=yes
pgac_cv__builtin_unreachable=yes
pgac_cv__cpuid=no
pgac_cv__get_cpuid=yes
pgac_cv__static_assert=yes
pgac_cv__types_compatible=yes
pgac_cv_armv8_crc32c_intrinsics_=no
pgac_cv_armv8_crc32c_intrinsics__march_armv8_apcrc=no
pgac_cv_c_typeof=typeof
pgac_cv_check_readline=-lreadline
pgac_cv_computed_goto=yes
pgac_cv_func_strerror_r_int=no
pgac_cv_func_wcstombs_l=no
pgac_cv_gcc_atomic_int32_cas=yes
pgac_cv_gcc_atomic_int64_cas=yes
pgac_cv_gcc_sync_char_tas=yes
pgac_cv_gcc_sync_int32_cas=yes
pgac_cv_gcc_sync_int32_tas=yes
pgac_cv_gcc_sync_int64_cas=yes
pgac_cv_have_x86_64_popcntq=yes
pgac_cv_path_flex=/usr/bin/flex
pgac_cv_printf_archetype=gnu_printf
pgac_cv_prog_CC_cflags__Wcast_function_type=yes
pgac_cv_prog_CC_cflags__Wcast_function_type_strict=no
pgac_cv_prog_CC_cflags__Wcompound_token_split_by_macro=no
pgac_cv_prog_CC_cflags__Wdeclaration_after_statement=yes
pgac_cv_prog_CC_cflags__Wendif_labels=yes
pgac_cv_prog_CC_cflags__Werror_unguarded_availability_new=no
pgac_cv_prog_CC_cflags__Werror_vla=yes
pgac_cv_prog_CC_cflags__Wformat_security=yes
pgac_cv_prog_CC_cflags__Wformat_truncation=yes
pgac_cv_prog_CC_cflags__Wimplicit_fallthrough_3=yes
pgac_cv_prog_CC_cflags__Wmissing_format_attribute=yes
pgac_cv_prog_CC_cflags__Wshadow_compatible_local=yes
pgac_cv_prog_CC_cflags__Wstringop_truncation=yes
pgac_cv_prog_CC_cflags__Wunused_command_line_argument=no
pgac_cv_prog_CC_cflags__fexcess_precision_standard=yes
pgac_cv_prog_CC_cflags__fno_strict_aliasing=yes
pgac_cv_prog_CC_cflags__ftree_vectorize=yes
pgac_cv_prog_CC_cflags__funroll_loops=yes
pgac_cv_prog_CC_cflags__fvisibility_hidden=yes
pgac_cv_prog_CC_cflags__fwrapv=yes
pgac_cv_prog_CXX_cxxflags__Wcast_function_type=yes
pgac_cv_prog_CXX_cxxflags__Wendif_labels=yes
pgac_cv_prog_CXX_cxxflags__Werror_unguarded_availability_new=no
pgac_cv_prog_CXX_cxxflags__Wformat_security=yes
pgac_cv_prog_CXX_cxxflags__Wimplicit_fallthrough_3=yes
pgac_cv_prog_CXX_cxxflags__Wmissing_format_attribute=yes
pgac_cv_prog_CXX_cxxflags__Wshadow_compatible_local=yes
pgac_cv_prog_CXX_cxxflags__fexcess_precision_standard=no
pgac_cv_prog_CXX_cxxflags__fno_strict_aliasing=yes
pgac_cv_prog_CXX_cxxflags__fvisibility_hidden=yes
pgac_cv_prog_CXX_cxxflags__fvisibility_inlines_hidden=yes
pgac_cv_prog_CXX_cxxflags__fwrapv=yes
pgac_cv_prog_cc_LDFLAGS_EX_BE__Wl___export_dynamic=yes
pgac_cv_prog_cc_LDFLAGS__Wl___as_needed=yes
pgac_cv_sse42_crc32_intrinsics_=no
pgac_cv_sse42_crc32_intrinsics__msse4_2=yes
pgac_cv_type_locale_t=yes
pgac_cv_type_long_int_64=yes
pgac_cv_var_int_opterr=yes
pgac_cv_var_int_optreset=no
pgac_cv_var_int_timezone=yes
pgac_cv_var_rl_completion_suppress_quote=yes
pgac_cv_var_rl_filename_quote_characters=yes
pgac_cv_var_rl_filename_quoting_function=yes

## ----------------- ##
## Output variables. ##
## ----------------- ##

AR='ar'
AWK='gawk'
BISON='/usr/bin/bison'
BISONFLAGS=' -Wno-deprecated'
BITCODE_CFLAGS=' -O2 '
BITCODE_CXXFLAGS=' -O2 '
CC='gcc'
CFLAGS='-Wall -Wmissing-prototypes -Wpointer-arith -Wdeclaration-after-statement -Werror=vla -Wendif-labels -Wmissing-format-attribute -Wimplicit-fallthrough=3 -Wcast-function-type -Wshadow=compatible-local -Wformat-security -fno-strict-aliasing -fwrapv -fexcess-precision=standard -Wno-format-truncation -Wno-stringop-truncation -O2'
CFLAGS_CRC='-msse4.2'
CFLAGS_SL='-fPIC'
CFLAGS_SL_MODULE=' -fvisibility=hidden'
CFLAGS_UNROLL_LOOPS=' -funroll-loops'
CFLAGS_VECTORIZE=' -ftree-vectorize'
CLANG=''
CPP='gcc -E'
CPPFLAGS=' -D_GNU_SOURCE '
CXX='g++'
CXXFLAGS='-Wall -Wpointer-arith -Wendif-labels -Wmissing-format-attribute -Wimplicit-fallthrough=3 -Wcast-function-type -Wshadow=compatible-local -Wformat-security -fno-strict-aliasing -fwrapv -O2'
CXXFLAGS_SL_MODULE=' -fvisibility=hidden -fvisibility-inlines-hidden'
DBTOEPUB=''
DEFS='-DHAVE_CONFIG_H'
DLSUFFIX='.so'
DTRACE=''
DTRACEFLAGS=''
ECHO_C=''
ECHO_N='-n'
ECHO_T=''
EGREP='/usr/bin/grep -E'
EXEEXT=''
FLEX='/usr/bin/flex'
FLEXFLAGS=''
FOP=''
GCC='yes'
GCOV=''
GENHTML=''
GREP='/usr/bin/grep'
ICU_CFLAGS=''
ICU_LIBS=''
INCLUDES=''
INSTALL_DATA='${INSTALL} -m 644'
INSTALL_PROGRAM='${INSTALL}'
INSTALL_SCRIPT='${INSTALL}'
LCOV=''
LDAP_LIBS_BE=''
LDAP_LIBS_FE=''
LDFLAGS='  -Wl,--as-needed'
LDFLAGS_EX=''
LDFLAGS_EX_BE=' -Wl,--export-dynamic'
LDFLAGS_SL=''
LIBOBJS=' ${LIBOBJDIR}getpeereid$U.o ${LIBOBJDIR}strlcat$U.o ${LIBOBJDIR}strlcpy$U.o'
LIBS='-lz -lreadline -lm '
LLVM_BINPATH=''
LLVM_CFLAGS=''
LLVM_CONFIG=''
LLVM_CPPFLAGS=''
LLVM_CXXFLAGS=''
LLVM_LIBS=''
LN_S='ln -s'
LTLIBOBJS=' ${LIBOBJDIR}getpeereid$U.lo ${LIBOBJDIR}strlcat$U.lo ${LIBOBJDIR}strlcpy$U.lo'
LZ4=''
LZ4_CFLAGS=''
LZ4_LIBS=''
MKDIR_P='/usr/bin/mkdir -p'
MSGFMT=''
MSGFMT_FLAGS=''
MSGMERGE=''
OBJEXT='o'
OPENSSL='/usr/bin/openssl'
PACKAGE_BUGREPORT='pgsql-bugs@lists.postgresql.org'
PACKAGE_NAME='PostgreSQL'
PACKAGE_STRING='PostgreSQL 16.6'
PACKAGE_TARNAME='postgresql'
PACKAGE_URL='https://www.postgresql.org/'
PACKAGE_VERSION='16.6'
PATH_SEPARATOR=':'
PERL='/usr/bin/perl'
PERMIT_DECLARATION_AFTER_STATEMENT='-Wno-declaration-after-statement'
PG_CRC32C_OBJS='pg_crc32c_sse42.o pg_crc32c_sb8.o pg_crc32c_sse42_choose.o'
PG_MAJORVERSION='16'
PG_SYSROOT=''
PG_VERSION_NUM='160006'
PKG_CONFIG=''
PKG_CONFIG_LIBDIR=''
PKG_CONFIG_PATH=''
PORTNAME='linux'
PROVE=''
PTHREAD_CC='gcc'
PTHREAD_CFLAGS='-pthread -D_REENTRANT -D_THREAD_SAFE'
PTHREAD_LIBS=''
PYTHON=''
SED='/usr/bin/sed'
SHELL='/bin/bash'
STRIP='strip'
STRIP_SHARED_LIB='strip --strip-unneeded'
STRIP_STATIC_LIB='strip --strip-unneeded'
SUN_STUDIO_CC='no'
TAR='/usr/bin/tar'
TAS=''
TCLSH=''
TCL_CONFIG_SH=''
TCL_INCLUDE_SPEC=''
TCL_LIBS=''
TCL_LIB_SPEC=''
TCL_SHARED_BUILD=''
UUID_LIBS=''
WANTED_LANGUAGES=''
WINDRES=''
XGETTEXT=''
XML2_CFLAGS=''
XML2_CONFIG=''
XML2_LIBS=''
XMLLINT=''
XSLTPROC=''
ZIC=''
ZSTD=''
ZSTD_CFLAGS=''
ZSTD_LIBS=''
ac_ct_CC='gcc'
ac_ct_CXX='g++'
autodepend=''
ax_pthread_config=''
bindir='${exec_prefix}/bin'
build='x86_64-pc-linux-gnu'
build_alias=''
build_cpu='x86_64'
build_os='linux-gnu'
build_vendor='pc'
datadir='${datarootdir}'
datarootdir='${prefix}/share'
default_port='5432'
docdir='${datarootdir}/doc/${PACKAGE_TARNAME}'
dvidir='${docdir}'
enable_coverage='no'
enable_debug='no'
enable_dtrace='no'
enable_nls='no'
enable_rpath='yes'
enable_tap_tests='no'
enable_thread_safety='yes'
exec_prefix='${prefix}'
host='x86_64-pc-linux-gnu'
host_alias=''
host_cpu='x86_64'
host_os='linux-gnu'
host_vendor='pc'
htmldir='${docdir}'
includedir='${prefix}/include'
infodir='${datarootdir}/info'
install_bin='/usr/bin/install -c'
krb_srvtab=''
libdir='${exec_prefix}/lib'
libexecdir='${exec_prefix}/libexec'
localedir='${datarootdir}/locale'
localstatedir='${prefix}/var'
mandir='${datarootdir}/man'
oldincludedir='/usr/include'
pdfdir='${docdir}'
perl_archlibexp=''
perl_embed_ccflags=''
perl_embed_ldflags=''
perl_includespec=''
perl_privlibexp=''
perl_useshrplib=''
prefix='/home/james/csi3130_project-1/.pg16-install'
program_transform_name='s,x,x,'
psdir='${docdir}'
python_additional_libs=''
python_includespec=''
python_libdir=''
python_libspec=''
python_majorversion=''
python_version=''
sbindir='${exec_prefix}/sbin'
sharedstatedir='${prefix}/com'
sysconfdir='${prefix}/etc'
target_alias=''
vpath_build='no'
with_gssapi='no'
with_icu='no'
with_krb_srvnam='postgres'
with_ldap='no'
with_libxml='no'
with_libxslt='no'
with_llvm='no'
with_lz4='no'
with_perl='no'
with_python='no'
with_readline='yes'
with_selinux='no'
with_ssl='no'
with_system_tzdata=''
with_systemd='no'
with_tcl='no'
with_uuid='no'
with_zlib='yes'
with_zstd='no'

## ----------- ##
## confdefs.h. ##
## ----------- ##

/* confdefs.h */
#define PACKAGE_NAME "PostgreSQL"
#define PACKAGE_TARNAME "postgresql"
#define PACKAGE_VERSION "16.6"
#define PACKAGE_STRING "PostgreSQL 16.6"
#define PACKAGE_BUGREPORT "pgsql-bugs@lists.postgresql.org"
#define PACKAGE_URL "https://www.postgresql.org/"
#define CONFIGURE_ARGS " '--prefix=/home/james/csi3130_project-1/.pg16-install' '--without-icu'"
#define PG_MAJORVERSION "16"
#define PG_MAJORVERSION_NUM 16
#define PG_MINORVERSION_NUM 6
#define PG_VERSION "16.6"
#define DEF_PGPORT 5432
#define DEF_PGPORT_STR "5432"
#define BLCKSZ 8192
#define RELSEG_SIZE 131072
#define XLOG_BLCKSZ 8192
#define HAVE_VISIBILITY_ATTRIBUTE 1
#define DLSUFFIX ".so"
#define ENABLE_THREAD_SAFETY 1
#define PG_KRB_SRVNAM "postgres"
#define STDC_HEADERS 1
#define HAVE_SYS_TYPES_H 1
#define HAVE_SYS_STAT_H 1
#define HAVE_STDLIB_H 1
#define HAVE_STRING_H 1
#define HAVE_MEMORY_H 1
#define HAVE_STRINGS_H 1
#define HAVE_INTTYPES_H 1
#define HAVE_STDINT_H 1
#define HAVE_UNISTD_H 1
#define HAVE_PTHREAD_PRIO_INHERIT 1
#define HAVE_PTHREAD 1
#define HAVE_STRERROR_R 1
#define HAVE_LIBM 1
#define HAVE_LIBREADLINE 1
#define HAVE_LIBZ 1
#define HAVE_SPINLOCKS 1
#define HAVE_ATOMICS 1
#define HAVE__BOOL 1
#define HAVE_STDBOOL_H 1
#define HAVE_EXECINFO_H 1
#define HAVE_GETOPT_H 1
#define HAVE_IFADDRS_H 1
#define HAVE_LANGINFO_H 1
#define HAVE_SYS_EPOLL_H 1
#define HAVE_SYS_PERSONALITY_H 1
#define HAVE_SYS_PRCTL_H 1
#define HAVE_SYS_SIGNALFD_H 1
#define HAVE_TERMIOS_H 1
#define HAVE_READLINE_READLINE_H 1
#define HAVE_READLINE_HISTORY_H 1
#define PG_PRINTF_ATTRIBUTE gnu_printf
#define HAVE__STATIC_ASSERT 1
#define HAVE_TYPEOF 1
#define HAVE__BUILTIN_TYPES_COMPATIBLE_P 1
#define HAVE__BUILTIN_CONSTANT_P 1
#define HAVE__BUILTIN_UNREACHABLE 1
#define HAVE_COMPUTED_GOTO 1
#define HAVE_STRUCT_TM_TM_ZONE 1
#define HAVE_SOCKLEN_T 1
#define HAVE_LOCALE_T 1
#define restrict __restrict
#define pg_restrict __restrict
#define HAVE_STRUCT_OPTION 1
#define HAVE_X86_64_POPCNTQ 1
#define SIZEOF_OFF_T 8
#define SIZEOF_BOOL 1
#define PG_USE_STDBOOL 1
#define HAVE_INT_TIMEZONE 1
#define HAVE_BACKTRACE_SYMBOLS 1
#define HAVE_GETIFADDRS 1
#define HAVE_INET_PTON 1
#define HAVE_POSIX_FALLOCATE 1
#define HAVE_PPOLL 1
#define HAVE_STRCHRNUL 1
#define HAVE_STRSIGNAL 1
#define HAVE_SYNCFS 1
#define HAVE_SYNC_FILE_RANGE 1
#define HAVE_USELOCALE 1
#define HAVE__BUILTIN_BSWAP16 1
#define HAVE__BUILTIN_BSWAP32 1
#define HAVE__BUILTIN_BSWAP64 1
#define HAVE__BUILTIN_CLZ 1
#define HAVE__BUILTIN_CTZ 1
#define HAVE__BUILTIN_POPCOUNT 1
#define HAVE__BUILTIN_FRAME_ADDRESS 1
#define HAVE_FSEEKO 1
#define HAVE_POSIX_FADVISE 1
#define HAVE_DECL_POSIX_FADVISE 1
#define HAVE_DECL_FDATASYNC 1
#define HAVE_DECL_STRLCAT 0
#define HAVE_DECL_STRLCPY 0
#define HAVE_DECL_STRNLEN 1
#define HAVE_DECL_PREADV 1
#define HAVE_DECL_PWRITEV 1
#define HAVE_DECL_F_FULLFSYNC 0
#define HAVE_EXPLICIT_BZERO 1
#define HAVE_GETOPT 1
#define HAVE_INET_ATON 1
#define HAVE_MKDTEMP 1
#define HAVE_STRNLEN 1
#define HAVE_PTHREAD_BARRIER_WAIT 1
#define HAVE_GETOPT_LONG 1
#define HAVE_SYSLOG 1
#define HAVE_INT_OPTERR 1
#define HAVE_RL_COMPLETION_SUPPRESS_QUOTE 1
#define HAVE_RL_FILENAME_QUOTE_CHARACTERS 1
#define HAVE_RL_FILENAME_QUOTING_FUNCTION 1
#define HAVE_APPEND_HISTORY 1
#define HAVE_HISTORY_TRUNCATE_FILE 1
#define HAVE_RL_COMPLETION_MATCHES 1
#define HAVE_RL_FILENAME_COMPLETION_FUNCTION 1
#define HAVE_RL_RESET_SCREEN_SIZE 1
#define HAVE_RL_VARIABLE_BIND 1
#define HAVE_LONG_INT_64 1
#define PG_INT64_TYPE long int
#define INT64_MODIFIER "l"
#define HAVE__BUILTIN_OP_OVERFLOW 1
#define SIZEOF_VOID_P 8
#define SIZEOF_SIZE_T 8
#define SIZEOF_LONG 8
#define ALIGNOF_SHORT 2
#define ALIGNOF_INT 4
#define ALIGNOF_LONG 8
#define ALIGNOF_DOUBLE 8
#define MAXIMUM_ALIGNOF 8
#define PG_INT128_TYPE __int128
#define ALIGNOF_PG_INT128_TYPE 16
#define HAVE_GCC__SYNC_CHAR_TAS 1
#define HAVE_GCC__SYNC_INT32_TAS 1
#define HAVE_GCC__SYNC_INT32_CAS 1
#define HAVE_GCC__SYNC_INT64_CAS 1
#define HAVE_GCC__ATOMIC_INT32_CAS 1
#define HAVE_GCC__ATOMIC_INT64_CAS 1
#define HAVE__GET_CPUID 1
#define USE_SSE42_CRC32C_WITH_RUNTIME_CHECK 1
#define USE_UNNAMED_POSIX_SEMAPHORES 1
#define USE_SYSV_SHARED_MEMORY 1
#define MEMSET_LOOP_LIMIT 1024
#define PG_VERSION_STR "PostgreSQL 16.6 on x86_64-pc-linux-gnu, compiled by gcc (Ubuntu 11.4.0-1ubuntu1~22.04.3) 11.4.0, 64-bit"
#define PG_VERSION_NUM 160006

configure: exit 0
